<?xml version="1.0" encoding="UTF-8"?><AuditEvent xmlns="http://hl7.org/fhir">
 <id value="example-logout"/>
    <text><status value="generated"/><div xmlns="http://www.w3.org/1999/xhtml"><p><b>Generated Narrative with Details</b></p><p><b>id</b>: example-logout</p><p><b>type</b>: User Authentication (Details: DICOM code 110114 = &#39;User Authentication&#39;, stated as &#39;User Authentication&#39;)</p><p><b>subtype</b>: Logout (Details: DICOM code 110123 = &#39;Logout&#39;, stated as &#39;Logout&#39;)</p><p><b>action</b>: E</p><p><b>recorded</b>: 2013-6-20 19:46:41</p><p><b>outcome</b>: 0</p><blockquote><p><b>agent</b></p><p><b>userId</b>: 95</p><p><b>altId</b>: 601847123</p><p><b>name</b>: Grahame Grieve</p><p><b>requestor</b>: true</p><h3>Networks</h3><table><tr><td>-</td><td><b>Address</b></td><td><b>Type</b></td></tr><tr><td>*</td><td>127.0.0.1</td><td>2</td></tr></table></blockquote><blockquote><p><b>agent</b></p><p><b>role</b>: Source Role ID <span>(Details : {DICOM code &#39;110153&#39; = &#39;Source Role ID&#39;, given as &#39;Source Role ID&#39;})</span></p><p><b>userId</b>: 2.16.840.1.113883.4.2|2.16.840.1.113883.4.2</p><p><b>altId</b>: 6580</p><p><b>requestor</b>: false</p><h3>Networks</h3><table><tr><td>-</td><td><b>Address</b></td><td><b>Type</b></td></tr><tr><td>*</td><td>Workstation1.ehr.familyclinic.com</td><td>1</td></tr></table></blockquote><h3>Sources</h3><table><tr><td>-</td><td><b>Site</b></td><td><b>Identifier</b></td><td><b>Type</b></td></tr><tr><td>*</td><td>Cloud</td><td>hl7connect.healthintersections.com.au</td><td>Web Server (Details: http://hl7.org/fhir/security-source-type code 3 = &#39;Web Server&#39;, stated as &#39;Web Server&#39;)</td></tr></table></div></text><type>
        <system value="http://nema.org/dicom/dicm"/>
        <code value="110114"/>
        <display value="User Authentication"/>
    </type>
    <subtype>
        <system value="http://nema.org/dicom/dicm"/>
        <code value="110123"/>
        <display value="Logout"/>
    </subtype>
    <action value="E"/>
    <recorded value="2013-06-20T23:46:41Z"/>
    <outcome value="0"/>
  <agent>
   	<userId>
		<value value="95"/>
	</userId>
    <altId value="601847123"/>
    <name value="Grahame Grieve"/>
    <requestor value="true"/>
    <network>
      <address value="127.0.0.1"/>
      <type value="2"/>
    </network>
  </agent>
  <agent> <!--   Source active participant, the software making the . AlternativeUserId - Process ID   --> 
    <role> <coding> <system value="http://nema.org/dicom/dicm"/> <code value="110153"/> <display value="Source Role ID"/> </coding> </role> 
    <userId> <value value="2.16.840.1.113883.4.2|2.16.840.1.113883.4.2"/> </userId> 
    <altId value="6580"/> 
    <requestor value="false"/> 
    <network> <address value="Workstation1.ehr.familyclinic.com"/> <type value="1"/> </network> 
  </agent>
  <source>
    <site value="Cloud"/>
    <identifier>
		<value value="hl7connect.healthintersections.com.au"/>
	</identifier>
    <type>
      <system value="http://hl7.org/fhir/security-source-type"/>
      <code value="3"/>
      <display value="Web Server"/>
    </type>
  </source>
</AuditEvent>