<?xml version="1.0" encoding="UTF-8"?><Bundle xmlns="http://hl7.org/fhir">
  <id value="bundle-example"/>
  <!--   this example bundle is a search set   -->
  <meta>
    <lastUpdated value="2014-08-18T01:43:30Z"/>
    <!--   when the search was executed   --> 
  </meta> 
  <type value="searchset"/>  

  <!--   the total number of matches. This is a stupid example - there's a grand total of 3 matches, and 
    we're only going to return the first 1, with a next link, in order to demonstrate what a page link
    looks like   -->
  <total value="3"/>
  <!--   all search sets include the self link - the server's statement of what it thought it was 
    searching on. The client can use this to cross-check whether the server executed what it 
    asked the server to, if it cares   -->
  <link>
    <relation value="self"/>
    <url value="https://example.com/base/MedicationRequest?patient=347&amp;_include=MedicationRequest.medication"/>
  </link>
  <!--   now, the link to the next set of results. The actual URL is entirely at the 
  discretion of the server, and is opaque to the client. Many servers will insert 
  some kind of search instance identifier 
  
  Note that a big set of results will include prev, first, last links as well as next   -->
  <link>
    <relation value="next"/>
    <url value="https://example.com/base/MedicationRequest?patient=347&amp;searchId=ff15fd40-ff71-4b48-b366-09c706bed9d0&amp;page=2"/>
  </link>
  
  <!--   now, the actual entries   -->
  <entry>
    <fullUrl value="https://example.com/base/MedicationRequest/3123"/>
    <!--   the matching resource   -->
    <resource>
      <MedicationRequest>
        <id value="3123"/>
        <!--   snip   -->
        <text><status value="generated"/><div xmlns="http://www.w3.org/1999/xhtml"><p><b>Generated Narrative with Details</b></p><p><b>id</b>: 3123</p><p><b>stage</b>: original-order <span>(Details : {[not stated] code &#39;original-order&#39; = &#39;original-order)</span></p><p><b>medication</b>: <a>Medication/example</a></p><p><b>patient</b>: <a>Patient/347</a></p></div></text><stage>
          <coding>
            <code value="original-order"/>
          </coding>
        </stage>
	<medicationReference>
          <reference value="Medication/example"/>
        </medicationReference>
        <patient>
          <reference value="Patient/347"/>
        </patient>
        <!--   snip   -->
      </MedicationRequest>
    </resource>
    <!--   and now optional search information   -->
    <search>
      <!--   this resource included as a match to the search criteria.
         Servers are not required to populate this, but should, because
         there are a few cases where it might be ambiguous whether a 
         resource is added because it's a match or an include           -->   
      <mode value="match"/> 
      <!--   score. For matches where the criteria are not determinate,
        e.g. text search on narrative, the server can include a score to indicate
        how well the resource matches the conditions. Since this search is by patient
        identifier, there's nothing fuzzy about it, but for example purposes:   -->
      <score value="1"/>
    </search>
  </entry>
  <entry>
    <fullUrl value="https://example.com/base/Medication/example"/>
    <resource>
      <Medication>
        <id value="example"/>
        <!--   snip   -->
      <text><status value="generated"/><div xmlns="http://www.w3.org/1999/xhtml"><p><b>Generated Narrative with Details</b></p><p><b>id</b>: example</p></div></text></Medication>
    </resource>
    <search>
      <!--   added because the client asked to include the medications   -->   
      <mode value="include"/> 
    </search>
  </entry>
</Bundle>