<?xml version="1.0" encoding="UTF-8"?><Condition xmlns="http://hl7.org/fhir">
  <id value="f202"/>
  <text><status value="generated"/><div xmlns="http://www.w3.org/1999/xhtml"><p><b>Generated Narrative with Details</b></p><p><b>id</b>: f202</p><p><b>clinicalStatus</b>: active</p><p><b>verificationStatus</b>: confirmed</p><p><b>category</b>: Encounter Diagnosis <span>(Details : {http://hl7.org/fhir/condition-category code &#39;encounter-diagnosis&#39; = &#39;Encounter Diagnosis)</span></p><p><b>severity</b>: Severe <span>(Details : {SNOMED CT code &#39;24484000&#39; = &#39;Severe (severity modifier) (qualifier value)&#39;, given as &#39;Severe&#39;})</span></p><p><b>code</b>: Malignant neoplastic disease <span>(Details : {SNOMED CT code &#39;363346000&#39; = &#39;Malignant neoplastic disease (disorder)&#39;, given as &#39;Malignant neoplastic disease&#39;})</span></p><p><b>bodySite</b>: Entire head and neck <span>(Details : {SNOMED CT code &#39;361355005&#39; = &#39;Entire head and neck (body structure)&#39;, given as &#39;Entire head and neck&#39;})</span></p><p><b>subject</b>: <a>Roel</a></p><p><b>onset</b>: 52 years<span> (Details: UCUM code a = &#39;a&#39;)</span></p><p><b>assertedDate</b>: 2012-12-1</p><h3>Evidences</h3><table><tr><td>-</td><td><b>Detail</b></td></tr><tr><td>*</td><td><a>Erasmus&#39; diagnostic report of Roel&#39;s tumor</a></td></tr></table></div></text><clinicalStatus value="active"/>
  <verificationStatus value="confirmed"/>
  <category>
    <coding>
      <system value="http://hl7.org/fhir/condition-category"/>
      <code value="encounter-diagnosis"/>
    </coding>
  </category>
  <severity>
    <coding>
      <system value="http://snomed.info/sct"/>
      <code value="24484000"/>
      <display value="Severe"/>
    </coding>
  </severity>
  <code>
    <!--  The problem is a malignant tumor  -->
    <coding>
      <system value="http://snomed.info/sct"/>
      <code value="363346000"/>
      <display value="Malignant neoplastic disease"/>
    </coding>
  </code>
  <bodySite>
    <!--  Head and neck malignancy  -->
    <coding>
      <system value="http://snomed.info/sct"/>
      <code value="361355005"/>
      <display value="Entire head and neck"/>
    </coding>
  </bodySite>
  <subject>
    <!--  It entails Roel's problem  -->
    <reference value="Patient/f201"/>
    <display value="Roel"/>
  </subject>
  <onsetAge>
    <value value="52"/>
    <unit value="years"/>
    <system value="http://unitsofmeasure.org"/>
    <code value="a"/>
  </onsetAge>
  <assertedDate value="2012-12-01"/>
  <evidence>
    <!--  Problem is confirmed in diagnostic report  -->
    <detail>
      <reference value="DiagnosticReport/f201"/>
      <display value="Erasmus&#39; diagnostic report of Roel&#39;s tumor"/>
    </detail>
  </evidence>
</Condition>