<?xml version="1.0" encoding="UTF-8"?><Condition xmlns="http://hl7.org/fhir">
  <id value="f205"/>
  <text><status value="generated"/><div xmlns="http://www.w3.org/1999/xhtml"><p><b>Generated Narrative with Details</b></p><p><b>id</b>: f205</p><p><b>clinicalStatus</b>: active</p><p><b>verificationStatus</b>: differential</p><p><b>code</b>: Bacterial infectious disease <span>(Details : {SNOMED CT code &#39;87628006&#39; = &#39;Bacterial infectious disease (disorder)&#39;, given as &#39;Bacterial infectious disease&#39;})</span></p><p><b>subject</b>: <a>Roel</a></p><p><b>assertedDate</b>: 2013-4-4</p><p><b>asserter</b>: <a>Practitioner/f201</a></p></div></text><clinicalStatus value="active"/>
  <verificationStatus value="differential"/>
  <code>
    <!--  The problem is a bacterial infection   -->
    <coding>
      <system value="http://snomed.info/sct"/>
      <code value="87628006"/>
      <display value="Bacterial infectious disease"/>
    </coding>
  </code>
  <subject>
    <reference value="Patient/f201"/>
    <display value="Roel"/>
  </subject>
  <assertedDate value="2013-04-04"/>
  <asserter>
    <reference value="Practitioner/f201"/>
  </asserter>
</Condition>