<?xml version="1.0" encoding="UTF-8"?><Condition xmlns="http://hl7.org/fhir">
  <id value="f002"/>
  <text><status value="generated"/><div xmlns="http://www.w3.org/1999/xhtml"><p><b>Generated Narrative with Details</b></p><p><b>id</b>: f002</p><p><b>clinicalStatus</b>: active</p><p><b>verificationStatus</b>: confirmed</p><p><b>category</b>: diagnosis <span>(Details : {SNOMED CT code &#39;439401001&#39; = &#39;Diagnosis (observable entity)&#39;, given as &#39;diagnosis&#39;})</span></p><p><b>severity</b>: Severe <span>(Details : {SNOMED CT code &#39;24484000&#39; = &#39;Severe (severity modifier) (qualifier value)&#39;, given as &#39;Severe&#39;})</span></p><p><b>code</b>: NSCLC - Non-small cell lung cancer <span>(Details : {SNOMED CT code &#39;254637007&#39; = &#39;Non-small cell lung cancer (disorder)&#39;, given as &#39;NSCLC - Non-small cell lung cancer&#39;})</span></p><p><b>bodySite</b>: Thorax <span>(Details : {SNOMED CT code &#39;51185008&#39; = &#39;Thoracic structure&#39;, given as &#39;Thorax&#39;})</span></p><p><b>subject</b>: <a>P. van de Heuvel</a></p><p><b>context</b>: <a>Encounter/f002</a></p><p><b>onset</b>: 2011-5-5</p><p><b>assertedDate</b>: 2012-6-3</p><p><b>asserter</b>: <a>P. van de Heuvel</a></p><h3>Stages</h3><table><tr><td>-</td><td><b>Summary</b></td></tr><tr><td>*</td><td>stage II <span>(Details : {SNOMED CT code &#39;258219007&#39; = &#39;Stage 2 (qualifier value)&#39;, given as &#39;stage II&#39;})</span></td></tr></table><h3>Evidences</h3><table><tr><td>-</td><td><b>Code</b></td></tr><tr><td>*</td><td>CT of thorax <span>(Details : {SNOMED CT code &#39;169069000&#39; = &#39;Computed tomography of chest&#39;, given as &#39;CT of thorax&#39;})</span></td></tr></table></div></text><clinicalStatus value="active"/>
  <verificationStatus value="confirmed"/>
  <category>
    <coding>
      <system value="http://snomed.info/sct"/>
      <code value="439401001"/>
      <display value="diagnosis"/>
    </coding>
  </category>
  <severity>
    <coding>
      <system value="http://snomed.info/sct"/>
      <code value="24484000"/>
      <display value="Severe"/>
    </coding>
  </severity>
  <code>
    <coding>
      <system value="http://snomed.info/sct"/>
      <code value="254637007"/>
      <display value="NSCLC - Non-small cell lung cancer"/>
    </coding>
  </code>
  <bodySite>
    <coding>
      <system value="http://snomed.info/sct"/>
      <code value="51185008"/>
      <display value="Thorax"/>
    </coding>
  </bodySite>
  <subject>
    <reference value="Patient/f001"/>
    <display value="P. van de Heuvel"/>
  </subject>
  <context>
    <reference value="Encounter/f002"/>
  </context>
  <onsetDateTime value="2011-05-05"/>
  <assertedDate value="2012-06-03"/>
  <asserter>
    <reference value="Patient/f001"/>
    <display value="P. van de Heuvel"/>
  </asserter>
  <stage>
    <summary>
      <coding>
        <system value="http://snomed.info/sct"/>
        <code value="258219007"/>
        <display value="stage II"/>
      </coding>
    </summary>
  </stage>
  <evidence>
    <code>
      <coding>
        <system value="http://snomed.info/sct"/>
        <code value="169069000"/>
        <display value="CT of thorax"/>
      </coding>
    </code>
  </evidence>
</Condition>