<?xml version="1.0" encoding="UTF-8"?><Consent xmlns="http://hl7.org/fhir">
  <id value="consent-example-basic"/>

  <text>
    <status value="generated"/>
    <div xmlns="http://www.w3.org/1999/xhtml">
    <p>
	Authorize Normal access for Treatment
	</p><p>
    Patient &quot;P. van de Heuvel&quot; wishes to have all of the PHI collected at the Good Health Psychiatric Hospital 
   available for normal treatment use.
   </p>
   </div>
  </text>

  <status value="active"/>
    
  <dateTime value="2016-05-11"/>
 <!--  bound by a timeframe between 1964 and 2016 - consent.applies  -->
	 <period>
		  <start value="1964-01-01"/>
		  <end value="2016-01-01"/>
	 </period>
	 
  <patient>
    <reference value="Patient/f001"/>
    <display value="P. van de Heuvel"/>
  </patient>

  <organization>
     <reference value="Organization/Infoway"/>
	  <display value="Canada Infoway"/>
  </organization>

  <!--  the terms of the consent as signed by the patient in ink  -->
  <sourceAttachment>
	  <title value="The terms of the consent in lawyer speak."/>
	  <!--  likely use url pointer to common text  -->
	</sourceAttachment>

  <!--  this is plain out opt-out with no exceptions  -->
  <policy value="http://goodhealth.org/consent/policy/opt-out"/>  

</Consent>