<?xml version="1.0" encoding="UTF-8"?><DiagnosticRequest xmlns="http://hl7.org/fhir">
	<id value="di"/>
	<!--  	<extension url="http://hl7.org/fhir/StructureDefinition/bodysitecode">
		<valueCodeableConcept>
			<coding>
				<system value="http://snomed.info/sct"/>
				<code value="51185008"/>
				<display value="Thoracic structure"/>
			</coding>
		</valueCodeableConcept>
</extension>
	  -->
	<text><status value="generated"/><div xmlns="http://www.w3.org/1999/xhtml"><p><b>Generated Narrative with Details</b></p><p><b>id</b>: di</p><p><b>status</b>: active</p><p><b>intent</b>: original-order</p><p><b>code</b>: Chest CT <span>(Details : {LOINC code &#39;24627-2&#39; = &#39;Chest CT)</span></p><p><b>subject</b>: <a>Patient/dicom</a></p><p><b>occurrence</b>: 2013-5-8 9:33:27</p><p><b>requester</b>: <a>Dr. Adam Careful</a></p><p><b>reasonCode</b>: Check for metastatic disease <span>(Details )</span></p></div></text><status value="active"/>
	<intent value="original-order"/>
	<code>
		<coding>
			<system value="http://loinc.org"/>
			<code value="24627-2"/>
		</coding>
		<text value="Chest CT"/>
	</code>
	<subject>
		<reference value="Patient/dicom"/>
	</subject>
	<occurrenceDateTime value="2013-05-08T09:33:27+07:00"/>
	<requester>
		<reference value="Practitioner/example"/>
		<display value="Dr. Adam Careful"/>
	</requester>
	<reasonCode>
		<text value="Check for metastatic disease"/>
	</reasonCode>
</DiagnosticRequest>