<?xml version="1.0" encoding="UTF-8"?><DiagnosticRequest xmlns="http://hl7.org/fhir">
	<id value="ft4"/>
	<text><status value="generated"/><div xmlns="http://www.w3.org/1999/xhtml"><p><b>Generated Narrative with Details</b></p><p><b>id</b>: ft4</p><p><b>status</b>: active</p><p><b>stage</b>: Reflex Order <span>(Details : {http://hl7.org/fhir/request-stage code &#39;reflex-order&#39; = &#39;Reflex Order)</span></p><p><b>code</b>: Free T4 <span>(Details : {LOINC code &#39;3024-7&#39; = &#39;Thyroxine (T4) free [Mass/volume] in Serum or Plasma)</span></p><p><b>subject</b>: <a>Patient/pat2</a></p><p><b>occurrence</b>: 2015-8-27 9:33:27</p><p><b>requester</b>: <a>Practitioner/example</a></p></div></text><status value="active"/>
	<stage>
		<coding>
			<system value="http://hl7.org/fhir/request-stage"/>
			<code value="reflex-order"/>
		</coding>
	</stage>
	<code>
		<coding>
			<system value="http://loinc.org"/>
			<code value="3024-7"/>
		</coding>
		<text value="Free T4"/>
	</code>
	<subject>
		<reference value="Patient/pat2"/>
	</subject>
	<occurrenceDateTime value="2015-08-27T09:33:27+07:00"/>
	<requester>
		<reference value="Practitioner/example"/>
	</requester>
</DiagnosticRequest>