<?xml version="1.0" encoding="UTF-8"?><DiagnosticReport xmlns="http://hl7.org/fhir">
	<id value="example-pgx"/>
	<text><status value="generated"/><div xmlns="http://www.w3.org/1999/xhtml"><p><b>Generated Narrative with Details</b></p><p><b>id</b>: example-pgx</p><p><b>status</b>: final</p><p><b>code</b>: Pharmacogenetics Report <span>(Details : {https://system/PGxReport code &#39;PGxReport&#39; = &#39;PGxReport&#39;, given as &#39;Pharmacogenetics Report&#39;})</span></p><p><b>subject</b>: <a>Bob Smith</a></p><p><b>effective</b>: 2016-10-15 12:34:56</p><p><b>issued</b>: 2016-10-20 14:00:05</p><p><b>performer</b>: <a>Organization/4829</a></p><p><b>request</b>: <a>DiagnosticRequest/example-pgx</a></p><p><b>result</b>: <a>Observation/example-phenotype</a></p><p><b>presentedForm</b>: </p></div></text><status value="final"/>
	<subject>
		<reference value="Patient/899962"/>
		<display value="Bob Smith"/>
	</subject>
	<code>
		<coding>
			<system value="https://system/PGxReport"/>
			<code value="PGxReport"/>
			<display value="Pharmacogenetics Report"/>
		</coding>
		<text value="Pharmacogenetics Report"/>
	</code>
	<effectiveDateTime value="2016-10-15T12:34:56+11:00"/>
	<issued value="2016-10-20T14:00:05+11:00"/>
	<performer>
		<reference value="Organization/4829"/>
	</performer>
	<request>
		<reference value="DiagnosticRequest/example-pgx"/>
	</request>
	<result>
		<reference value="Observation/example-phenotype"/>
	</result>
	<presentedForm>
		<contentType value="PDF"/>
		<language value="en-us"/>
		<data value="&lt;pdfInBase64Binary&gt;"/>
		<hash value="&lt;base64Binary&gt;"/>
		<title value="Pharmacogenetics Report"/>
		<creation value="2016-10-20T20:00:00+11:00"/>
	</presentedForm>
</DiagnosticReport>