<?xml version="1.0" encoding="UTF-8"?><DiagnosticRequest xmlns="http://hl7.org/fhir">
	<id value="example-pgx"/>
	<text><status value="generated"/><div xmlns="http://www.w3.org/1999/xhtml"><p><b>Generated Narrative with Details</b></p><p><b>id</b>: example-pgx</p><p><b>status</b>: active</p><p><b>intent</b>: original-order</p><p><b>code</b>: CYP2D6 gene targeted mutation analysis <span>(Details : {LOINC code &#39;47403-1&#39; = &#39;CYP2D6 gene mutation analysis in Blood or Tissue by Molecular genetics method Narrative&#39;, given as &#39;CYP2D6 gene targeted mutation analysis&#39;})</span></p><p><b>subject</b>: <a>Patient/899962</a></p><p><b>authoredOn</b>: 2016-10-10 15:00:00</p><p><b>requester</b>: <a>Practitioner/12345</a></p></div></text><status value="active"/>
	<intent value="original-order"/>
	<code>
		<coding>
			<system value="http://loinc.org"/>
			<code value="47403-1"/>
			<display value="CYP2D6 gene targeted mutation analysis"/>
		</coding>
	</code>
	<subject>
		<reference value="Patient/899962"/>
	</subject>
	<authoredOn value="2016-10-10T15:00:00-07:00"/>
	<requester>
		<reference value="Practitioner/12345"/>
	</requester>
</DiagnosticRequest>