<?xml version="1.0" encoding="UTF-8"?><MedicationRequest xmlns="http://hl7.org/fhir">
  <id value="medrx0313"/>
    <text><status value="generated"/><div xmlns="http://www.w3.org/1999/xhtml"><p><b>Generated Narrative with Details</b></p><p><b>id</b>: medrx0313</p><p><b>identifier</b>: 12345689 (OFFICIAL)</p><p><b>status</b>: completed</p><p><b>stage</b>: original-order <span>(Details : {[not stated] code &#39;original-order&#39; = &#39;original-order)</span></p><p><b>medication</b>: Azithromycin 250mg capsule (product) <span>(Details : {SNOMED CT code &#39;324252006&#39; = &#39;Azithromycin 250mg capsule (product)&#39;, given as &#39;Azithromycin 250mg capsule (product)&#39;})</span></p><p><b>patient</b>: <a>Donald Duck</a></p><p><b>dateWritten</b>: 2015-1-15</p><p><b>prescriber</b>: <a>Patrick Pump</a></p><p><b>reasonCode</b>: Traveller&#39;s Diarrhea (disorder) <span>(Details : {SNOMED CT code &#39;11840006&#39; = &#39;Traveler&#39;s diarrhea&#39;, given as &#39;Traveller&#39;s Diarrhea (disorder)&#39;})</span></p><p><b>dosageInstruction</b>: </p><h3>DispenseRequests</h3><table><tr><td>-</td><td><b>ValidityPeriod</b></td><td><b>Quantity</b></td><td><b>ExpectedSupplyDuration</b></td></tr><tr><td>*</td><td>2015-1-15 --&gt; 2016-1-15</td><td>5 Tab<span> (Details: http://hl7.org/fhir/ValueSet/v3-orderableDrugForm code Tab = &#39;Tab&#39;)</span></td><td>5 days<span> (Details: UCUM code d = &#39;d&#39;)</span></td></tr></table><p><b>priorPrescription</b>: <a>Vancomycin IV</a></p></div></text><identifier>
        <use value="official"/>
        <system value="http://www.bmc.nl/portal/prescriptions"/>
        <value value="12345689"/>
    </identifier>
    <status value="completed"/>
    <stage>
        <coding>
            <code value="original-order"/>
        </coding>
    </stage>
    <medicationCodeableConcept>
        <coding>
            <system value="http://snomed.info/sct"/>
            <code value="324252006"/>
            <display value="Azithromycin 250mg capsule (product)"/>
        </coding>
    </medicationCodeableConcept>
    <patient> <!--   Linked to the resource patient who needs the medication   -->
        <reference value="Patient/pat1"/>
        <display value="Donald Duck"/>           
    </patient>
    <dateWritten value="2015-01-15"/>
    <prescriber> <!--   Linked to the practitioner who treats patient   -->
        <reference value="Practitioner/f007"/>
        <display value="Patrick Pump"/>
    </prescriber>
    <reasonCode>
        <coding>
            <system value="http://snomed.info/sct"/>
            <code value="11840006"/>
            <display value="Traveller&#39;s Diarrhea (disorder)"/>
        </coding>
    </reasonCode>
    <dosageInstruction>
        <sequence value="1"/>
        <text value="500mg daily for 5 days"/>
        <additionalInstructions>
            <coding>
                <system value="http://snomed.info/sct"/>
                <code value="421984009"/>
                <display value="Until finished - dosing instruction fragment (qualifier value)"/>
            </coding>
        </additionalInstructions>
        <timing>
            <repeat>
                <frequency value="1"/>
                <period value="1"/>
                <periodUnit value="d"/>
            </repeat>
        </timing>
        <route>
            <coding>
                <system value="http://snomed.info/sct"/>
                <code value="26643006"/>
                <display value="Oral Route (qualifier value)"/>
            </coding>
        </route>
        <doseQuantity>
            <value value="500"/>
            <unit value="mg"/>
            <system value="http://unitsofmeasure.org"/>
            <code value="mg"/>
        </doseQuantity>
    </dosageInstruction> 
    <dispenseRequest>
        <validityPeriod>
            <start value="2015-01-15"/>
            <end value="2016-01-15"/> 
        </validityPeriod>
        <quantity>
            <value value="5"/>
            <unit value="Tab"/>
            <system value="http://hl7.org/fhir/ValueSet/v3-orderableDrugForm"/>
            <code value="Tab"/> 
        </quantity>
        <expectedSupplyDuration>
            <value value="5"/>
            <unit value="days"/>
            <system value="http://unitsofmeasure.org"/>
            <code value="d"/>
        </expectedSupplyDuration>
    </dispenseRequest>
    <priorPrescription>
        <reference value="MedicationRequest/medrx0318"/>
            <display value="Vancomycin IV"/>
    </priorPrescription>
</MedicationRequest>