<?xml version="1.0" encoding="UTF-8"?><MedicationAdministration xmlns="http://hl7.org/fhir"> 
  <id value="medadmin0311"/>
  <text><status value="generated"/><div xmlns="http://www.w3.org/1999/xhtml"><p><b>Generated Narrative with Details</b></p><p><b>id</b>: medadmin0311</p><p><b>contained</b>: </p><p><b>status</b>: completed</p><p><b>medication</b>: id: med0304; Alprazolam 0.25mg Oral Tablet <span>(Details : {RxNorm code &#39;308047&#39; = &#39;308047&#39;, given as &#39;Alprazolam 0.25mg Oral Tablet&#39;})</span></p><p><b>patient</b>: <a>Donald Duck</a></p><p><b>effectiveTime</b>: 2015-1-15 22:03:00 --&gt; 2015-1-16 2:03:00</p><p><b>performer</b>: <a>Patrick Pump</a></p><p><b>prescription</b>: <a>MedicationRequest/medrx0305</a></p><p><b>reasonGiven</b>: Dysmenorrhea <span>(Details : {SNOMED CT code &#39;266599000&#39; = &#39;Dysmenorrhea&#39;, given as &#39;Dysmenorrhea&#39;})</span></p><h3>Dosages</h3><table><tr><td>-</td><td><b>Text</b></td><td><b>Route</b></td><td><b>Dose</b></td></tr><tr><td>*</td><td>0.25mg PO every 6-12 hours as needed for menses from Jan 15-20, 2015.  Do not exceed more than 4mg per day</td><td>Oral Route <span>(Details : {SNOMED CT code &#39;26643006&#39; = &#39;Oral route (qualifier value)&#39;, given as &#39;Oral Route&#39;})</span></td><td>1 TAB<span> (Details: http://hl7.org/fhir/ValueSet/v3-orderableDrugForm code TAB = &#39;TAB&#39;)</span></td></tr></table></div></text><contained>
    <Medication>
      <id value="med0304"/>
      <code>
        <coding>
          <system value="http://www.nlm.nih.gov/research/umls/rxnorm"/>
          <code value="308047"/>
          <display value="Alprazolam 0.25mg Oral Tablet"/>
        </coding>
      </code>
    </Medication>
  </contained>
  <status value="completed"/>
  <medicationReference>
    <reference value="#med0304"/>
  </medicationReference>
 <patient>
   <reference value="Patient/pat1"/>
   <display value="Donald Duck"/> 
  </patient>
 <effectiveTimePeriod>
  <start value="2015-01-15T22:03:00+01:00"/>
   <end value="2015-01-16T02:03:00+01:00"/>
</effectiveTimePeriod>
 <performer>
    <reference value="Practitioner/f007"/>
    <display value="Patrick Pump"/>
 </performer>
  <prescription>
    <reference value="MedicationRequest/medrx0305"/>
  </prescription>
  <reasonGiven>
    <coding>
      <system value="http://snomed.info/sct"/>
      <code value="266599000"/>
      <display value="Dysmenorrhea"/>
    </coding>
  </reasonGiven>
  <dosage>
    <text value="0.25mg PO every 6-12 hours as needed for menses from Jan 15-20, 2015.  Do not exceed more than 4mg per day"/>
    <route>
      <coding>
        <system value="http://snomed.info/sct"/>
        <code value="26643006"/>
        <display value="Oral Route"/>
      </coding>
    </route>
    <dose>
      <value value="1"/>
      <unit value="TAB"/>
      <system value="http://hl7.org/fhir/ValueSet/v3-orderableDrugForm"/>
      <code value="TAB"/> 
    </dose>
  </dosage>
</MedicationAdministration>