<?xml version="1.0" encoding="UTF-8"?><MedicationDispense xmlns="http://hl7.org/fhir">
    <id value="meddisp0325"/>
    <text><status value="generated"/><div xmlns="http://www.w3.org/1999/xhtml"><p><b>Generated Narrative with Details</b></p><p><b>id</b>: meddisp0325</p><p><b>status</b>: in-progress</p><p><b>medication</b>: fentanyl 25mcg/hour Patch, Extended Release (Apotex) <span>(Details : {http://hl7.org/fhir/sid/ndc code &#39;60505-7001-2&#39; = &#39;60505-7001-2&#39;, given as &#39;fentanyl 25mcg/hour Patch, Extended Release (Apotex)&#39;})</span></p><p><b>patient</b>: <a>Donald Duck</a></p><p><b>dispenser</b>: <a>Rob van den Berk</a></p><p><b>authorizingPrescription</b>: <a>MedicationRequest/medrx0327</a></p><p><b>type</b>: emergency Fill <span>(Details : {http://hl7.org/fhir/ValueSet/v3-ActPharmacySupplyType code &#39;EF&#39; = &#39;EF&#39;, given as &#39;emergency Fill&#39;})</span></p><p><b>quantity</b>: 5 patch<span> (Details: UCUM code patch = &#39;patch&#39;)</span></p><p><b>daysSupply</b>: 14 Day<span> (Details: UCUM code d = &#39;d&#39;)</span></p><p><b>whenPrepared</b>: 2015-1-15 5:20:00</p><p><b>dosageInstruction</b>: </p></div></text><status value="in-progress"/>
    <medicationCodeableConcept>
        <coding>
            <system value="http://hl7.org/fhir/sid/ndc"/>
            <code value="60505-7001-2"/>
            <display value="fentanyl 25mcg/hour Patch, Extended Release (Apotex)"/>
        </coding>
    </medicationCodeableConcept>
    <patient>
        <reference value="Patient/pat1"/>
        <display value="Donald Duck"/>
    </patient>
    <dispenser>
        <reference value="Practitioner/f006"/>
        <display value="Rob van den Berk"/>
    </dispenser>
    <authorizingPrescription>
        <reference value="MedicationRequest/medrx0327"/>
    </authorizingPrescription>
    <type>
        <coding>
            <system value="http://hl7.org/fhir/ValueSet/v3-ActPharmacySupplyType"/>
            <code value="EF"/>
            <display value="emergency Fill"/>
        </coding>
    </type>
    <quantity>
        <value value="5"/>
        <system value="http://unitsofmeasure.org"/>
        <code value="patch"/>
    </quantity>
    <daysSupply>
        <value value="14"/>
        <unit value="Day"/>
        <system value="http://unitsofmeasure.org"/>
        <code value="d"/>
    </daysSupply>
    <whenPrepared value="2015-01-15T10:20:00Z"/>
    <dosageInstruction>
        <sequence value="1"/>
        <text value="apply one patch three times per week"/>
        <timing>
            <repeat>
                <frequency value="3"/>
                <period value="1"/>
                <periodUnit value="wk"/>
            </repeat>
        </timing>
        <doseQuantity>
            <value value="1"/>
            <unit value="patch"/>
            <system value="http://hl7.org/fhir/v3/orderableDrugForm"/>
            <code value="patch"/>
        </doseQuantity>
    </dosageInstruction>
</MedicationDispense>