<?xml version="1.0" encoding="UTF-8"?><MedicationAdministration xmlns="http://hl7.org/fhir"> 
  <id value="medadmin0313"/>
  <text><status value="generated"/><div xmlns="http://www.w3.org/1999/xhtml"><p><b>Generated Narrative with Details</b></p><p><b>id</b>: medadmin0313</p><p><b>status</b>: completed</p><p><b>medication</b>: Paracetamol 240mg suppository (product) <span>(Details : {SNOMED CT code &#39;322254008&#39; = &#39;Paracetamol 240mg suppository (product)&#39;, given as &#39;Paracetamol 240mg suppository (product)&#39;})</span></p><p><b>patient</b>: <a>Donald Duck</a></p><p><b>effectiveTime</b>: 2015-1-15 22:03:00 --&gt; 2015-1-16 2:03:00</p><p><b>performer</b>: <a>Patrick Pump</a></p><p><b>prescription</b>: <a>MedicationRequest/medrx0324</a></p><p><b>reasonGiven</b>: Emergency <span>(Details : {http://hl7.org/fhir/reason-medication-given code &#39;c&#39; = &#39;Emergency&#39;, given as &#39;Emergency&#39;})</span></p><h3>Dosages</h3><table><tr><td>-</td><td><b>Text</b></td><td><b>Site[x]</b></td><td><b>Dose</b></td></tr><tr><td>*</td><td>Insert one suppository rectally twice daily as needed for fever to a maximim of 3 per day</td><td>Rectum structure <span>(Details : {SNOMED CT code &#39;34402009&#39; = &#39;Rectum structure (body structure)&#39;, given as &#39;Rectum structure&#39;})</span></td><td>240 mg<span> (Details: UCUM code mg = &#39;mg&#39;)</span></td></tr></table></div></text><status value="completed"/>
  <medicationCodeableConcept>
    <coding>
      <system value="http://snomed.info/sct"/>
      <code value="322254008"/>
      <display value="Paracetamol 240mg suppository (product)"/>
    </coding>
  </medicationCodeableConcept>
 <patient>
   <reference value="Patient/pat1"/>
   <display value="Donald Duck"/> 
  </patient>
 <effectiveTimePeriod>
  <start value="2015-01-15T22:03:00+01:00"/>
   <end value="2015-01-16T02:03:00+01:00"/>
</effectiveTimePeriod>
  <performer>
    <reference value="Practitioner/f007"/>
    <display value="Patrick Pump"/>
  </performer>
  <prescription>
    <reference value="MedicationRequest/medrx0324"/>
  </prescription>
  <reasonGiven>
    <coding>
      <system value="http://hl7.org/fhir/reason-medication-given"/>
      <code value="c"/>
      <display value="Emergency"/>
    </coding>
  </reasonGiven>
  <dosage>
    <text value="Insert one suppository rectally twice daily as needed for fever to a maximim of 3 per day"/>
    <siteCodeableConcept>
      <coding>
        <system value="http://snomed.info/sct"/>
        <code value="34402009"/>
        <display value="Rectum structure"/>
      </coding>
    </siteCodeableConcept>
    <dose>
      <value value="240"/>
      <unit value="mg"/>
      <system value="http://unitsofmeasure.org"/>
      <code value="mg"/>
    </dose>
  </dosage>
</MedicationAdministration>