<?xml version="1.0" encoding="UTF-8"?><Medication xmlns="http://hl7.org/fhir">
  <id value="med0307"/>
  <text><status value="generated"/><div xmlns="http://www.w3.org/1999/xhtml"><p><b>Generated Narrative with Details</b></p><p><b>id</b>: med0307</p><p><b>contained</b>: </p><p><b>code</b>: Novolog 100u/ml <span>(Details : {http://hl7.org/fhir/sid/ndc code &#39;0169-7501-11&#39; = &#39;0169-7501-11&#39;, given as &#39;Novolog 100u/ml&#39;})</span></p><p><b>isBrand</b>: true</p><p><b>manufacturer</b>: id: org3; name: Novo Nordisk</p><blockquote><p><b>product</b></p><p><b>form</b>: Injection solution (qualifier value) <span>(Details : {SNOMED CT code &#39;385219001&#39; = &#39;Injection solution (qualifier value)&#39;, given as &#39;Injection solution (qualifier value)&#39;})</span></p><h3>Ingredients</h3><table><tr><td>-</td><td><b>Item[x]</b></td><td><b>Amount</b></td></tr><tr><td>*</td><td>Insulin Aspart (substance) <span>(Details : {SNOMED CT code &#39;325072002&#39; = &#39;Insulin aspart&#39;, given as &#39;Insulin Aspart (substance)&#39;})</span></td><td>100 U<span> (Details: UCUM code U = &#39;U&#39;)</span>/1 mL<span> (Details: UCUM code mL = &#39;mL&#39;)</span></td></tr></table><h3>Batches</h3><table><tr><td>-</td><td><b>LotNumber</b></td><td><b>ExpirationDate</b></td></tr><tr><td>*</td><td>12345</td><td>2019-10-31</td></tr></table></blockquote><blockquote><p><b>package</b></p><p><b>container</b>: Vial <span>(Details : {SNOMED CT code &#39;415818006&#39; = &#39;Vial - unit of product usage (qualifier value)&#39;, given as &#39;Vial&#39;})</span></p><h3>Contents</h3><table><tr><td>-</td><td><b>Item[x]</b></td><td><b>Amount</b></td></tr><tr><td>*</td><td>Insulin Aspart (substance) <span>(Details : {SNOMED CT code &#39;325072002&#39; = &#39;Insulin aspart&#39;, given as &#39;Insulin Aspart (substance)&#39;})</span></td><td>10 mL<span> (Details: UCUM code mL = &#39;mL&#39;)</span></td></tr></table></blockquote></div></text><contained>
    <Organization>
      <id value="org3"/>
      <name value="Novo Nordisk"/>
    </Organization>
  </contained>
  <code>
    <coding>
      <system value="http://hl7.org/fhir/sid/ndc"/>
      <code value="0169-7501-11"/>
      <display value="Novolog 100u/ml"/>
    </coding>
  </code>
  <isBrand value="true"/>
  <manufacturer>
    <reference value="#org3"/>
  </manufacturer>
  <product>
    <form>
      <coding>
        <system value="http://snomed.info/sct"/>
        <code value="385219001"/>
        <display value="Injection solution (qualifier value)"/>
      </coding>
    </form>
    <ingredient>
      <itemCodeableConcept>
        <coding>
          <system value="http://snomed.info/sct"/>
          <code value="325072002"/>
          <display value="Insulin Aspart (substance)"/>
        </coding>
      </itemCodeableConcept>
      <amount>
        <numerator>
          <value value="100"/>
          <system value="http://unitsofmeasure.org"/>
          <code value="U"/>
        </numerator>
        <denominator>
          <value value="1"/>
          <system value="http://unitsofmeasure.org"/>
          <code value="mL"/>
        </denominator>
      </amount>
    </ingredient>
    <batch>
      <lotNumber value="12345"/>
      <expirationDate value="2019-10-31"/>
    </batch>
  </product>
  <package>
    <container>
      <coding>
        <system value="http://snomed.info/sct"/>
        <code value="415818006"/>
        <display value="Vial"/>
      </coding>
    </container>
    <content>
      <itemCodeableConcept>
        <coding>
          <system value="http://snomed.info/sct"/>
          <code value="325072002"/>
          <display value="Insulin Aspart (substance)"/>
        </coding>
      </itemCodeableConcept>
      <amount>
        <value value="10"/>
        <system value="http://unitsofmeasure.org"/>
        <code value="mL"/>
      </amount>
    </content>
  </package>
</Medication>