<?xml version="1.0" encoding="UTF-8"?><Medication xmlns="http://hl7.org/fhir">
  <id value="med0303"/>
  <text><status value="generated"/><div xmlns="http://www.w3.org/1999/xhtml"><p><b>Generated Narrative with Details</b></p><p><b>id</b>: med0303</p><p><b>contained</b>: </p><p><b>code</b>: Alemtuzumab 10mg/ml (Lemtrada) <span>(Details : {RxNorm code &#39;1594660&#39; = &#39;1594660&#39;, given as &#39;Alemtuzumab 10mg/ml (Lemtrada)&#39;})</span></p><p><b>isBrand</b>: true</p><p><b>manufacturer</b>: id: org6; name: Genzyme</p><blockquote><p><b>product</b></p><p><b>form</b>: Injection solution (qualifier vallue) <span>(Details : {SNOMED CT code &#39;385219001&#39; = &#39;Injection solution (qualifier value)&#39;, given as &#39;Injection solution (qualifier vallue)&#39;})</span></p><h3>Ingredients</h3><table><tr><td>-</td><td><b>Item[x]</b></td><td><b>Amount</b></td></tr><tr><td>*</td><td>Alemtuzamab (substance) <span>(Details : {SNOMED CT code &#39;129472003&#39; = &#39;Alemtuzumab&#39;, given as &#39;Alemtuzamab (substance)&#39;})</span></td><td>12 mg<span> (Details: UCUM code mg = &#39;mg&#39;)</span>/1.2 mL<span> (Details: UCUM code mL = &#39;mL&#39;)</span></td></tr></table><h3>Batches</h3><table><tr><td>-</td><td><b>LotNumber</b></td><td><b>ExpirationDate</b></td></tr><tr><td>*</td><td>9494788</td><td>2017-5-22</td></tr></table></blockquote><blockquote><p><b>package</b></p><p><b>container</b>: Vial <span>(Details : {SNOMED CT code &#39;415818006&#39; = &#39;Vial - unit of product usage (qualifier value)&#39;, given as &#39;Vial&#39;})</span></p><h3>Contents</h3><table><tr><td>-</td><td><b>Item[x]</b></td><td><b>Amount</b></td></tr><tr><td>*</td><td>Alemtuzumab 30mg/3mL infusion concentrate (product) <span>(Details : {SNOMED CT code &#39;408596005&#39; = &#39;Alemtuzumab 30mg/3mL infusion concentrate (product)&#39;, given as &#39;Alemtuzumab 30mg/3mL infusion concentrate (product)&#39;})</span></td><td>3 mL<span> (Details: UCUM code mL = &#39;mL&#39;)</span></td></tr></table></blockquote></div></text><contained>
    <Organization>
      <id value="org6"/>
      <name value="Genzyme"/>
    </Organization>
  </contained>
  <code>
    <coding>
      <system value="http://www.nlm.nih.gov/research/umls/rxnorm"/>
      <code value="1594660"/>
      <display value="Alemtuzumab 10mg/ml (Lemtrada)"/>
    </coding>
  </code>
  <isBrand value="true"/>
  <manufacturer>
    <reference value="#org6"/>
  </manufacturer>
  <product>
    <form>
      <coding>
        <system value="http://snomed.info/sct"/>
        <code value="385219001"/>
        <display value="Injection solution (qualifier vallue)"/>
      </coding>
    </form>
    <ingredient>
      <itemCodeableConcept>
        <coding>
          <system value="http://snomed.info/sct"/>
          <code value="129472003"/>
          <display value="Alemtuzamab (substance)"/>
        </coding>
      </itemCodeableConcept>
      <amount>
        <numerator>
          <value value="12"/>
          <system value="http://unitsofmeasure.org"/>
          <code value="mg"/>
        </numerator>
        <denominator>
          <value value="1.2"/>
          <system value="http://unitsofmeasure.org"/>
          <code value="mL"/>
        </denominator>
      </amount>
    </ingredient>
    <batch>
      <lotNumber value="9494788"/>
      <expirationDate value="2017-05-22"/>
    </batch> 
  </product>
  <package>
    <container>
      <coding>
        <system value="http://snomed.info/sct"/>
        <code value="415818006"/>
        <display value="Vial"/>
      </coding>
    </container>
    <content>
      <itemCodeableConcept>
        <coding>
          <system value="http://snomed.info/sct"/>
          <code value="408596005"/>
          <display value="Alemtuzumab 30mg/3mL infusion concentrate (product)"/>
        </coding>
      </itemCodeableConcept>
      <amount>
        <value value="3"/>
        <system value="http://unitsofmeasure.org"/>
        <code value="mL"/>
      </amount>
    </content>
  </package>
</Medication>