<?xml version="1.0" encoding="UTF-8"?><Medication xmlns="http://hl7.org/fhir">
  <id value="med0306"/>
  <text><status value="generated"/><div xmlns="http://www.w3.org/1999/xhtml"><p><b>Generated Narrative with Details</b></p><p><b>id</b>: med0306</p><p><b>contained</b>: </p><p><b>code</b>: Adcetris <span>(Details : {http://hl7.org/fhir/sid/ndc code &#39;51144-050-01&#39; = &#39;51144-050-01&#39;, given as &#39;Adcetris&#39;})</span></p><p><b>isBrand</b>: true</p><p><b>manufacturer</b>: id: org3; name: Seattle Genetics Inc</p><blockquote><p><b>product</b></p><p><b>form</b>: Lyophilized powder for injectable solution (qualifier value)  <span>(Details : {SNOMED CT code &#39;421637006&#39; = &#39;Lyophilised powder for injectable solution&#39;, given as &#39;Lyophilized powder for injectable solution (qualifier value) &#39;})</span></p><h3>Batches</h3><table><tr><td>-</td><td><b>LotNumber</b></td><td><b>ExpirationDate</b></td></tr><tr><td>*</td><td>12345</td><td>2019-10-31</td></tr></table></blockquote></div></text><contained>
    <Organization>
      <id value="org3"/>
      <name value="Seattle Genetics Inc"/>
    </Organization>
  </contained>
  <code>
    <coding>
      <system value="http://hl7.org/fhir/sid/ndc"/>
      <code value="51144-050-01"/>
      <display value="Adcetris"/>
    </coding>
  </code>
  <isBrand value="true"/>
  <manufacturer>
    <reference value="#org3"/>
  </manufacturer>
  <product>
    <form>
      <coding>
        <system value="http://snomed.info/sct"/>
        <code value="421637006"/>
        <display value="Lyophilized powder for injectable solution (qualifier value) "/>
      </coding>
    </form>
    <batch>
      <lotNumber value="12345"/>
      <expirationDate value="2019-10-31"/>
    </batch>
  </product>
</Medication>