<?xml version="1.0" encoding="UTF-8"?><MedicationDispense xmlns="http://hl7.org/fhir">
    <id value="meddisp0331"/>
    <text><status value="generated"/><div xmlns="http://www.w3.org/1999/xhtml"><p><b>Generated Narrative with Details</b></p><p><b>id</b>: meddisp0331</p><p><b>contained</b>: </p><p><b>status</b>: in-progress</p><p><b>medication</b>: Coumadin 2mg tablet. Generated Summary: id: med0352; Coumadin 2mg tablet <span>(Details : {http://hl7.org/fhir/sid/ndc code &#39;0056-0170-70&#39; = &#39;0056-0170-70&#39;, given as &#39;Coumadin 2mg tablet&#39;})</span></p><p><b>patient</b>: <a>Donald Duck</a></p><p><b>dispenser</b>: <a>Rob van den Berk</a></p><p><b>authorizingPrescription</b>: <a>MedicationRequest/medrx0331</a></p><p><b>type</b>: Daily Fill <span>(Details : {http://hl7.org/fhir/ValueSet/v3-ActPharmacySupplyType code &#39;DF&#39; = &#39;DF&#39;, given as &#39;Daily Fill&#39;})</span></p><p><b>quantity</b>: 1 415818006<span> (Details: SNOMED CT code 415818006 = &#39;Vial - unit of product usage (qualifier value)&#39;)</span></p><p><b>daysSupply</b>: 1 Day<span> (Details: UCUM code d = &#39;d&#39;)</span></p><p><b>whenPrepared</b>: 2015-1-15 5:20:00</p><p><b>dosageInstruction</b>: </p></div></text><contained>
        <Medication>
            <id value="med0352"/>
            <code>
                <coding>
                    <system value="http://hl7.org/fhir/sid/ndc"/>
                    <code value="0056-0170-70"/>
                    <display value="Coumadin 2mg tablet"/>
                </coding>
            </code>
        </Medication>
    </contained>
    <status value="in-progress"/>
    <medicationReference>
        <!--   Linked to a RESOURCE Medication   -->
        <reference value="#med0352"/>
        <display value="Coumadin 2mg tablet"/>
    </medicationReference>
    <patient>
        <reference value="Patient/pat1"/>
        <display value="Donald Duck"/>
    </patient>
    <dispenser>
        <reference value="Practitioner/f006"/>
        <display value="Rob van den Berk"/>
    </dispenser>
    <authorizingPrescription>
        <reference value="MedicationRequest/medrx0331"/>
    </authorizingPrescription>
    <type>
        <coding>
            <system value="http://hl7.org/fhir/ValueSet/v3-ActPharmacySupplyType"/>
            <code value="DF"/>
            <display value="Daily Fill"/>
        </coding>
    </type>
    <quantity>
        <value value="1"/>
        <system value="http://snomed.info/sct"/>
        <code value="415818006"/>
    </quantity>
    <daysSupply>
        <value value="1"/>
        <unit value="Day"/>
        <system value="http://unitsofmeasure.org"/>
        <code value="d"/>
    </daysSupply>
    <whenPrepared value="2015-01-15T10:20:00Z"/>
    <dosageInstruction>
        <sequence value="1"/>
        <text value="7mg (=one 5mg tablet PLUS one 2mg tablet) once daily"/>
        <additionalInstructions>
            <text value="Take along with one 2mg Coumadin tablet for a total daily dose of 7mg as prescribed by physician"/>
        </additionalInstructions>
        <timing>
            <repeat>
                <frequency value="1"/>
                <period value="1"/>
                <periodUnit value="d"/>
            </repeat>
        </timing>
        <doseQuantity>
            <value value="2"/>
            <unit value="mg"/>
            <system value="http://unitsofmeasure.org"/>
            <code value="mg"/>
        </doseQuantity>
    </dosageInstruction>
</MedicationDispense>