<?xml version="1.0" encoding="UTF-8"?><Medication xmlns="http://hl7.org/fhir">
  <id value="med0305"/>
  <text><status value="generated"/><div xmlns="http://www.w3.org/1999/xhtml"><p><b>Generated Narrative with Details</b></p><p><b>id</b>: med0305</p><p><b>contained</b>: </p><p><b>code</b>: Timoptic 5mg/ml solution <span>(Details : {http://hl7.org/fhir/sid/ndc code &#39;2501-813-16&#39; = &#39;2501-813-16&#39;, given as &#39;Timoptic 5mg/ml solution&#39;})</span></p><p><b>isBrand</b>: true</p><p><b>manufacturer</b>: id: org5; name: Aton Pharma Inc</p><blockquote><p><b>product</b></p><p><b>form</b>: Opthalmic Solution (qualifier value) <span>(Details : {SNOMED CT code &#39;75359005&#39; = &#39;Timolol maleate&#39;, given as &#39;Opthalmic Solution (qualifier value)&#39;})</span></p><h3>Ingredients</h3><table><tr><td>-</td><td><b>Item[x]</b></td><td><b>Amount</b></td></tr><tr><td>*</td><td>Timolol Maleate (substance) <span>(Details : {SNOMED CT code &#39;75359005&#39; = &#39;Timolol maleate&#39;, given as &#39;Timolol Maleate (substance)&#39;})</span></td><td>5 mg<span> (Details: UCUM code mg = &#39;mg&#39;)</span>/1 mL<span> (Details: UCUM code mL = &#39;mL&#39;)</span></td></tr></table><h3>Batches</h3><table><tr><td>-</td><td><b>LotNumber</b></td><td><b>ExpirationDate</b></td></tr><tr><td>*</td><td>9494788</td><td>2017-5-22</td></tr></table></blockquote><blockquote><p><b>package</b></p><p><b>container</b>: Bottle - unit of product usage (qualifier value) <span>(Details : {SNOMED CT code &#39;419672006&#39; = &#39;Bottle - unit of product usage (qualifier value)&#39;, given as &#39;Bottle - unit of product usage (qualifier value)&#39;})</span></p><h3>Contents</h3><table><tr><td>-</td><td><b>Item[x]</b></td><td><b>Amount</b></td></tr><tr><td>*</td><td>Timolol maleate 0.5% opthalmic solution (product) <span>(Details : {SNOMED CT code &#39;376877002&#39; = &#39;Timolol maleate 0.5% ophthalmic solution (product)&#39;, given as &#39;Timolol maleate 0.5% opthalmic solution (product)&#39;})</span></td><td>10 mL<span> (Details: UCUM code mL = &#39;mL&#39;)</span></td></tr></table></blockquote></div></text><contained>
    <Organization>
      <id value="org5"/>
      <name value="Aton Pharma Inc"/>
    </Organization>
  </contained>
  <code>
    <coding>
      <system value="http://hl7.org/fhir/sid/ndc"/>
      <code value="2501-813-16"/>
      <display value="Timoptic 5mg/ml solution"/>
    </coding>
  </code>
  <isBrand value="true"/>
  <manufacturer>
    <reference value="#org5"/>
  </manufacturer>
  <product>
    <form>
      <coding>
        <system value="http://snomed.info/sct"/>
        <code value="75359005"/>
        <display value="Opthalmic Solution (qualifier value)"/>
      </coding>
    </form>
    <ingredient>
      <itemCodeableConcept>
        <coding>
          <system value="http://snomed.info/sct"/>
          <code value="75359005"/>
          <display value="Timolol Maleate (substance)"/>
        </coding>
      </itemCodeableConcept>
      <amount>
        <numerator>
          <value value="5"/>
          <system value="http://unitsofmeasure.org"/>
          <code value="mg"/>
        </numerator>
        <denominator>
          <value value="1"/>
          <system value="http://unitsofmeasure.org"/>
          <code value="mL"/>
        </denominator>
      </amount>
    </ingredient>
    <batch>
      <lotNumber value="9494788"/>
      <expirationDate value="2017-05-22"/>
    </batch> 
  </product>
  <package>
    <container>
      <coding>
        <system value="http://snomed.info/sct"/>
        <code value="419672006"/>
        <display value="Bottle - unit of product usage (qualifier value)"/>
      </coding>
    </container>
    <content>
      <itemCodeableConcept>
        <coding>
          <system value="http://snomed.info/sct"/>
          <code value="376877002"/>
          <display value="Timolol maleate 0.5% opthalmic solution (product)"/>
        </coding>
      </itemCodeableConcept>
      <amount>
        <value value="10"/>
        <system value="http://unitsofmeasure.org"/>
        <code value="mL"/>
      </amount>
    </content>
  </package>
</Medication>