<?xml version="1.0" encoding="UTF-8"?><MedicationDispense xmlns="http://hl7.org/fhir">
    <id value="meddisp0314"/>
    <text><status value="generated"/><div xmlns="http://www.w3.org/1999/xhtml"><p><b>Generated Narrative with Details</b></p><p><b>id</b>: meddisp0314</p><p><b>contained</b>: </p><p><b>status</b>: completed</p><p><b>medication</b>: id: med0313; Lorazepam 2mg/ml Injectable Solution (Ativan) <span>(Details : {RxNorm code &#39;206819&#39; = &#39;206819&#39;, given as &#39;Lorazepam 2mg/ml Injectable Solution (Ativan)&#39;})</span>; isBrand</p><p><b>patient</b>: <a>Donald Duck </a></p><p><b>dispenser</b>: <a>Rob van den Berk</a></p><p><b>authorizingPrescription</b>: <a>MedicationRequest/medrx0315</a></p><p><b>type</b>: Trial Fill <span>(Details : {http://hl7.org/fhir/ValueSet/v3-ActPharmacySupplyType code &#39;TF&#39; = &#39;TF&#39;, given as &#39;Trial Fill&#39;})</span></p><p><b>quantity</b>: 1 415818005<span> (Details: SNOMED CT code 415818005 = &#39;415818005&#39;)</span></p><p><b>daysSupply</b>: 1 Day<span> (Details: UCUM code d = &#39;d&#39;)</span></p><p><b>whenPrepared</b>: 2015-6-25 7:13:00</p><p><b>whenHandedOver</b>: 2015-6-26 7:13:00</p><p><b>dosageInstruction</b>: </p></div></text><contained>
        <Medication>
            <id value="med0313"/>
            <code>
                <coding>
                    <system value="http://www.nlm.nih.gov/research/umls/rxnorm"/>
                    <code value="206819"/>
                    <display value="Lorazepam 2mg/ml Injectable Solution (Ativan)"/>
                </coding>
            </code>
            <isBrand value="true"/>
            <product>
                <form>
                    <coding>
                        <system value="http://snomed.info/sct"/>
                        <code value="385219001"/>
                        <display value="Injection solution (qualifier value)"/>
                    </coding>
                </form>
                <ingredient>
                    <itemCodeableConcept>
                        <coding>
                            <system value="http://snomed.info/sct"/>
                            <code value="387106007"/>
                            <display value="Lorazepam (substance)"/>
                        </coding>
                    </itemCodeableConcept>
                    <amount>
                        <numerator>
                            <value value="2"/>
                            <system value="http://unitsofmeasure.org"/>
                            <code value="mg"/>
                        </numerator>
                        <denominator>
                            <value value="1"/>
                            <system value="http://unitsofmeasure.org"/>
                            <code value="mL"/>
                        </denominator>
                    </amount>
                </ingredient>
            </product>
        </Medication>
    </contained>
    <status value="completed"/>
    <medicationReference>
        <!--   Linked to a RESOURCE Medication   -->
        <reference value="#med0313"/>
    </medicationReference>
    <patient>
        <reference value="Patient/pat1"/>
        <display value="Donald Duck "/> 
    </patient>
    <dispenser>
        <reference value="Practitioner/f006"/>
        <display value="Rob van den Berk"/>
    </dispenser>
    <authorizingPrescription>
        <reference value="MedicationRequest/medrx0315"/>
    </authorizingPrescription>
    <type>
        <coding>
            <system value="http://hl7.org/fhir/ValueSet/v3-ActPharmacySupplyType"/>
            <code value="TF"/>
            <display value="Trial Fill"/>
        </coding>
    </type>
    <quantity>
        <value value="1"/>
        <system value="http://snomed.info/sct"/>
        <code value="415818005"/>
    </quantity>
    <daysSupply>
        <value value="1"/>
        <unit value="Day"/>
        <system value="http://unitsofmeasure.org"/>
        <code value="d"/>
    </daysSupply>
    <whenPrepared value="2015-06-25T07:13:00+05:00"/>
    <whenHandedOver value="2015-06-26T07:13:00+05:00"/>
    <dosageInstruction>
        <sequence value="1"/>
        <text value="7mg IV over 2-5 minutes every 15 minutes as needed"/>
        <timing>
            <repeat>
                <frequency value="1"/>
                <period value="15"/>
                <periodUnit value="min"/>
            </repeat>
        </timing>
        <asNeededBoolean value="true"/>
        <route>
            <coding>
                <system value="http://snomed.info/sct"/>
                <code value="255560000"/>
                <display value="Intravenous"/>
            </coding>
        </route>
        <method>
            <coding>
                <system value="http://snomed.info/sct"/>
                <code value="420620005"/>
                <display value="Push - dosing instruction imperative (qualifier value)"/>
            </coding>
        </method>
        <doseQuantity>
            <value value="7"/>
            <unit value="mg"/>
            <system value="http://unitsofmeasure.org"/>
            <code value="mg"/> 
        </doseQuantity>
        <rateRange>
            <low>
                <value value="2"/>
                <unit value="min"/>
                <system value="http://unitsofmeasure.org"/>
                <code value="min"/> 
            </low>
            <high>
                <value value="5"/>
                <unit value="min"/>
                <system value="http://unitsofmeasure.org"/>
                <code value="min"/> 
            </high>
        </rateRange>
    </dosageInstruction>
</MedicationDispense>