<?xml version="1.0" encoding="UTF-8"?><MedicationDispense xmlns="http://hl7.org/fhir">
    <id value="meddisp0307"/>
    <text><status value="generated"/><div xmlns="http://www.w3.org/1999/xhtml"><p><b>Generated Narrative with Details</b></p><p><b>id</b>: meddisp0307</p><p><b>status</b>: completed</p><p><b>medication</b>: Myleran 2mg tablet, film coated <span>(Details : {http://hl7.org/fhir/sid/ndc code &#39;76388-713-25&#39; = &#39;76388-713-25&#39;, given as &#39;Myleran 2mg tablet, film coated&#39;})</span></p><p><b>patient</b>: <a>Donald Duck</a></p><p><b>dispenser</b>: <a>Rob van den Berk</a></p><p><b>authorizingPrescription</b>: <a>MedicationRequest/medrx0306</a></p><p><b>type</b>: partial Fill <span>(Details : {http://hl7.org/fhir/v3/ActPharmacySupplyType code &#39;PF&#39; = &#39;PF&#39;, given as &#39;partial Fill&#39;})</span></p><p><b>quantity</b>: 90 TAB<span> (Details: UCUM code TAB = &#39;TAB&#39;)</span></p><p><b>daysSupply</b>: 30 Day<span> (Details: UCUM code d = &#39;d&#39;)</span></p><p><b>whenPrepared</b>: 2015-1-15 5:20:00</p><p><b>whenHandedOver</b>: 2015-1-15 11:20:00</p><p><b>dosageInstruction</b>: </p></div></text><status value="completed"/>
   <medicationCodeableConcept>
           <coding>
               <system value="http://hl7.org/fhir/sid/ndc"/>
               <code value="76388-713-25"/>
               <display value="Myleran 2mg tablet, film coated"/>
           </coding>
   </medicationCodeableConcept>
    <patient>       
        <reference value="Patient/pat1"/>
        <display value="Donald Duck"/>
    </patient>
    <dispenser>
        <reference value="Practitioner/f006"/>
        <display value="Rob van den Berk"/>
    </dispenser>
    <authorizingPrescription>
        <reference value="MedicationRequest/medrx0306"/>
    </authorizingPrescription>
    <type>
        <coding>
            <system value="http://hl7.org/fhir/v3/ActPharmacySupplyType"/>
            <code value="PF"/>
            <display value="partial Fill"/>
        </coding>
    </type>
    <quantity>
        <value value="90"/>
        <system value="http://unitsofmeasure.org"/>
        <code value="TAB"/>
    </quantity>
    <daysSupply>
        <value value="30"/>
        <unit value="Day"/>
        <system value="http://unitsofmeasure.org"/>
        <code value="d"/>
    </daysSupply>
    <whenPrepared value="2015-01-15T10:20:00Z"/>
    <whenHandedOver value="2015-01-15T16:20:00Z"/>    
    <dosageInstruction>
        <sequence value="1"/>
        <text value="Take 3 tablets (6mg) once daily"/>
        <timing>
            <repeat>
                <frequency value="1"/>
                <period value="1"/>
                <periodUnit value="d"/>
            </repeat>
        </timing>
        <doseQuantity>
            <value value="6"/>
            <unit value="mg"/>
            <system value="http://unitsofmeasure.org"/>
            <code value="mg"/>
        </doseQuantity>
    </dosageInstruction>
</MedicationDispense>