<?xml version="1.0" encoding="UTF-8"?><MedicationStatement xmlns="http://hl7.org/fhir">
  <id value="example007"/>
  <text><status value="generated"/><div xmlns="http://www.w3.org/1999/xhtml"><p><b>Generated Narrative with Details</b></p><p><b>id</b>: example007</p><p><b>contained</b>: </p><p><b>status</b>: intended</p><p><b>medication</b>: id: med0315; Mometasone Furoate 0.05mg/Actuat <span>(Details : {RxNorm code &#39;358793&#39; = &#39;358793&#39;, given as &#39;Mometasone Furoate 0.05mg/Actuat&#39;})</span>; </p><p><b>patient</b>: <a>Donald Duck</a></p><p><b>informationSource</b>: <a>Donald Duck</a></p><p><b>dateAsserted</b>: 2015-2-22</p><p><b>notTaken</b>: y</p><p><b>note</b>: patient plans to start using for seasonal allergies in the Spring when pollen is in the air</p></div></text><contained>
    <Medication>
      <id value="med0315"/>
      <code>
        <coding>
          <system value="http://www.nlm.nih.gov/research/umls/rxnorm"/>
          <code value="358793"/>
          <display value="Mometasone Furoate 0.05mg/Actuat"/>
        </coding>
      </code>
      <isBrand value="false"/>
      <product>
        <form>
          <coding>
            <system value="http://snomed.info/sct"/>
            <code value="385157007"/>
            <display value="Nasal Spray"/>
          </coding>
        </form>
      </product>
    </Medication>
  </contained>
  <status value="intended"/>
  <medicationReference> <!--   Linked to a RESOURCE Medication   -->
    <reference value="#med0315"/>
  </medicationReference>
  <patient>
    <reference value="Patient/pat1"/>
    <display value="Donald Duck"/> 
  </patient>
  <informationSource>
    <reference value="Patient/pat1"/>
    <display value="Donald Duck"/> 
  </informationSource>
  <dateAsserted value="2015-02-22"/>
  <notTaken value="y"/>
  <note>
    <text value="patient plans to start using for seasonal allergies in the Spring when pollen is in the air"/>
  </note>
</MedicationStatement>