<?xml version="1.0" encoding="UTF-8"?><Medication xmlns="http://hl7.org/fhir">
  <id value="med0320"/>
  <text><status value="generated"/><div xmlns="http://www.w3.org/1999/xhtml"><p><b>Generated Narrative with Details</b></p><p><b>id</b>: med0320</p><p><b>contained</b>: </p><p><b>code</b>: Azithromycin 250mg capsule (product) <span>(Details : {SNOMED CT code &#39;324252006&#39; = &#39;Azithromycin 250mg capsule (product)&#39;, given as &#39;Azithromycin 250mg capsule (product)&#39;})</span></p><p><b>isBrand</b>: false</p><blockquote><p><b>product</b></p><p><b>form</b>: Tablet dose form (qualifier value) <span>(Details : {SNOMED CT code &#39;385055001&#39; = &#39;Tablet dose form (qualifier value)&#39;, given as &#39;Tablet dose form (qualifier value)&#39;})</span></p><h3>Ingredients</h3><table><tr><td>-</td><td><b>Item[x]</b></td><td><b>Amount</b></td></tr><tr><td>*</td><td>id: sub03; Azithromycin (substance) <span>(Details : {SNOMED CT code &#39;387531004&#39; = &#39;Azithromycin (substance)&#39;, given as &#39;Azithromycin (substance)&#39;})</span></td><td>250 mg<span> (Details: UCUM code mg = &#39;mg&#39;)</span>/1 TAB<span> (Details: http://hl7.org/fhir/v3/orderableDrugForm code TAB = &#39;Tablet&#39;)</span></td></tr></table></blockquote></div></text><contained>
    <Substance>
      <id value="sub03"/>
      <code>
        <coding>
          <system value="http://snomed.info/sct"/>
          <code value="387531004"/>
          <display value="Azithromycin (substance)"/>
        </coding>
      </code>
    </Substance>
  </contained>
  <code>
    <coding>
      <system value="http://snomed.info/sct"/>
      <code value="324252006"/>
      <display value="Azithromycin 250mg capsule (product)"/>
    </coding>
  </code>
  <isBrand value="false"/>
  <product>
    <form>
      <coding>
        <system value="http://snomed.info/sct"/>
        <code value="385055001"/>
        <display value="Tablet dose form (qualifier value)"/>
      </coding>
    </form>
    <ingredient>
      <itemReference>
        <reference value="#sub03"/>
      </itemReference>
      <amount>
        <numerator>
          <value value="250"/>
          <system value="http://unitsofmeasure.org"/>
          <code value="mg"/>
        </numerator>
        <denominator>
          <value value="1"/>
          <system value="http://hl7.org/fhir/v3/orderableDrugForm"/>
          <code value="TAB"/>
        </denominator>
      </amount>
    </ingredient>
  </product>
</Medication>