<?xml version="1.0" encoding="UTF-8"?><MedicationRequest xmlns="http://hl7.org/fhir">
    <id value="medrx0329"/>
    <text><status value="generated"/><div xmlns="http://www.w3.org/1999/xhtml"><p><b>Generated Narrative with Details</b></p><p><b>id</b>: medrx0329</p><p><b>contained</b>: </p><p><b>identifier</b>: 12345689 (OFFICIAL)</p><p><b>status</b>: on-hold</p><p><b>stage</b>: original-order <span>(Details : {[not stated] code &#39;original-order&#39; = &#39;original-order)</span></p><p><b>medication</b>: id: med0319; </p><p><b>patient</b>: <a>Donald Duck</a></p><p><b>dateWritten</b>: 2015-1-15</p><p><b>requester</b>: <a>Patrick Pump</a></p><p><b>dosageInstruction</b>: </p><h3>DispenseRequests</h3><table><tr><td>-</td><td><b>ValidityPeriod</b></td><td><b>NumberOfRepeatsAllowed</b></td><td><b>Quantity</b></td><td><b>ExpectedSupplyDuration</b></td></tr><tr><td>*</td><td>2015-1-15 --&gt; 2016-1-15</td><td>3</td><td>30 g<span> (Details: UCUM code g = &#39;g&#39;)</span></td><td>10 days<span> (Details: UCUM code d = &#39;d&#39;)</span></td></tr></table></div></text><contained>
        <Medication>
            <id value="med0319"/>
            <isBrand value="false"/>
            <product>
                <form>
                    <coding>
                        <system value="http://snomed.info/sct"/>
                        <code value="385101003"/>
                        <display value="Ointment"/>
                    </coding>
                    <text value="Ointment"/>
                </form>
                <ingredient>
                    <itemCodeableConcept>
                        <coding>
                            <system value="http://snomed.info/sct"/>
                            <code value="387253001"/>
                            <display value="Salicyclic Acid (substance)"/>
                        </coding>
                    </itemCodeableConcept>
                    <amount>
                        <numerator>
                            <value value="5"/>
                            <system value="http://unitsofmeasure.org"/>
                            <code value="g"/>
                        </numerator>
                        <denominator>
                            <value value="100"/>
                            <system value="http://unitsofmeasure.org"/>
                            <code value="g"/>
                        </denominator>
                    </amount>
                </ingredient>
                <ingredient>
                    <itemCodeableConcept>
                        <coding>
                            <system value="http://snomed.info/sct"/>
                            <code value="396458002"/>
                            <display value="Salicyclic Acid (substance)"/>
                        </coding>
                    </itemCodeableConcept>
                    <amount>
                        <numerator>
                            <value value="1"/>
                            <system value="http://unitsofmeasure.org"/>
                            <code value="g"/>
                        </numerator>
                        <denominator>
                            <value value="100"/>
                            <system value="http://unitsofmeasure.org"/>
                            <code value="g"/>
                        </denominator>
                    </amount>
                </ingredient>
                <ingredient>
                    <itemCodeableConcept>
                        <coding>
                            <system value="http://snomed.info/sct"/>
                            <code value="126066007"/>
                            <display value="White Petrolatum (substance)"/>
                        </coding>
                    </itemCodeableConcept>
                    <amount>
                        <numerator>
                            <value value="94"/>
                            <system value="http://unitsofmeasure.org"/>
                            <code value="g"/>
                        </numerator>
                        <denominator>
                            <value value="100"/>
                            <system value="http://unitsofmeasure.org"/>
                            <code value="g"/>
                        </denominator>
                    </amount>
                </ingredient>
            </product>
        </Medication>
    </contained>
    <identifier>
        <use value="official"/>
        <system value="http://www.bmc.nl/portal/prescriptions"/>
        <value value="12345689"/>
    </identifier>
    <status value="on-hold"/>
    <stage>
        <coding>
            <code value="original-order"/>
        </coding>
    </stage>
   <medicationReference>
       <reference value="#med0319"/>
   </medicationReference>
    <patient>
        <!--   Linked to the resource patient who needs the medication   -->
        <reference value="Patient/pat1"/>
        <display value="Donald Duck"/>
    </patient>
    <dateWritten value="2015-01-15"/>
    <requester>
        <reference value="Practitioner/f007"/>
        <display value="Patrick Pump"/>
    </requester>
    <dosageInstruction>
        <sequence value="1"/>
        <text value="Apply twice daily to affected area on left arm"/>
        <additionalInstructions>
            <text value="Apply sparingly"/>
        </additionalInstructions>
        <timing>
            <repeat>
                <frequency value="2"/>
                <period value="1"/>
                <periodUnit value="d"/>
            </repeat>
        </timing>
        <site>
            <coding>
                <system value="http://snomed.info/sct"/>
                <code value="72098002"/>
                <display value="Entire left upper arm (body structure)"/>
            </coding>
        </site>
        <route>
            <coding>
                <system value="http://snomed.info/sct"/>
                <code value="359540000"/>
                <display value="Topical (qualifier value)"/>
            </coding>
        </route>
        <doseQuantity>
            <value value="1"/>
            <unit value="ea"/>
            <system value="http://unitsofmeasure.org"/>
            <code value="ea"/>
        </doseQuantity>
    </dosageInstruction>
    <dispenseRequest>
        <validityPeriod>
            <start value="2015-01-15"/>
            <end value="2016-01-15"/>
        </validityPeriod>
        <numberOfRepeatsAllowed value="3"/>
        <quantity>
            <value value="30"/>
            <unit value="g"/>
            <system value="http://unitsofmeasure.org"/>
            <code value="g"/> 
        </quantity>
        <expectedSupplyDuration>
            <value value="10"/>
            <unit value="days"/>
            <system value="http://unitsofmeasure.org"/>
            <code value="d"/> 
        </expectedSupplyDuration>
    </dispenseRequest>   
</MedicationRequest>