<?xml version="1.0" encoding="UTF-8"?><MedicationAdministration xmlns="http://hl7.org/fhir"> 
  <id value="medadmin0312"/>
  <text><status value="generated"/><div xmlns="http://www.w3.org/1999/xhtml"><p><b>Generated Narrative with Details</b></p><p><b>id</b>: medadmin0312</p><p><b>identifier</b>: 12345689 (OFFICIAL)</p><p><b>status</b>: completed</p><p><b>medication</b>: Fentanyl 25micrograms/hour patch (product) <span>(Details : {SNOMED CT code &#39;333919005&#39; = &#39;Fentanyl 25micrograms/hour patch (product)&#39;, given as &#39;Fentanyl 25micrograms/hour patch (product)&#39;})</span></p><p><b>patient</b>: <a>Donald Duck</a></p><p><b>effectiveTime</b>: 2015-1-15 22:03:00 --&gt; 2015-1-16 2:03:00</p><p><b>performer</b>: <a>Patrick Pump</a></p><p><b>prescription</b>: <a>MedicationRequest/medrx0305</a></p><h3>Dosages</h3><table><tr><td>-</td><td><b>Text</b></td><td><b>Dose</b></td></tr><tr><td>*</td><td>apply one patch three times per week</td><td>1 patch<span> (Details: http://hl7.org/fhir/v3/orderableDrugForm code patch = &#39;patch&#39;)</span></td></tr></table></div></text><identifier>
      <use value="official"/>
      <system value="http://www.bmc.nl/portal/administrations"/>
      <value value="12345689"/>
  </identifier>
  <status value="completed"/>
  <medicationCodeableConcept>
    <coding>
      <system value="http://snomed.info/sct"/>
      <code value="333919005"/>
      <display value="Fentanyl 25micrograms/hour patch (product)"/>
    </coding>
  </medicationCodeableConcept>
 <patient>
   <reference value="Patient/pat1"/>
   <display value="Donald Duck"/> 
  </patient>
 <effectiveTimePeriod>
  <start value="2015-01-15T22:03:00+01:00"/>
   <end value="2015-01-16T02:03:00+01:00"/>
</effectiveTimePeriod>
  <performer>
    <reference value="Practitioner/f007"/>
    <display value="Patrick Pump"/>
  </performer>
  <prescription>
    <reference value="MedicationRequest/medrx0305"/>
  </prescription>
  <dosage>
    <text value="apply one patch three times per week"/>
    <dose>
      <value value="1"/>
      <unit value="patch"/>
      <system value="http://hl7.org/fhir/v3/orderableDrugForm"/>
      <code value="patch"/>
    </dose>
  </dosage>

</MedicationAdministration>