<?xml version="1.0" encoding="UTF-8"?><MedicationStatement xmlns="http://hl7.org/fhir">
  <id value="example005"/>
  <text><status value="generated"/><div xmlns="http://www.w3.org/1999/xhtml"><p><b>Generated Narrative with Details</b></p><p><b>id</b>: example005</p><p><b>status</b>: entered-in-error</p><p><b>medication</b>: Amoxicillin (product) <span>(Details : {SNOMED CT code &#39;27658006&#39; = &#39;Amoxicillin (product)&#39;, given as &#39;Amoxicillin (product)&#39;})</span></p><p><b>patient</b>: <a>Donald Duck</a></p><p><b>effective</b>: 2014-1-23</p><p><b>informationSource</b>: <a>Donald Duck</a></p><p><b>dateAsserted</b>: 2015-2-22</p><p><b>notTaken</b>: y</p><p><b>note</b>: Patient indicated that they thought it was Amoxicillin they were taking but it was really Erythromycin</p></div></text><status value="entered-in-error"/>
  <medicationCodeableConcept>
    <coding>
      <system value="http://snomed.info/sct"/>
      <code value="27658006"/>
      <display value="Amoxicillin (product)"/>
    </coding>
  </medicationCodeableConcept>
  <patient>
    <reference value="Patient/pat1"/>
    <display value="Donald Duck"/> 
  </patient>
  <effectiveDateTime value="2014-01-23"/>
  <informationSource>
    <reference value="Patient/pat1"/>
    <display value="Donald Duck"/> 
  </informationSource>
  <dateAsserted value="2015-02-22"/>
  <notTaken value="y"/>
  <note>
    <text value="Patient indicated that they thought it was Amoxicillin they were taking but it was really Erythromycin"/>
  </note>
</MedicationStatement>