<?xml version="1.0" encoding="UTF-8"?><MedicationRequest xmlns="http://hl7.org/fhir">
    <id value="medrx0301"/>
    <text><status value="generated"/><div xmlns="http://www.w3.org/1999/xhtml"><p><b>Generated Narrative with Details</b></p><p><b>id</b>: medrx0301</p><p><b>contained</b>: </p><p><b>identifier</b>: 12345689 (OFFICIAL)</p><p><b>status</b>: active</p><p><b>stage</b>: original-order <span>(Details : {[not stated] code &#39;original-order&#39; = &#39;original-order)</span></p><p><b>medication</b>: id: med0310; Oral Form Oxycodone (product) <span>(Details : {SNOMED CT code &#39;430127000&#39; = &#39;Oral form oxycodone (product)&#39;, given as &#39;Oral Form Oxycodone (product)&#39;})</span></p><p><b>patient</b>: <a>Donald Duck</a></p><p><b>context</b>: <a>encounter who leads to this prescription</a></p><p><b>supportingInformation</b>: <a>Procedure/biopsy</a></p><p><b>dateWritten</b>: 2015-1-15</p><p><b>requester</b>: <a>Patrick Pump</a></p><p><b>reasonCode</b>: Rib Pain (finding) <span>(Details : {SNOMED CT code &#39;297217002&#39; = &#39;Rib pain&#39;, given as &#39;Rib Pain (finding)&#39;})</span></p><p><b>note</b>: Patient told to take with food</p><p><b>category</b>: Inpatient <span>(Details : {http://hl7.org/fhir/medication-request-category code &#39;inpatient&#39; = &#39;Inpatient&#39;, given as &#39;Inpatient&#39;})</span></p><p><b>dosageInstruction</b>: </p><h3>DispenseRequests</h3><table><tr><td>-</td><td><b>ValidityPeriod</b></td><td><b>NumberOfRepeatsAllowed</b></td><td><b>Quantity</b></td><td><b>ExpectedSupplyDuration</b></td></tr><tr><td>*</td><td>2015-1-15 --&gt; 2016-1-15</td><td>1</td><td>30 TAB<span> (Details: http://hl7.org/fhir/ValueSet/v3-orderableDrugForm code TAB = &#39;TAB&#39;)</span></td><td>10 days<span> (Details: UCUM code d = &#39;d&#39;)</span></td></tr></table><h3>Substitutions</h3><table><tr><td>-</td><td><b>Allowed</b></td><td><b>Reason</b></td></tr><tr><td>*</td><td>true</td><td>formulary policy <span>(Details : {http://hl7.org/fhir code &#39;FP&#39; = &#39;FP&#39;, given as &#39;formulary policy&#39;})</span></td></tr></table></div></text><contained>
      <Medication>
          <id value="med0310"/>
          <code>
              <coding>
                  <system value="http://snomed.info/sct"/>
                  <code value="430127000"/>
                  <display value="Oral Form Oxycodone (product)"/>
              </coding>
          </code>
      </Medication>
  </contained>
    <identifier>
        <use value="official"/>
        <system value="http://www.bmc.nl/portal/prescriptions"/>
        <value value="12345689"/>
    </identifier>
    <status value="active"/>
    <stage>
        <coding>
            <code value="original-order"/>
        </coding>
    </stage>
    <medicationReference> <!--   Linked to a RESOURCE Medication   -->
           <reference value="#med0310"/>
    </medicationReference> 
    <patient> <!--   Linked to the resource patient who needs the medication   -->
        <reference value="Patient/pat1"/>
        <display value="Donald Duck"/>           
    </patient>
    <context> <!--   Linked to a resource Encounter between patient and practitioner  -->
        <reference value="Encounter/f001"/>
        <display value="encounter who leads to this prescription"/>
    </context>
    <supportingInformation>
        <reference value="Procedure/biopsy"/>
    </supportingInformation>
    <dateWritten value="2015-01-15"/>
    <requester> <!--   Linked to the practitioner who treats patient   -->
        <reference value="Practitioner/f007"/>
        <display value="Patrick Pump"/>
    </requester>
    <reasonCode>
        <coding>
            <system value="http://snomed.info/sct"/>
            <code value="297217002"/>
            <display value="Rib Pain (finding)"/>
        </coding>
    </reasonCode>
    <note>
        <text value="Patient told to take with food"/>
    </note>
    <category>
        <coding>
            <system value="http://hl7.org/fhir/medication-request-category"/>
            <code value="inpatient"/>
            <display value="Inpatient"/>
        </coding>
    </category>
    <dosageInstruction>
        <sequence value="1"/>
        <text value="one to two tablets every 4-6 hours as needed for rib pain"/>
        <additionalInstructions>
            <coding>
                <system value="http://snomed.info/sct"/>
                <code value="418914006"/>
                <display value="Warning. May cause drowsiness. If affected do not drive or operate machinery. Avoid alcoholic drink (qualifier value)"/>
            </coding>
        </additionalInstructions>
        <timing>
            <repeat>
                <frequency value="1"/>
                <period value="4"/>
                <periodMax value="6"/>
                <periodUnit value="h"/>
            </repeat>
        </timing>
        <asNeededCodeableConcept>
            <coding>
                <system value="http://snomed.info/sct"/>
                <code value="297217002"/>
                <display value="Rib Pain (finding)"/>
            </coding>
        </asNeededCodeableConcept>
        <route>
            <coding>
                <system value="http://snomed.info/sct"/>
                <code value="26643006"/>
                <display value="Oral Route"/>
            </coding>
        </route>
        <method>
            <coding>
                <system value="http://snomed.info/sct"/>
                <code value="421521009"/>
                <display value="Swallow - dosing instruction imperative (qualifier value)"/>
            </coding>
        </method>
       <doseRange>
           <low>
               <value value="1"/>
               <unit value="TAB"/>
               <system value="http://hl7.org/fhir/ValueSet/v3-orderableDrugForm"/>
               <code value="TAB"/> 
           </low>
           <high>
               <value value="2"/>
               <unit value="TAB"/>
               <system value="http://hl7.org/fhir/ValueSet/v3-orderableDrugForm"/>
               <code value="TAB"/> 
           </high>
       </doseRange>
    </dosageInstruction>
    <dispenseRequest>
        <validityPeriod>
            <start value="2015-01-15"/>
            <end value="2016-01-15"/>
        </validityPeriod>
        <numberOfRepeatsAllowed value="1"/>
        <quantity>
            <value value="30"/>
            <unit value="TAB"/>
            <system value="http://hl7.org/fhir/ValueSet/v3-orderableDrugForm"/>
            <code value="TAB"/> 
        </quantity>
        <expectedSupplyDuration>
            <value value="10"/>
            <unit value="days"/>
            <system value="http://unitsofmeasure.org"/>
            <code value="d"/> 
        </expectedSupplyDuration>
    </dispenseRequest>   
    <substitution>
        <allowed value="true"/>
        <reason>
            <coding>
                <system value="http://hl7.org/fhir"/>
                <code value="FP"/>
                <display value="formulary policy"/>             
            </coding>
        </reason>
    </substitution>
</MedicationRequest>