<?xml version="1.0" encoding="UTF-8"?><NutritionRequest xmlns="http://hl7.org/fhir"><!--   id = energysupplement  file name = nutritionrequest-example-energysupplement.xml  Name= Energy Supplement  Description = Nutrition Order Energy Supplement Canonical Example
edited by Eric Haas Health eData Inc
  --><!--  EH  Show all the elements in this examples for preference, and intolerance   --><!--   EH: use supplement element   --><id value="energysupplement"/>
	<text><status value="generated"/><div xmlns="http://www.w3.org/1999/xhtml"><p><b>Generated Narrative with Details</b></p><p><b>id</b>: energysupplement</p><p><b>identifier</b>: 123</p><p><b>status</b>: active</p><p><b>patient</b>: <a>Peter Chalmers</a></p><p><b>encounter</b>: <a>Inpatient</a></p><p><b>dateTime</b>: 2014-9-17</p><p><b>orderer</b>: <a>Dr Adam Careful</a></p><p><b>allergyIntolerance</b>: <a>Cashew Nuts</a></p><p><b>foodPreferenceModifier</b>: Kosher <span>(Details : {http://hl7.org/fhir/diet code &#39;kosher&#39; = &#39;Kosher)</span></p><p><b>excludeFoodModifier</b>: Cashew Nut <span>(Details : {SNOMED CT code &#39;227493005&#39; = &#39;Cashew nut (substance)&#39;, given as &#39;Cashew Nut&#39;})</span></p><h3>Supplements</h3><table><tr><td>-</td><td><b>Type</b></td><td><b>ProductName</b></td><td><b>Schedule</b></td><td><b>Quantity</b></td></tr><tr><td>*</td><td>Adult high energy drink <span>(Details : {SNOMED CT code &#39;442971000124100&#39; = &#39;Adult high energy formula (product)&#39;, given as &#39;Adult high energy formula&#39;}; {http://goodhealthhospital.org/supplement-type-codes code &#39;1010&#39; = &#39;1010&#39;, given as &#39;Adult high energy drink&#39;})</span></td><td>Ensure</td><td>Starting 2015-2-10, Do 3 per 1 days</td><td>1 8 oz can</td></tr></table></div></text><identifier>
		<system value="http://goodhealthhospital.org/nutrition-requests"/>
		<value value="123"/>
	</identifier>
	<status value="active"/>
	<patient>
		<reference value="Patient/example"/>
		<display value="Peter Chalmers"/>
	</patient>
	<encounter>
		<reference value="Encounter/example"/>
		<display value="Inpatient"/>
	</encounter>
	<dateTime value="2014-09-17"/>
	<orderer>
		<reference value="Practitioner/example"/>
		<display value="Dr Adam Careful"/>
	</orderer>
	<allergyIntolerance>
		<reference value="AllergyIntolerance/example"/>
		<display value="Cashew Nuts"/>
	</allergyIntolerance>
	<foodPreferenceModifier>
		<coding>
			<system value="http://hl7.org/fhir/diet"/>
			<code value="kosher"/>
		</coding>
	</foodPreferenceModifier>
	<excludeFoodModifier>
		<coding>
			<system value="http://snomed.info/sct"/>
			<version value="20140730"/>
			<code value="227493005"/>
			<display value="Cashew Nut"/>
		</coding>
	</excludeFoodModifier>
	<supplement>
		<type>
			<coding>
				<system value="http://snomed.info/sct"/>
				<code value="442971000124100"/>
				<display value="Adult high energy formula"/>
			</coding>
			<coding>
				<system value="http://goodhealthhospital.org/supplement-type-codes"/>
				<code value="1010"/>
				<display value="Adult high energy drink"/>
			</coding>
			<text value="Adult high energy drink"/>
		</type>
		<productName value="Ensure"/>
		<!--  EH:  1 8 oz can tid using coded data   -->
		<schedule>
			<repeat>
        <boundsPeriod>
          <start value="2015-02-10"/>
        </boundsPeriod>
				<frequency value="3"/>
				<period value="1"/>
				<periodUnit value="d"/>
			</repeat>
		</schedule>
		<quantity>
			<value value="1"/>
			<unit value="8 oz can"/>
		</quantity>
	</supplement>
</NutritionRequest>