<?xml version="1.0" encoding="UTF-8"?><Observation xmlns="http://hl7.org/fhir">
  <id value="f002"/>
<!--    urn:oid:2.16.840.1.113883.4.642.1.7    -->
<!--    2.16.840.1.113883.4.642.1.118    -->
  <text><status value="generated"/><div xmlns="http://www.w3.org/1999/xhtml"><p><b>Generated Narrative with Details</b></p><p><b>id</b>: f002</p><p><b>identifier</b>: 6324 (OFFICIAL)</p><p><b>status</b>: final</p><p><b>code</b>: Base excess in Blood by calculation <span>(Details : {LOINC code &#39;11555-0&#39; = &#39;Base excess in Blood by calculation&#39;, given as &#39;Base excess in Blood by calculation&#39;})</span></p><p><b>subject</b>: <a>P. van de Heuvel</a></p><p><b>effective</b>: 2013-4-2 10:30:10 --&gt; 2013-4-5 10:30:10</p><p><b>issued</b>: 2013-4-3 15:30:10</p><p><b>performer</b>: <a>A. Langeveld</a></p><p><b>value</b>: 12.6 mmol/l<span> (Details: UCUM code mmol/L = &#39;mmol/L&#39;)</span></p><p><b>interpretation</b>: High <span>(Details : {http://hl7.org/fhir/v2/0078 code &#39;H&#39; = &#39;High&#39;, given as &#39;High&#39;})</span></p><h3>ReferenceRanges</h3><table><tr><td>-</td><td><b>Low</b></td><td><b>High</b></td></tr><tr><td>*</td><td>7.1 mmol/l<span> (Details: UCUM code mmol/L = &#39;mmol/L&#39;)</span></td><td>11.2 mmol/l<span> (Details: UCUM code mmol/L = &#39;mmol/L&#39;)</span></td></tr></table></div></text><identifier>
    <use value="official"/>
    <system value="http://www.bmc.nl/zorgportal/identifiers/observations"/>
    <value value="6324"/>
  </identifier>
  <status value="final"/>
  <code>
    <coding>
      <system value="http://loinc.org"/>
      <code value="11555-0"/>
      <display value="Base excess in Blood by calculation"/>
    </coding>
  </code>
  <subject>
    <reference value="Patient/f001"/>
    <display value="P. van de Heuvel"/>
  </subject>
  <effectivePeriod>
    <start value="2013-04-02T10:30:10+01:00"/>
    <end value="2013-04-05T10:30:10+01:00"/>
  </effectivePeriod>
  <issued value="2013-04-03T15:30:10+01:00"/>
  <performer>
    <reference value="Practitioner/f005"/>
    <display value="A. Langeveld"/>
  </performer>
  <valueQuantity>
    <value value="12.6"/>
    <unit value="mmol/l"/>
    <system value="http://unitsofmeasure.org"/>
    <code value="mmol/L"/>
  </valueQuantity>
  <interpretation>
    <coding>
      <system value="http://hl7.org/fhir/v2/0078"/>
      <code value="H"/>
      <display value="High"/>
    </coding>
  </interpretation>
  <referenceRange>
    <low>
      <value value="7.1"/>
      <unit value="mmol/l"/>
      <system value="http://unitsofmeasure.org"/>
      <code value="mmol/L"/>
    </low>
    <high>
      <value value="11.2"/>
      <unit value="mmol/l"/>
      <system value="http://unitsofmeasure.org"/>
      <code value="mmol/L"/>
    </high>
  </referenceRange>
</Observation>