<?xml version="1.0" encoding="UTF-8"?><Observation xmlns="http://hl7.org/fhir">
	<id value="2minute-apgar-score"/>
	<text><status value="generated"/><div xmlns="http://www.w3.org/1999/xhtml"><p><b>Generated Narrative with Details</b></p><p><b>id</b>: 2minute-apgar-score</p><p><b>status</b>: final</p><p><b>category</b>: Survey <span>(Details : {http://hl7.org/fhir/observation-category code &#39;survey&#39; = &#39;Survey&#39;, given as &#39;Survey&#39;})</span></p><p><b>code</b>: 2 minute Apgar Score <span>(Details : {LOINC code &#39;9273-4&#39; = &#39;2 minute Apgar Score&#39;, given as &#39;2 minute Apgar Score&#39;})</span></p><p><b>subject</b>: <a>Patient/infant</a></p><p><b>effective</b>: 2016-5-18 18:33:22</p><p><b>performer</b>: <a>Practitioner/example</a></p><p><b>value</b>: 5 {score}<span> (Details: UCUM code {score} = &#39;{score}&#39;)</span></p><blockquote><p><b>component</b></p><p><b>code</b>: Apgar color score <span>(Details : {SNOMED CT code &#39;249227004&#39; = &#39;Apgar color score (observable entity)&#39;, given as &#39;Apgar color score&#39;})</span></p><p><b>value</b>: 1. Good color in body with bluish hands or feet <span>(Details : {http://loinc.org/la code &#39;LA6723-6&#39; = &#39;LA6723-6&#39;, given as &#39;Good color in body with bluish hands or feet&#39;}; {http:/acme.ped/apgarcolor code &#39;1&#39; = &#39;1)</span></p></blockquote><blockquote><p><b>component</b></p><p><b>code</b>: Apgar respiratory effort score <span>(Details : {SNOMED CT code &#39;249223000&#39; = &#39;Apgar heart rate score (observable entity)&#39;, given as &#39;Apgar heart rate score&#39;})</span></p><p><b>value</b>: 1. Fewer than 100 beats per minute <span>(Details : {http://loinc.org/la code &#39;LA6720-2&#39; = &#39;LA6720-2&#39;, given as &#39;Fewer than 100 beats per minute&#39;}; {http:/acme.ped/apgarheartrate code &#39;1&#39; = &#39;1)</span></p></blockquote><blockquote><p><b>component</b></p><p><b>code</b>: Apgar response to stimulus score <span>(Details : {SNOMED CT code &#39;249226008&#39; = &#39;Apgar response to stimulus score (observable entity)&#39;, given as &#39;Apgar response to stimulus score&#39;})</span></p><p><b>value</b>: 1. Grimace during suctioning <span>(Details : {http://loinc.org/la code &#39;LA6721-0&#39; = &#39;LA6721-0&#39;, given as &#39;Grimace during suctioning&#39;}; {http:/acme.ped/apgarreflexirritability code &#39;1&#39; = &#39;1)</span></p></blockquote><blockquote><p><b>component</b></p><p><b>code</b>: Apgar muscle tone score <span>(Details : {SNOMED CT code &#39;249225007&#39; = &#39;Apgar muscle tone score (observable entity)&#39;, given as &#39;Apgar muscle tone score&#39;})</span></p><p><b>value</b>: 1. Some flexion of arms and legs <span>(Details : {http://loinc.org/la code &#39;LA6714-5&#39; = &#39;LA6714-5&#39;, given as &#39;Some flexion of arms and legs&#39;}; {http:/acme.ped/apgarmuscletone code &#39;1&#39; = &#39;1)</span></p></blockquote><blockquote><p><b>component</b></p><p><b>code</b>: Apgar respiratory effort score <span>(Details : {SNOMED CT code &#39;249224006&#39; = &#39;Apgar respiratory effort score (observable entity)&#39;, given as &#39;Apgar respiratory effort score&#39;})</span></p><p><b>value</b>: 1. Weak cry; may sound like whimpering, slow or irregular breathing <span>(Details : {http://loinc.org/la code &#39;LA6726-9&#39; = &#39;LA6726-9&#39;, given as &#39;Weak cry; may sound like whimpering, slow or irregular breathing&#39;}; {http:/acme.ped/apgarrespiratoryeffort code &#39;1&#39; = &#39;1)</span></p></blockquote></div></text><status value="final"/>
	<category>
		<coding>
			<system value="http://hl7.org/fhir/observation-category"/>
			<code value="survey"/>
			<display value="Survey"/>
		</coding>
		<text value="Survey"/>
	</category>
	<code>
		<coding>
			<system value="http://loinc.org"/>
			<code value="9273-4"/>
			<display value="2 minute Apgar Score"/>
		</coding>
		<text value="2 minute Apgar Score"/>
	</code>
	<subject>
		<reference value="Patient/infant"/>
	</subject>
	<effectiveDateTime value="2016-05-18T22:33:22Z"/>
	<performer>
		<reference value="Practitioner/example"/>
	</performer>
	<valueQuantity>
		<value value="5"/>
		<system value="http://unitsofmeasure.org"/>
		<code value="{score}"/>
	</valueQuantity>
	<component>
		<code>
			<coding>
				<system value="http://snomed.info/sct"/>
				<code value="249227004"/>
				<display value="Apgar color score"/>
			</coding>
			<text value="Apgar color score"/>
		</code>
		<valueCodeableConcept>
			<coding>
				<!--  this  extension  maps a numeric score to the code this may already be known and unecessary  -->
				<extension url="http://hl7.org/fhir/StructureDefinition/iso21090-CO-value">
					<valueDecimal value="1"/>
				</extension>
				<system value="http://loinc.org/la"/>
				<code value="LA6723-6"/>
				<display value="Good color in body with bluish hands or feet"/>
			</coding>
			<coding>
				<system value="http:/acme.ped/apgarcolor"/>
				<code value="1"/>
			</coding>
			<text value="1. Good color in body with bluish hands or feet"/>
		</valueCodeableConcept>
	</component>
	<component>
		<code>
			<coding>
				<system value="http://snomed.info/sct"/>
				<code value="249223000"/>
				<display value="Apgar heart rate score"/>
			</coding>
			<text value="Apgar respiratory effort score"/>
		</code>
		<valueCodeableConcept>
			<coding>
				<!--  this  extension  maps a numeric score to the code this may already be known and unecessary  -->
				<extension url="http://hl7.org/fhir/StructureDefinition/iso21090-CO-value">
					<valueDecimal value="1"/>
				</extension>
				<system value="http://loinc.org/la"/>
				<code value="LA6720-2"/>
				<display value="Fewer than 100 beats per minute"/>
			</coding>
			<coding>
				<system value="http:/acme.ped/apgarheartrate"/>
				<code value="1"/>
			</coding>
			<text value="1. Fewer than 100 beats per minute"/>
		</valueCodeableConcept>
	</component>
	<component>
		<code>
			<coding>
				<system value="http://snomed.info/sct"/>
				<code value="249226008"/>
				<display value="Apgar response to stimulus score"/>
			</coding>
			<text value="Apgar response to stimulus score"/>
		</code>
		<valueCodeableConcept>
			<coding>
				<!--  this  extension  maps a numeric score to the code this may already be known and unecessary  -->
				<extension url="http://hl7.org/fhir/StructureDefinition/iso21090-CO-value">
					<valueDecimal value="1"/>
				</extension>
				<system value="http://loinc.org/la"/>
				<code value="LA6721-0"/>
				<display value="Grimace during suctioning"/>
			</coding>
			<coding>
				<system value="http:/acme.ped/apgarreflexirritability"/>
				<code value="1"/>
			</coding>
			<text value="1. Grimace during suctioning"/>
		</valueCodeableConcept>
	</component>
	<component>
		<code>
			<coding>
				<system value="http://snomed.info/sct"/>
				<code value="249225007"/>
				<display value="Apgar muscle tone score"/>
			</coding>
			<text value="Apgar muscle tone score"/>
		</code>
		<valueCodeableConcept>
			<coding>
				<!--  this  extension  maps a numeric score to the code this may already be known and unecessary  -->
				<extension url="http://hl7.org/fhir/StructureDefinition/iso21090-CO-value">
					<valueDecimal value="1"/>
				</extension>
				<system value="http://loinc.org/la"/>
				<code value="LA6714-5"/>
				<display value="Some flexion of arms and legs"/>
			</coding>
			<coding>
				<system value="http:/acme.ped/apgarmuscletone"/>
				<code value="1"/>
			</coding>
			<text value="1. Some flexion of arms and legs"/>
		</valueCodeableConcept>
	</component>
	<component>
		<code>
			<coding>
				<system value="http://snomed.info/sct"/>
				<code value="249224006"/>
				<display value="Apgar respiratory effort score"/>
			</coding>
			<text value="Apgar respiratory effort score"/>
		</code>
		<valueCodeableConcept>
			<coding>
				<!--  this  extension  maps a numeric score to the code this may already be known and unecessary  -->
				<extension url="http://hl7.org/fhir/StructureDefinition/iso21090-CO-value">
					<valueDecimal value="1"/>
				</extension>
				<system value="http://loinc.org/la"/>
				<code value="LA6726-9"/>
				<display value="Weak cry; may sound like whimpering, slow or irregular breathing"/>
			</coding>
			<coding>
				<system value="http:/acme.ped/apgarrespiratoryeffort"/>
				<code value="1"/>
			</coding>
			<text value="1. Weak cry; may sound like whimpering, slow or irregular breathing"/>
		</valueCodeableConcept>
	</component>
</Observation>