<?xml version="1.0" encoding="UTF-8"?><Observation xmlns="http://hl7.org/fhir">
	<id value="body-length"/>
	<text><status value="generated"/><div xmlns="http://www.w3.org/1999/xhtml"><p><b>Generated Narrative with Details</b></p><p><b>id</b>: body-length</p><p><b>status</b>: final</p><p><b>category</b>: Vital Signs <span>(Details : {http://hl7.org/fhir/observation-category code &#39;vital-signs&#39; = &#39;Vital Signs&#39;, given as &#39;Vital Signs&#39;})</span></p><p><b>code</b>: Body Length <span>(Details : {LOINC code &#39;8306-3&#39; = &#39;Body height --lying&#39;, given as &#39;Body height --lying&#39;})</span></p><p><b>subject</b>: <a>Patient/example</a></p><p><b>effective</b>: 1999-7-2</p><p><b>value</b>: 25 cm<span> (Details: UCUM code cm = &#39;cm&#39;)</span></p></div></text><status value="final"/>
	<category>
		<coding>
			<system value="http://hl7.org/fhir/observation-category"/>
			<code value="vital-signs"/>
			<display value="Vital Signs"/>
		</coding>
		<text value="Vital Signs"/>
	</category>
	<code>
		<coding>
			<system value="http://loinc.org"/>
			<code value="8306-3"/>
			<display value="Body height --lying"/>
		</coding>
		<text value="Body Length"/>
	</code>
	<subject>
		<reference value="Patient/example"/>
	</subject>
	<effectiveDateTime value="1999-07-02"/>
	<valueQuantity>
		<value value="25"/>
		<unit value="cm"/>
		<system value="http://unitsofmeasure.org"/>
		<code value="cm"/>
	</valueQuantity>
</Observation>