<?xml version="1.0" encoding="UTF-8"?><Observation xmlns="http://hl7.org/fhir">
	<id value="body-height"/>
	<text><status value="generated"/><div xmlns="http://www.w3.org/1999/xhtml"><p><b>Generated Narrative with Details</b></p><p><b>id</b>: body-height</p><p><b>status</b>: final</p><p><b>category</b>: Vital Signs <span>(Details : {http://hl7.org/fhir/observation-category code &#39;vital-signs&#39; = &#39;Vital Signs&#39;, given as &#39;Vital Signs&#39;})</span></p><p><b>code</b>: Body height <span>(Details : {LOINC code &#39;8302-2&#39; = &#39;Body height&#39;, given as &#39;Body height&#39;})</span></p><p><b>subject</b>: <a>Patient/example</a></p><p><b>effective</b>: 1999-7-2</p><p><b>value</b>: 66.899999999999991 in<span> (Details: UCUM code [in_i] = &#39;in_i&#39;)</span></p></div></text><status value="final"/>
	<category>
		<coding>
			<system value="http://hl7.org/fhir/observation-category"/>
			<code value="vital-signs"/>
			<display value="Vital Signs"/>
		</coding>
		<text value="Vital Signs"/>
	</category>
	<code>
		<coding>
			<system value="http://loinc.org"/>
			<code value="8302-2"/>
			<display value="Body height"/>
		</coding>
		<text value="Body height"/>
	</code>
	<subject>
		<reference value="Patient/example"/>
	</subject>
	<effectiveDateTime value="1999-07-02"/>
	<valueQuantity>
		<value value="66.899999999999991"/>
		<unit value="in"/>
		<system value="http://unitsofmeasure.org"/>
		<code value="[in_i]"/>
	</valueQuantity>
</Observation>