{
  "resourceType": "StructureDefinition",
  "id": "base64Binary",
  "text": {
    "status": "generated",
    "div": "<div xmlns=\"http://www.w3.org/1999/xhtml\">to do</div>"
  },
  "url": "http://hl7.org/fhir/StructureDefinition/base64Binary",
  "name": "base64Binary",
  "status": "draft",
  "publisher": "HL7 FHIR Standard",
  "contact": [
    {
      "telecom": [
        {
          "system": "other",
          "value": "http://hl7.org/fhir"
        }
      ]
    }
  ],
  "date": "2016-11-28T17:29:55-05:00",
  "description": "Base StructureDefinition for base64Binary Type: A stream of bytes",
  "fhirVersion": "1.7.0",
  "kind": "primitive-type",
  "abstract": false,
  "type": "base64Binary",
  "baseDefinition": "http://hl7.org/fhir/StructureDefinition/Element",
  "derivation": "specialization",
  "snapshot": {
    "element": [
      {
        "id": "base64Binary",
        "path": "base64Binary",
        "short": "Primitive Type base64Binary",
        "definition": "A stream of bytes",
        "comments": "A stream of bytes, base64 encoded",
        "min": 0,
        "max": "*",
        "constraint": [
          {
            "key": "ele-1",
            "severity": "error",
            "human": "All FHIR elements must have a @value or children",
            "expression": "children().count() > id.count()",
            "xpath": "@value|f:*|h:div",
            "source": "Element"
          }
        ]
      },
      {
        "id": "base64Binary.id",
        "path": "base64Binary.id",
        "representation": [
          "xmlAttr"
        ],
        "short": "xml:id (or equivalent in JSON)",
        "definition": "unique id for the element within a resource (for internal references)",
        "min": 0,
        "max": "1",
        "base": {
          "path": "Element.id",
          "min": 0,
          "max": "1"
        },
        "type": [
          {
            "code": "id"
          }
        ]
      },
      {
        "id": "base64Binary.extension",
        "path": "base64Binary.extension",
        "short": "Additional Content defined by implementations",
        "definition": "May be used to represent additional information that is not part of the basic definition of the resource. In order to make the use of extensions safe and manageable, there is a strict set of governance  applied to the definition and use of extensions. Though any implementer is allowed to define an extension, there is a set of requirements that SHALL be met as part of the definition of the extension.",
        "comments": "There can be no stigma associated with the use of extensions by any application, project, or standard - regardless of the institution or jurisdiction that uses or defines the extensions.  The use of extensions is what allows the FHIR specification to retain a core level of simplicity for everyone.",
        "alias": [
          "extensions",
          "user content"
        ],
        "min": 0,
        "max": "*",
        "base": {
          "path": "Element.extension",
          "min": 0,
          "max": "*"
        },
        "type": [
          {
            "code": "Extension"
          }
        ]
      },
      {
        "id": "base64Binary.value",
        "path": "base64Binary.value",
        "representation": [
          "xmlAttr"
        ],
        "short": "Primitive value for base64Binary",
        "definition": "The actual value",
        "min": 0,
        "max": "1",
        "type": [
          {
            "_code": {
              "extension": [
                {
                  "url": "http://hl7.org/fhir/StructureDefinition/structuredefinition-json-type",
                  "valueString": "string"
                },
                {
                  "url": "http://hl7.org/fhir/StructureDefinition/structuredefinition-xml-type",
                  "valueString": "xsd:base64Binary"
                },
                {
                  "url": "http://hl7.org/fhir/StructureDefinition/structuredefinition-rdf-type",
                  "valueString": "xsd:base64Binary"
                }
              ]
            }
          }
        ]
      }
    ]
  },
  "differential": {
    "element": [
      {
        "id": "base64Binary",
        "path": "base64Binary",
        "short": "Primitive Type base64Binary",
        "definition": "A stream of bytes",
        "comments": "A stream of bytes, base64 encoded",
        "min": 0,
        "max": "*"
      },
      {
        "id": "base64Binary.value",
        "path": "base64Binary.value",
        "representation": [
          "xmlAttr"
        ],
        "short": "Primitive value for base64Binary",
        "definition": "Primitive value for base64Binary",
        "min": 0,
        "max": "1",
        "type": [
          {
            "_code": {
              "extension": [
                {
                  "url": "http://hl7.org/fhir/StructureDefinition/structuredefinition-json-type",
                  "valueString": "string"
                },
                {
                  "url": "http://hl7.org/fhir/StructureDefinition/structuredefinition-xml-type",
                  "valueString": "xsd:base64Binary"
                },
                {
                  "url": "http://hl7.org/fhir/StructureDefinition/structuredefinition-rdf-type",
                  "valueString": "xsd:base64Binary"
                }
              ]
            }
          }
        ]
      }
    ]
  }
}