{
  "resourceType": "BodySite",
  "id": "skin-patch",
  "text": {
    "status": "generated",
    "div": "<div xmlns=\"http://www.w3.org/1999/xhtml\"><p><b>Generated Narrative with Details</b></p><p><b>id</b>: skin-patch</p><p><b>patient</b>: <a>Patient/example</a></p><p><b>identifier</b>: 12345</p><p><b>code</b>: Skin patch <span>(Details : {SNOMED CT code '39937001' = 'Skin structure (body structure)', given as 'Skin structure (body structure)'})</span></p><p><b>description</b>: inner surface (volar) of the left forearm</p></div>"
  },
  "patient": {
    "reference": "Patient/example"
  },
  "identifier": [
    {
      "system": "http://goodhealth.org/bodysite/identifiers",
      "value": "12345"
    }
  ],
  "code": {
    "coding": [
      {
        "system": "http://snomed.info/sct",
        "code": "39937001",
        "display": "Skin structure (body structure)"
      }
    ],
    "text": "Skin patch"
  },
  "description": "inner surface (volar) of the left forearm"
}