{
  "resourceType": "BodySite",
  "id": "fetus",
  "text": {
    "status": "generated",
    "div": "<div xmlns=\"http://www.w3.org/1999/xhtml\"><p><b>Generated Narrative with Details</b></p><p><b>id</b>: fetus</p><p><b>patient</b>: <a>Patient/example</a></p><p><b>identifier</b>: 12345</p><p><b>code</b>: Fetus <span>(Details : {SNOMED CT code '83418008' = 'Entire fetus (body structure)', given as 'Entire fetus (body structure)'})</span></p><p><b>description</b>: EDD 1/1/2017 confirmation by LMP</p></div>"
  },
  "patient": {
    "reference": "Patient/example"
  },
  "identifier": [
    {
      "system": "http://goodhealth.org/bodysite/identifiers",
      "value": "12345"
    }
  ],
  "code": {
    "coding": [
      {
        "system": "http://snomed.info/sct",
        "code": "83418008",
        "display": "Entire fetus (body structure)"
      }
    ],
    "text": "Fetus"
  },
  "description": "EDD 1/1/2017 confirmation by LMP"
}