{
  "resourceType": "StructureDefinition",
  "id": "boolean",
  "text": {
    "status": "generated",
    "div": "<div xmlns=\"http://www.w3.org/1999/xhtml\">to do</div>"
  },
  "url": "http://hl7.org/fhir/StructureDefinition/boolean",
  "name": "boolean",
  "status": "draft",
  "publisher": "HL7 FHIR Standard",
  "contact": [
    {
      "telecom": [
        {
          "system": "other",
          "value": "http://hl7.org/fhir"
        }
      ]
    }
  ],
  "date": "2016-11-16T23:52:25-05:00",
  "description": "Base StructureDefinition for boolean Type: Value of \"true\" or \"false\"",
  "fhirVersion": "1.7.0",
  "kind": "primitive-type",
  "abstract": false,
  "type": "boolean",
  "baseDefinition": "http://hl7.org/fhir/StructureDefinition/Element",
  "derivation": "specialization",
  "snapshot": {
    "element": [
      {
        "id": "boolean",
        "path": "boolean",
        "short": "Primitive Type boolean",
        "definition": "Value of \"true\" or \"false\"",
        "min": 0,
        "max": "*",
        "constraint": [
          {
            "key": "ele-1",
            "severity": "error",
            "human": "All FHIR elements must have a @value or children",
            "expression": "children().count() > id.count()",
            "xpath": "@value|f:*|h:div",
            "source": "Element"
          }
        ]
      },
      {
        "id": "boolean.id",
        "path": "boolean.id",
        "representation": [
          "xmlAttr"
        ],
        "short": "xml:id (or equivalent in JSON)",
        "definition": "unique id for the element within a resource (for internal references)",
        "min": 0,
        "max": "1",
        "base": {
          "path": "Element.id",
          "min": 0,
          "max": "1"
        },
        "type": [
          {
            "code": "id"
          }
        ]
      },
      {
        "id": "boolean.extension",
        "path": "boolean.extension",
        "short": "Additional Content defined by implementations",
        "definition": "May be used to represent additional information that is not part of the basic definition of the resource. In order to make the use of extensions safe and manageable, there is a strict set of governance  applied to the definition and use of extensions. Though any implementer is allowed to define an extension, there is a set of requirements that SHALL be met as part of the definition of the extension.",
        "comments": "There can be no stigma associated with the use of extensions by any application, project, or standard - regardless of the institution or jurisdiction that uses or defines the extensions.  The use of extensions is what allows the FHIR specification to retain a core level of simplicity for everyone.",
        "alias": [
          "extensions",
          "user content"
        ],
        "min": 0,
        "max": "*",
        "base": {
          "path": "Element.extension",
          "min": 0,
          "max": "*"
        },
        "type": [
          {
            "code": "Extension"
          }
        ]
      },
      {
        "id": "boolean.value",
        "path": "boolean.value",
        "representation": [
          "xmlAttr"
        ],
        "short": "Primitive value for boolean",
        "definition": "The actual value",
        "min": 0,
        "max": "1",
        "type": [
          {
            "_code": {
              "extension": [
                {
                  "url": "http://hl7.org/fhir/StructureDefinition/structuredefinition-json-type",
                  "valueString": "boolean"
                },
                {
                  "url": "http://hl7.org/fhir/StructureDefinition/structuredefinition-xml-type",
                  "valueString": "xsd:boolean"
                },
                {
                  "url": "http://hl7.org/fhir/StructureDefinition/structuredefinition-rdf-type",
                  "valueString": "xsd:boolean"
                }
              ]
            }
          }
        ]
      }
    ]
  },
  "differential": {
    "element": [
      {
        "id": "boolean",
        "path": "boolean",
        "short": "Primitive Type boolean",
        "definition": "Value of \"true\" or \"false\"",
        "min": 0,
        "max": "*"
      },
      {
        "id": "boolean.value",
        "path": "boolean.value",
        "representation": [
          "xmlAttr"
        ],
        "short": "Primitive value for boolean",
        "definition": "Primitive value for boolean",
        "min": 0,
        "max": "1",
        "type": [
          {
            "_code": {
              "extension": [
                {
                  "url": "http://hl7.org/fhir/StructureDefinition/structuredefinition-json-type",
                  "valueString": "boolean"
                },
                {
                  "url": "http://hl7.org/fhir/StructureDefinition/structuredefinition-xml-type",
                  "valueString": "xsd:boolean"
                },
                {
                  "url": "http://hl7.org/fhir/StructureDefinition/structuredefinition-rdf-type",
                  "valueString": "xsd:boolean"
                }
              ]
            }
          }
        ]
      }
    ]
  }
}