{
  "resourceType": "Questionnaire",
  "id": "qs1",
  "identifier": [
    {
      "system": "urn:ietf:rfc:3986"
    }
  ],
  "status": "draft",
  "date": "2016-11-16T23:52:25-05:00",
  "publisher": "Health Level Seven International (FHIR Infrastructure)",
  "item": [
    {
      "linkId": "Bundle",
      "text": "Contains a collection of resources",
      "type": "group",
      "required": false,
      "repeats": true,
      "item": [
        {
          "extension": [
            {
              "url": "http://hl7.org/fhir/StructureDefinition/questionnaire-itemControl",
              "valueCodeableConcept": {
                "coding": [
                  {
                    "system": "http://hl7.org/fhir/questionnaire-item-control",
                    "code": "flyover",
                    "display": "Fly-over"
                  }
                ]
              }
            }
          ],
          "text": "A container for a collection of resources.",
          "type": "display"
        },
        {
          "extension": [
            {
              "url": "http://hl7.org/fhir/StructureDefinition/questionnaire-maxOccurs",
              "valueInteger": 1
            },
            {
              "url": "http://hl7.org/fhir/StructureDefinition/questionnaire-fhirType",
              "valueString": "string"
            }
          ],
          "linkId": "Bundle.id",
          "type": "group",
          "required": false,
          "repeats": true,
          "item": [
            {
              "extension": [
                {
                  "url": "http://hl7.org/fhir/StructureDefinition/questionnaire-itemControl",
                  "valueCodeableConcept": {
                    "coding": [
                      {
                        "system": "http://hl7.org/fhir/questionnaire-item-control",
                        "code": "flyover",
                        "display": "Fly-over"
                      }
                    ]
                  }
                }
              ],
              "text": "The logical id of the resource, as used in the URL for the resource. Once assigned, this value never changes. The only time that a resource does not have an id is when it is being submitted to the server using a create operation.",
              "type": "display"
            },
            {
              "linkId": "Bundle.id.value",
              "text": "Logical id of this artifact",
              "type": "string",
              "required": false,
              "repeats": false
            }
          ]
        },
        {
          "extension": [
            {
              "url": "http://hl7.org/fhir/StructureDefinition/questionnaire-maxOccurs",
              "valueInteger": 1
            }
          ],
          "linkId": "Bundle.meta",
          "text": "Metadata about the resource",
          "type": "group",
          "required": false,
          "repeats": true,
          "item": [
            {
              "extension": [
                {
                  "url": "http://hl7.org/fhir/StructureDefinition/questionnaire-itemControl",
                  "valueCodeableConcept": {
                    "coding": [
                      {
                        "system": "http://hl7.org/fhir/questionnaire-item-control",
                        "code": "flyover",
                        "display": "Fly-over"
                      }
                    ]
                  }
                }
              ],
              "text": "The metadata about the resource. This is content that is maintained by the infrastructure. Changes to the content may not always be associated with version changes to the resource.",
              "type": "display"
            }
          ]
        },
        {
          "extension": [
            {
              "url": "http://hl7.org/fhir/StructureDefinition/questionnaire-maxOccurs",
              "valueInteger": 1
            },
            {
              "url": "http://hl7.org/fhir/StructureDefinition/questionnaire-fhirType",
              "valueString": "uri"
            }
          ],
          "linkId": "Bundle.implicitRules",
          "type": "group",
          "required": false,
          "repeats": true,
          "item": [
            {
              "extension": [
                {
                  "url": "http://hl7.org/fhir/StructureDefinition/questionnaire-itemControl",
                  "valueCodeableConcept": {
                    "coding": [
                      {
                        "system": "http://hl7.org/fhir/questionnaire-item-control",
                        "code": "flyover",
                        "display": "Fly-over"
                      }
                    ]
                  }
                }
              ],
              "text": "A reference to a set of rules that were followed when the resource was constructed, and which must be understood when processing the content. Asserting this rule set restricts the content to be only understood by a limited set of trading partners. This inherently limits the usefulness of the data in the long term. However, the existing health eco-system is highly fractured, and not yet ready to define, collect, and exchange data in a generally computable sense. Wherever possible, implementers and/or specification writers should avoid using this element as much as possible.",
              "type": "display"
            },
            {
              "linkId": "Bundle.implicitRules.value",
              "text": "A set of rules under which this content was created",
              "type": "string",
              "required": false,
              "repeats": false
            }
          ]
        },
        {
          "extension": [
            {
              "url": "http://hl7.org/fhir/StructureDefinition/questionnaire-maxOccurs",
              "valueInteger": 1
            },
            {
              "url": "http://hl7.org/fhir/StructureDefinition/questionnaire-fhirType",
              "valueString": "code"
            }
          ],
          "linkId": "Bundle.language",
          "type": "group",
          "required": false,
          "repeats": true,
          "item": [
            {
              "extension": [
                {
                  "url": "http://hl7.org/fhir/StructureDefinition/questionnaire-itemControl",
                  "valueCodeableConcept": {
                    "coding": [
                      {
                        "system": "http://hl7.org/fhir/questionnaire-item-control",
                        "code": "flyover",
                        "display": "Fly-over"
                      }
                    ]
                  }
                }
              ],
              "text": "The base language in which the resource is written. Language is provided to support indexing and accessibility (typically, services such as text to speech use the language tag). The html language tag in the narrative applies  to the narrative. The language tag on the resource may be used to specify the language of other presentations generated from the data in the resource  Not all the content has to be in the base language. The Resource.language should not be assumed to apply to the narrative automatically. If a language is specified, it should it also be specified on the div element in the html (see rules in HTML5 for information about the relationship between xml:lang and the html lang attribute).",
              "type": "display"
            },
            {
              "linkId": "Bundle.language.value",
              "text": "language",
              "type": "choice",
              "required": false,
              "repeats": false
            }
          ]
        },
        {
          "extension": [
            {
              "url": "http://hl7.org/fhir/StructureDefinition/questionnaire-minOccurs",
              "valueInteger": 1
            },
            {
              "url": "http://hl7.org/fhir/StructureDefinition/questionnaire-maxOccurs",
              "valueInteger": 1
            },
            {
              "url": "http://hl7.org/fhir/StructureDefinition/questionnaire-fhirType",
              "valueString": "code"
            }
          ],
          "linkId": "Bundle.type",
          "type": "group",
          "required": true,
          "repeats": true,
          "item": [
            {
              "extension": [
                {
                  "url": "http://hl7.org/fhir/StructureDefinition/questionnaire-itemControl",
                  "valueCodeableConcept": {
                    "coding": [
                      {
                        "system": "http://hl7.org/fhir/questionnaire-item-control",
                        "code": "flyover",
                        "display": "Fly-over"
                      }
                    ]
                  }
                }
              ],
              "text": "Indicates the purpose of this bundle- how it was intended to be used. It's possible to use a bundle for other purposes (e.g. a document can be accepted as a transaction). This is primarily defined so that there can be specific rules for some of the bundle types.",
              "type": "display"
            },
            {
              "linkId": "Bundle.type.value",
              "text": "type",
              "type": "choice",
              "required": false,
              "repeats": false
            }
          ]
        },
        {
          "extension": [
            {
              "url": "http://hl7.org/fhir/StructureDefinition/questionnaire-maxOccurs",
              "valueInteger": 1
            },
            {
              "url": "http://hl7.org/fhir/StructureDefinition/questionnaire-fhirType",
              "valueString": "integer"
            }
          ],
          "linkId": "Bundle.total",
          "type": "group",
          "required": false,
          "repeats": true,
          "item": [
            {
              "extension": [
                {
                  "url": "http://hl7.org/fhir/StructureDefinition/questionnaire-itemControl",
                  "valueCodeableConcept": {
                    "coding": [
                      {
                        "system": "http://hl7.org/fhir/questionnaire-item-control",
                        "code": "flyover",
                        "display": "Fly-over"
                      }
                    ]
                  }
                }
              ],
              "text": "If a set of search matches, this is the total number of matches for the search (as opposed to the number of results in this bundle). Only used if the bundle is a search result set. The total does not include resources such as OperationOutcome and included resources, only the total number of matching resources.",
              "type": "display"
            },
            {
              "linkId": "Bundle.total.value",
              "text": "If search, the total number of matches",
              "type": "integer",
              "required": false,
              "repeats": false
            }
          ]
        },
        {
          "linkId": "Bundle.link",
          "text": "Links related to this Bundle",
          "type": "group",
          "required": false,
          "repeats": true,
          "item": [
            {
              "extension": [
                {
                  "url": "http://hl7.org/fhir/StructureDefinition/questionnaire-itemControl",
                  "valueCodeableConcept": {
                    "coding": [
                      {
                        "system": "http://hl7.org/fhir/questionnaire-item-control",
                        "code": "flyover",
                        "display": "Fly-over"
                      }
                    ]
                  }
                }
              ],
              "text": "A series of links that provide context to this bundle.",
              "type": "display"
            },
            {
              "extension": [
                {
                  "url": "http://hl7.org/fhir/StructureDefinition/questionnaire-maxOccurs",
                  "valueInteger": 1
                },
                {
                  "url": "http://hl7.org/fhir/StructureDefinition/questionnaire-fhirType",
                  "valueString": "string"
                }
              ],
              "linkId": "Bundle.link.id",
              "type": "group",
              "required": false,
              "repeats": true,
              "item": [
                {
                  "extension": [
                    {
                      "url": "http://hl7.org/fhir/StructureDefinition/questionnaire-itemControl",
                      "valueCodeableConcept": {
                        "coding": [
                          {
                            "system": "http://hl7.org/fhir/questionnaire-item-control",
                            "code": "flyover",
                            "display": "Fly-over"
                          }
                        ]
                      }
                    }
                  ],
                  "text": "unique id for the element within a resource (for internal references). This may be any string value that does not contain spaces.",
                  "type": "display"
                },
                {
                  "linkId": "Bundle.link.id.value",
                  "text": "xml:id (or equivalent in JSON)",
                  "type": "string",
                  "required": false,
                  "repeats": false
                }
              ]
            },
            {
              "linkId": "Bundle.link.extension",
              "text": "Additional Content defined by implementations",
              "type": "group",
              "required": false,
              "repeats": true,
              "item": [
                {
                  "extension": [
                    {
                      "url": "http://hl7.org/fhir/StructureDefinition/questionnaire-itemControl",
                      "valueCodeableConcept": {
                        "coding": [
                          {
                            "system": "http://hl7.org/fhir/questionnaire-item-control",
                            "code": "flyover",
                            "display": "Fly-over"
                          }
                        ]
                      }
                    }
                  ],
                  "text": "May be used to represent additional information that is not part of the basic definition of the element. In order to make the use of extensions safe and manageable, there is a strict set of governance  applied to the definition and use of extensions. Though any implementer is allowed to define an extension, there is a set of requirements that SHALL be met as part of the definition of the extension. There can be no stigma associated with the use of extensions by any application, project, or standard - regardless of the institution or jurisdiction that uses or defines the extensions.  The use of extensions is what allows the FHIR specification to retain a core level of simplicity for everyone.",
                  "type": "display"
                }
              ]
            },
            {
              "linkId": "Bundle.link.modifierExtension",
              "text": "Extensions that cannot be ignored",
              "type": "group",
              "required": false,
              "repeats": true,
              "item": [
                {
                  "extension": [
                    {
                      "url": "http://hl7.org/fhir/StructureDefinition/questionnaire-itemControl",
                      "valueCodeableConcept": {
                        "coding": [
                          {
                            "system": "http://hl7.org/fhir/questionnaire-item-control",
                            "code": "flyover",
                            "display": "Fly-over"
                          }
                        ]
                      }
                    }
                  ],
                  "text": "May be used to represent additional information that is not part of the basic definition of the element, and that modifies the understanding of the element that contains it. Usually modifier elements provide negation or qualification. In order to make the use of extensions safe and manageable, there is a strict set of governance applied to the definition and use of extensions. Though any implementer is allowed to define an extension, there is a set of requirements that SHALL be met as part of the definition of the extension. Applications processing a resource are required to check for modifier extensions. There can be no stigma associated with the use of extensions by any application, project, or standard - regardless of the institution or jurisdiction that uses or defines the extensions.  The use of extensions is what allows the FHIR specification to retain a core level of simplicity for everyone.",
                  "type": "display"
                }
              ]
            },
            {
              "extension": [
                {
                  "url": "http://hl7.org/fhir/StructureDefinition/questionnaire-minOccurs",
                  "valueInteger": 1
                },
                {
                  "url": "http://hl7.org/fhir/StructureDefinition/questionnaire-maxOccurs",
                  "valueInteger": 1
                },
                {
                  "url": "http://hl7.org/fhir/StructureDefinition/questionnaire-fhirType",
                  "valueString": "string"
                }
              ],
              "linkId": "Bundle.link.relation",
              "type": "group",
              "required": true,
              "repeats": true,
              "item": [
                {
                  "extension": [
                    {
                      "url": "http://hl7.org/fhir/StructureDefinition/questionnaire-itemControl",
                      "valueCodeableConcept": {
                        "coding": [
                          {
                            "system": "http://hl7.org/fhir/questionnaire-item-control",
                            "code": "flyover",
                            "display": "Fly-over"
                          }
                        ]
                      }
                    }
                  ],
                  "text": "A name which details the functional use for this link - see [[http://www.iana.org/assignments/link-relations/link-relations.xhtml]].",
                  "type": "display"
                },
                {
                  "linkId": "Bundle.link.relation.value",
                  "text": "http://www.iana.org/assignments/link-relations/link-relations.xhtml",
                  "type": "string",
                  "required": false,
                  "repeats": false
                }
              ]
            },
            {
              "extension": [
                {
                  "url": "http://hl7.org/fhir/StructureDefinition/questionnaire-minOccurs",
                  "valueInteger": 1
                },
                {
                  "url": "http://hl7.org/fhir/StructureDefinition/questionnaire-maxOccurs",
                  "valueInteger": 1
                },
                {
                  "url": "http://hl7.org/fhir/StructureDefinition/questionnaire-fhirType",
                  "valueString": "uri"
                }
              ],
              "linkId": "Bundle.link.url",
              "type": "group",
              "required": true,
              "repeats": true,
              "item": [
                {
                  "extension": [
                    {
                      "url": "http://hl7.org/fhir/StructureDefinition/questionnaire-itemControl",
                      "valueCodeableConcept": {
                        "coding": [
                          {
                            "system": "http://hl7.org/fhir/questionnaire-item-control",
                            "code": "flyover",
                            "display": "Fly-over"
                          }
                        ]
                      }
                    }
                  ],
                  "text": "The reference details for the link.",
                  "type": "display"
                },
                {
                  "linkId": "Bundle.link.url.value",
                  "text": "Reference details for the link",
                  "type": "string",
                  "required": false,
                  "repeats": false
                }
              ]
            }
          ]
        },
        {
          "linkId": "Bundle.entry",
          "text": "Entry in the bundle - will have a resource, or information",
          "type": "group",
          "required": false,
          "repeats": true,
          "item": [
            {
              "extension": [
                {
                  "url": "http://hl7.org/fhir/StructureDefinition/questionnaire-itemControl",
                  "valueCodeableConcept": {
                    "coding": [
                      {
                        "system": "http://hl7.org/fhir/questionnaire-item-control",
                        "code": "flyover",
                        "display": "Fly-over"
                      }
                    ]
                  }
                }
              ],
              "text": "An entry in a bundle resource - will either contain a resource, or information about a resource (transactions and history only).",
              "type": "display"
            },
            {
              "extension": [
                {
                  "url": "http://hl7.org/fhir/StructureDefinition/questionnaire-maxOccurs",
                  "valueInteger": 1
                },
                {
                  "url": "http://hl7.org/fhir/StructureDefinition/questionnaire-fhirType",
                  "valueString": "string"
                }
              ],
              "linkId": "Bundle.entry.id",
              "type": "group",
              "required": false,
              "repeats": true,
              "item": [
                {
                  "extension": [
                    {
                      "url": "http://hl7.org/fhir/StructureDefinition/questionnaire-itemControl",
                      "valueCodeableConcept": {
                        "coding": [
                          {
                            "system": "http://hl7.org/fhir/questionnaire-item-control",
                            "code": "flyover",
                            "display": "Fly-over"
                          }
                        ]
                      }
                    }
                  ],
                  "text": "unique id for the element within a resource (for internal references). This may be any string value that does not contain spaces.",
                  "type": "display"
                },
                {
                  "linkId": "Bundle.entry.id.value",
                  "text": "xml:id (or equivalent in JSON)",
                  "type": "string",
                  "required": false,
                  "repeats": false
                }
              ]
            },
            {
              "linkId": "Bundle.entry.extension",
              "text": "Additional Content defined by implementations",
              "type": "group",
              "required": false,
              "repeats": true,
              "item": [
                {
                  "extension": [
                    {
                      "url": "http://hl7.org/fhir/StructureDefinition/questionnaire-itemControl",
                      "valueCodeableConcept": {
                        "coding": [
                          {
                            "system": "http://hl7.org/fhir/questionnaire-item-control",
                            "code": "flyover",
                            "display": "Fly-over"
                          }
                        ]
                      }
                    }
                  ],
                  "text": "May be used to represent additional information that is not part of the basic definition of the element. In order to make the use of extensions safe and manageable, there is a strict set of governance  applied to the definition and use of extensions. Though any implementer is allowed to define an extension, there is a set of requirements that SHALL be met as part of the definition of the extension. There can be no stigma associated with the use of extensions by any application, project, or standard - regardless of the institution or jurisdiction that uses or defines the extensions.  The use of extensions is what allows the FHIR specification to retain a core level of simplicity for everyone.",
                  "type": "display"
                }
              ]
            },
            {
              "linkId": "Bundle.entry.modifierExtension",
              "text": "Extensions that cannot be ignored",
              "type": "group",
              "required": false,
              "repeats": true,
              "item": [
                {
                  "extension": [
                    {
                      "url": "http://hl7.org/fhir/StructureDefinition/questionnaire-itemControl",
                      "valueCodeableConcept": {
                        "coding": [
                          {
                            "system": "http://hl7.org/fhir/questionnaire-item-control",
                            "code": "flyover",
                            "display": "Fly-over"
                          }
                        ]
                      }
                    }
                  ],
                  "text": "May be used to represent additional information that is not part of the basic definition of the element, and that modifies the understanding of the element that contains it. Usually modifier elements provide negation or qualification. In order to make the use of extensions safe and manageable, there is a strict set of governance applied to the definition and use of extensions. Though any implementer is allowed to define an extension, there is a set of requirements that SHALL be met as part of the definition of the extension. Applications processing a resource are required to check for modifier extensions. There can be no stigma associated with the use of extensions by any application, project, or standard - regardless of the institution or jurisdiction that uses or defines the extensions.  The use of extensions is what allows the FHIR specification to retain a core level of simplicity for everyone.",
                  "type": "display"
                }
              ]
            },
            {
              "linkId": "Bundle.entry.link",
              "text": "Links related to this entry",
              "type": "group",
              "required": false,
              "repeats": true,
              "item": [
                {
                  "extension": [
                    {
                      "url": "http://hl7.org/fhir/StructureDefinition/questionnaire-itemControl",
                      "valueCodeableConcept": {
                        "coding": [
                          {
                            "system": "http://hl7.org/fhir/questionnaire-item-control",
                            "code": "flyover",
                            "display": "Fly-over"
                          }
                        ]
                      }
                    }
                  ],
                  "text": "A series of links that provide context to this entry.",
                  "type": "display"
                }
              ]
            },
            {
              "extension": [
                {
                  "url": "http://hl7.org/fhir/StructureDefinition/questionnaire-maxOccurs",
                  "valueInteger": 1
                },
                {
                  "url": "http://hl7.org/fhir/StructureDefinition/questionnaire-fhirType",
                  "valueString": "uri"
                }
              ],
              "linkId": "Bundle.entry.fullUrl",
              "type": "group",
              "required": false,
              "repeats": true,
              "item": [
                {
                  "extension": [
                    {
                      "url": "http://hl7.org/fhir/StructureDefinition/questionnaire-itemControl",
                      "valueCodeableConcept": {
                        "coding": [
                          {
                            "system": "http://hl7.org/fhir/questionnaire-item-control",
                            "code": "flyover",
                            "display": "Fly-over"
                          }
                        ]
                      }
                    }
                  ],
                  "text": "The Absolute URL for the resource.  The fullUrl SHALL not disagree with the id in the resource. The fullUrl is a version independent reference to the resource. The fullUrl element SHALL have a value except that: \n* fullUrl can be empty on a POST (although it does not need to when specifying a temporary id for reference in the bundle)\n* Results from operations might involve resources that are not identified. fullUrl may not be [unique in the context of a resource](bundle.html#bundle-unique). Note that since [FHIR resources do not need to be served through the FHIR API](references.html), the absolute URL may not end with the logical id of the resource (Resource.id), but if the fullUrl does look like a RESTful server URL (e.g. meets the [regex](references.html#regex), then it SHALL end with the Resource.id.",
                  "type": "display"
                },
                {
                  "linkId": "Bundle.entry.fullUrl.value",
                  "text": "Absolute URL for resource (server address, or UUID/OID)",
                  "type": "string",
                  "required": false,
                  "repeats": false
                }
              ]
            },
            {
              "extension": [
                {
                  "url": "http://hl7.org/fhir/StructureDefinition/questionnaire-maxOccurs",
                  "valueInteger": 1
                }
              ],
              "linkId": "Bundle.entry.resource",
              "text": "A resource in the bundle",
              "type": "group",
              "required": false,
              "repeats": true,
              "item": [
                {
                  "extension": [
                    {
                      "url": "http://hl7.org/fhir/StructureDefinition/questionnaire-itemControl",
                      "valueCodeableConcept": {
                        "coding": [
                          {
                            "system": "http://hl7.org/fhir/questionnaire-item-control",
                            "code": "flyover",
                            "display": "Fly-over"
                          }
                        ]
                      }
                    }
                  ],
                  "text": "The Resources for the entry.",
                  "type": "display"
                }
              ]
            },
            {
              "extension": [
                {
                  "url": "http://hl7.org/fhir/StructureDefinition/questionnaire-maxOccurs",
                  "valueInteger": 1
                }
              ],
              "linkId": "Bundle.entry.search",
              "text": "Search related information",
              "type": "group",
              "required": false,
              "repeats": false,
              "item": [
                {
                  "extension": [
                    {
                      "url": "http://hl7.org/fhir/StructureDefinition/questionnaire-itemControl",
                      "valueCodeableConcept": {
                        "coding": [
                          {
                            "system": "http://hl7.org/fhir/questionnaire-item-control",
                            "code": "flyover",
                            "display": "Fly-over"
                          }
                        ]
                      }
                    }
                  ],
                  "text": "Information about the search process that lead to the creation of this entry.",
                  "type": "display"
                },
                {
                  "extension": [
                    {
                      "url": "http://hl7.org/fhir/StructureDefinition/questionnaire-maxOccurs",
                      "valueInteger": 1
                    },
                    {
                      "url": "http://hl7.org/fhir/StructureDefinition/questionnaire-fhirType",
                      "valueString": "string"
                    }
                  ],
                  "linkId": "Bundle.entry.search.id",
                  "type": "group",
                  "required": false,
                  "repeats": true,
                  "item": [
                    {
                      "extension": [
                        {
                          "url": "http://hl7.org/fhir/StructureDefinition/questionnaire-itemControl",
                          "valueCodeableConcept": {
                            "coding": [
                              {
                                "system": "http://hl7.org/fhir/questionnaire-item-control",
                                "code": "flyover",
                                "display": "Fly-over"
                              }
                            ]
                          }
                        }
                      ],
                      "text": "unique id for the element within a resource (for internal references). This may be any string value that does not contain spaces.",
                      "type": "display"
                    },
                    {
                      "linkId": "Bundle.entry.search.id.value",
                      "text": "xml:id (or equivalent in JSON)",
                      "type": "string",
                      "required": false,
                      "repeats": false
                    }
                  ]
                },
                {
                  "linkId": "Bundle.entry.search.extension",
                  "text": "Additional Content defined by implementations",
                  "type": "group",
                  "required": false,
                  "repeats": true,
                  "item": [
                    {
                      "extension": [
                        {
                          "url": "http://hl7.org/fhir/StructureDefinition/questionnaire-itemControl",
                          "valueCodeableConcept": {
                            "coding": [
                              {
                                "system": "http://hl7.org/fhir/questionnaire-item-control",
                                "code": "flyover",
                                "display": "Fly-over"
                              }
                            ]
                          }
                        }
                      ],
                      "text": "May be used to represent additional information that is not part of the basic definition of the element. In order to make the use of extensions safe and manageable, there is a strict set of governance  applied to the definition and use of extensions. Though any implementer is allowed to define an extension, there is a set of requirements that SHALL be met as part of the definition of the extension. There can be no stigma associated with the use of extensions by any application, project, or standard - regardless of the institution or jurisdiction that uses or defines the extensions.  The use of extensions is what allows the FHIR specification to retain a core level of simplicity for everyone.",
                      "type": "display"
                    }
                  ]
                },
                {
                  "linkId": "Bundle.entry.search.modifierExtension",
                  "text": "Extensions that cannot be ignored",
                  "type": "group",
                  "required": false,
                  "repeats": true,
                  "item": [
                    {
                      "extension": [
                        {
                          "url": "http://hl7.org/fhir/StructureDefinition/questionnaire-itemControl",
                          "valueCodeableConcept": {
                            "coding": [
                              {
                                "system": "http://hl7.org/fhir/questionnaire-item-control",
                                "code": "flyover",
                                "display": "Fly-over"
                              }
                            ]
                          }
                        }
                      ],
                      "text": "May be used to represent additional information that is not part of the basic definition of the element, and that modifies the understanding of the element that contains it. Usually modifier elements provide negation or qualification. In order to make the use of extensions safe and manageable, there is a strict set of governance applied to the definition and use of extensions. Though any implementer is allowed to define an extension, there is a set of requirements that SHALL be met as part of the definition of the extension. Applications processing a resource are required to check for modifier extensions. There can be no stigma associated with the use of extensions by any application, project, or standard - regardless of the institution or jurisdiction that uses or defines the extensions.  The use of extensions is what allows the FHIR specification to retain a core level of simplicity for everyone.",
                      "type": "display"
                    }
                  ]
                },
                {
                  "extension": [
                    {
                      "url": "http://hl7.org/fhir/StructureDefinition/questionnaire-maxOccurs",
                      "valueInteger": 1
                    },
                    {
                      "url": "http://hl7.org/fhir/StructureDefinition/questionnaire-fhirType",
                      "valueString": "code"
                    }
                  ],
                  "linkId": "Bundle.entry.search.mode",
                  "type": "group",
                  "required": false,
                  "repeats": true,
                  "item": [
                    {
                      "extension": [
                        {
                          "url": "http://hl7.org/fhir/StructureDefinition/questionnaire-itemControl",
                          "valueCodeableConcept": {
                            "coding": [
                              {
                                "system": "http://hl7.org/fhir/questionnaire-item-control",
                                "code": "flyover",
                                "display": "Fly-over"
                              }
                            ]
                          }
                        }
                      ],
                      "text": "Why this entry is in the result set - whether it's included as a match or because of an _include requirement. There is only one mode. In some corner cases, a resource may be included because it is both a match and an include. In these circumstances, 'match' takes precedence.",
                      "type": "display"
                    },
                    {
                      "linkId": "Bundle.entry.search.mode.value",
                      "text": "mode",
                      "type": "choice",
                      "required": false,
                      "repeats": false
                    }
                  ]
                },
                {
                  "extension": [
                    {
                      "url": "http://hl7.org/fhir/StructureDefinition/questionnaire-maxOccurs",
                      "valueInteger": 1
                    },
                    {
                      "url": "http://hl7.org/fhir/StructureDefinition/questionnaire-fhirType",
                      "valueString": "decimal"
                    }
                  ],
                  "linkId": "Bundle.entry.search.score",
                  "type": "group",
                  "required": false,
                  "repeats": true,
                  "item": [
                    {
                      "extension": [
                        {
                          "url": "http://hl7.org/fhir/StructureDefinition/questionnaire-itemControl",
                          "valueCodeableConcept": {
                            "coding": [
                              {
                                "system": "http://hl7.org/fhir/questionnaire-item-control",
                                "code": "flyover",
                                "display": "Fly-over"
                              }
                            ]
                          }
                        }
                      ],
                      "text": "When searching, the server's search ranking score for the entry. Servers are not required to return a ranking score. 1 is most relevant, and 0 is least relevant. Often, search results are sorted by score, but the client may specify a different sort order.",
                      "type": "display"
                    },
                    {
                      "linkId": "Bundle.entry.search.score.value",
                      "text": "Search ranking (between 0 and 1)",
                      "type": "decimal",
                      "required": false,
                      "repeats": false
                    }
                  ]
                }
              ]
            },
            {
              "extension": [
                {
                  "url": "http://hl7.org/fhir/StructureDefinition/questionnaire-maxOccurs",
                  "valueInteger": 1
                }
              ],
              "linkId": "Bundle.entry.request",
              "text": "Transaction Related Information",
              "type": "group",
              "required": false,
              "repeats": false,
              "item": [
                {
                  "extension": [
                    {
                      "url": "http://hl7.org/fhir/StructureDefinition/questionnaire-itemControl",
                      "valueCodeableConcept": {
                        "coding": [
                          {
                            "system": "http://hl7.org/fhir/questionnaire-item-control",
                            "code": "flyover",
                            "display": "Fly-over"
                          }
                        ]
                      }
                    }
                  ],
                  "text": "Additional information about how this entry should be processed as part of a transaction.",
                  "type": "display"
                },
                {
                  "extension": [
                    {
                      "url": "http://hl7.org/fhir/StructureDefinition/questionnaire-maxOccurs",
                      "valueInteger": 1
                    },
                    {
                      "url": "http://hl7.org/fhir/StructureDefinition/questionnaire-fhirType",
                      "valueString": "string"
                    }
                  ],
                  "linkId": "Bundle.entry.request.id",
                  "type": "group",
                  "required": false,
                  "repeats": true,
                  "item": [
                    {
                      "extension": [
                        {
                          "url": "http://hl7.org/fhir/StructureDefinition/questionnaire-itemControl",
                          "valueCodeableConcept": {
                            "coding": [
                              {
                                "system": "http://hl7.org/fhir/questionnaire-item-control",
                                "code": "flyover",
                                "display": "Fly-over"
                              }
                            ]
                          }
                        }
                      ],
                      "text": "unique id for the element within a resource (for internal references). This may be any string value that does not contain spaces.",
                      "type": "display"
                    },
                    {
                      "linkId": "Bundle.entry.request.id.value",
                      "text": "xml:id (or equivalent in JSON)",
                      "type": "string",
                      "required": false,
                      "repeats": false
                    }
                  ]
                },
                {
                  "linkId": "Bundle.entry.request.extension",
                  "text": "Additional Content defined by implementations",
                  "type": "group",
                  "required": false,
                  "repeats": true,
                  "item": [
                    {
                      "extension": [
                        {
                          "url": "http://hl7.org/fhir/StructureDefinition/questionnaire-itemControl",
                          "valueCodeableConcept": {
                            "coding": [
                              {
                                "system": "http://hl7.org/fhir/questionnaire-item-control",
                                "code": "flyover",
                                "display": "Fly-over"
                              }
                            ]
                          }
                        }
                      ],
                      "text": "May be used to represent additional information that is not part of the basic definition of the element. In order to make the use of extensions safe and manageable, there is a strict set of governance  applied to the definition and use of extensions. Though any implementer is allowed to define an extension, there is a set of requirements that SHALL be met as part of the definition of the extension. There can be no stigma associated with the use of extensions by any application, project, or standard - regardless of the institution or jurisdiction that uses or defines the extensions.  The use of extensions is what allows the FHIR specification to retain a core level of simplicity for everyone.",
                      "type": "display"
                    }
                  ]
                },
                {
                  "linkId": "Bundle.entry.request.modifierExtension",
                  "text": "Extensions that cannot be ignored",
                  "type": "group",
                  "required": false,
                  "repeats": true,
                  "item": [
                    {
                      "extension": [
                        {
                          "url": "http://hl7.org/fhir/StructureDefinition/questionnaire-itemControl",
                          "valueCodeableConcept": {
                            "coding": [
                              {
                                "system": "http://hl7.org/fhir/questionnaire-item-control",
                                "code": "flyover",
                                "display": "Fly-over"
                              }
                            ]
                          }
                        }
                      ],
                      "text": "May be used to represent additional information that is not part of the basic definition of the element, and that modifies the understanding of the element that contains it. Usually modifier elements provide negation or qualification. In order to make the use of extensions safe and manageable, there is a strict set of governance applied to the definition and use of extensions. Though any implementer is allowed to define an extension, there is a set of requirements that SHALL be met as part of the definition of the extension. Applications processing a resource are required to check for modifier extensions. There can be no stigma associated with the use of extensions by any application, project, or standard - regardless of the institution or jurisdiction that uses or defines the extensions.  The use of extensions is what allows the FHIR specification to retain a core level of simplicity for everyone.",
                      "type": "display"
                    }
                  ]
                },
                {
                  "extension": [
                    {
                      "url": "http://hl7.org/fhir/StructureDefinition/questionnaire-minOccurs",
                      "valueInteger": 1
                    },
                    {
                      "url": "http://hl7.org/fhir/StructureDefinition/questionnaire-maxOccurs",
                      "valueInteger": 1
                    },
                    {
                      "url": "http://hl7.org/fhir/StructureDefinition/questionnaire-fhirType",
                      "valueString": "code"
                    }
                  ],
                  "linkId": "Bundle.entry.request.method",
                  "type": "group",
                  "required": true,
                  "repeats": true,
                  "item": [
                    {
                      "extension": [
                        {
                          "url": "http://hl7.org/fhir/StructureDefinition/questionnaire-itemControl",
                          "valueCodeableConcept": {
                            "coding": [
                              {
                                "system": "http://hl7.org/fhir/questionnaire-item-control",
                                "code": "flyover",
                                "display": "Fly-over"
                              }
                            ]
                          }
                        }
                      ],
                      "text": "The HTTP verb for this entry in either a change history, or a transaction/ transaction response.",
                      "type": "display"
                    },
                    {
                      "linkId": "Bundle.entry.request.method.value",
                      "text": "method",
                      "type": "choice",
                      "required": false,
                      "repeats": false
                    }
                  ]
                },
                {
                  "extension": [
                    {
                      "url": "http://hl7.org/fhir/StructureDefinition/questionnaire-minOccurs",
                      "valueInteger": 1
                    },
                    {
                      "url": "http://hl7.org/fhir/StructureDefinition/questionnaire-maxOccurs",
                      "valueInteger": 1
                    },
                    {
                      "url": "http://hl7.org/fhir/StructureDefinition/questionnaire-fhirType",
                      "valueString": "uri"
                    }
                  ],
                  "linkId": "Bundle.entry.request.url",
                  "type": "group",
                  "required": true,
                  "repeats": true,
                  "item": [
                    {
                      "extension": [
                        {
                          "url": "http://hl7.org/fhir/StructureDefinition/questionnaire-itemControl",
                          "valueCodeableConcept": {
                            "coding": [
                              {
                                "system": "http://hl7.org/fhir/questionnaire-item-control",
                                "code": "flyover",
                                "display": "Fly-over"
                              }
                            ]
                          }
                        }
                      ],
                      "text": "The URL for this entry, relative to the root (the address to which the request is posted). E.g. for a Patient Create, the method would be \"POST\" and the URL would be \"Patient\". For a Patient Update, the method would be PUT, and the URL would be \"Patient/[id]\".",
                      "type": "display"
                    },
                    {
                      "linkId": "Bundle.entry.request.url.value",
                      "text": "URL for HTTP equivalent of this entry",
                      "type": "string",
                      "required": false,
                      "repeats": false
                    }
                  ]
                },
                {
                  "extension": [
                    {
                      "url": "http://hl7.org/fhir/StructureDefinition/questionnaire-maxOccurs",
                      "valueInteger": 1
                    },
                    {
                      "url": "http://hl7.org/fhir/StructureDefinition/questionnaire-fhirType",
                      "valueString": "string"
                    }
                  ],
                  "linkId": "Bundle.entry.request.ifNoneMatch",
                  "type": "group",
                  "required": false,
                  "repeats": true,
                  "item": [
                    {
                      "extension": [
                        {
                          "url": "http://hl7.org/fhir/StructureDefinition/questionnaire-itemControl",
                          "valueCodeableConcept": {
                            "coding": [
                              {
                                "system": "http://hl7.org/fhir/questionnaire-item-control",
                                "code": "flyover",
                                "display": "Fly-over"
                              }
                            ]
                          }
                        }
                      ],
                      "text": "If the ETag values match, return a 304 Not modified status. See the API documentation for [\"Conditional Read\"](http.html#cread).",
                      "type": "display"
                    },
                    {
                      "linkId": "Bundle.entry.request.ifNoneMatch.value",
                      "text": "For managing cache currency",
                      "type": "string",
                      "required": false,
                      "repeats": false
                    }
                  ]
                },
                {
                  "extension": [
                    {
                      "url": "http://hl7.org/fhir/StructureDefinition/questionnaire-maxOccurs",
                      "valueInteger": 1
                    },
                    {
                      "url": "http://hl7.org/fhir/StructureDefinition/questionnaire-fhirType",
                      "valueString": "instant"
                    }
                  ],
                  "linkId": "Bundle.entry.request.ifModifiedSince",
                  "type": "group",
                  "required": false,
                  "repeats": true,
                  "item": [
                    {
                      "extension": [
                        {
                          "url": "http://hl7.org/fhir/StructureDefinition/questionnaire-itemControl",
                          "valueCodeableConcept": {
                            "coding": [
                              {
                                "system": "http://hl7.org/fhir/questionnaire-item-control",
                                "code": "flyover",
                                "display": "Fly-over"
                              }
                            ]
                          }
                        }
                      ],
                      "text": "Only perform the operation if the last updated date matches. See the API documentation for [\"Conditional Read\"](http.html#cread).",
                      "type": "display"
                    },
                    {
                      "linkId": "Bundle.entry.request.ifModifiedSince.value",
                      "text": "For managing update contention",
                      "type": "instant",
                      "required": false,
                      "repeats": false
                    }
                  ]
                },
                {
                  "extension": [
                    {
                      "url": "http://hl7.org/fhir/StructureDefinition/questionnaire-maxOccurs",
                      "valueInteger": 1
                    },
                    {
                      "url": "http://hl7.org/fhir/StructureDefinition/questionnaire-fhirType",
                      "valueString": "string"
                    }
                  ],
                  "linkId": "Bundle.entry.request.ifMatch",
                  "type": "group",
                  "required": false,
                  "repeats": true,
                  "item": [
                    {
                      "extension": [
                        {
                          "url": "http://hl7.org/fhir/StructureDefinition/questionnaire-itemControl",
                          "valueCodeableConcept": {
                            "coding": [
                              {
                                "system": "http://hl7.org/fhir/questionnaire-item-control",
                                "code": "flyover",
                                "display": "Fly-over"
                              }
                            ]
                          }
                        }
                      ],
                      "text": "Only perform the operation if the Etag value matches. For more information, see the API section [\"Managing Resource Contention\"](http.html#concurrency).",
                      "type": "display"
                    },
                    {
                      "linkId": "Bundle.entry.request.ifMatch.value",
                      "text": "For managing update contention",
                      "type": "string",
                      "required": false,
                      "repeats": false
                    }
                  ]
                },
                {
                  "extension": [
                    {
                      "url": "http://hl7.org/fhir/StructureDefinition/questionnaire-maxOccurs",
                      "valueInteger": 1
                    },
                    {
                      "url": "http://hl7.org/fhir/StructureDefinition/questionnaire-fhirType",
                      "valueString": "string"
                    }
                  ],
                  "linkId": "Bundle.entry.request.ifNoneExist",
                  "type": "group",
                  "required": false,
                  "repeats": true,
                  "item": [
                    {
                      "extension": [
                        {
                          "url": "http://hl7.org/fhir/StructureDefinition/questionnaire-itemControl",
                          "valueCodeableConcept": {
                            "coding": [
                              {
                                "system": "http://hl7.org/fhir/questionnaire-item-control",
                                "code": "flyover",
                                "display": "Fly-over"
                              }
                            ]
                          }
                        }
                      ],
                      "text": "Instruct the server not to perform the create if a specified resource already exists. For further information, see the API documentation for [\"Conditional Create\"](http.html#ccreate). This is just the query portion of the URL - what follows the \"?\" (not including the \"?\").",
                      "type": "display"
                    },
                    {
                      "linkId": "Bundle.entry.request.ifNoneExist.value",
                      "text": "For conditional creates",
                      "type": "string",
                      "required": false,
                      "repeats": false
                    }
                  ]
                }
              ]
            },
            {
              "extension": [
                {
                  "url": "http://hl7.org/fhir/StructureDefinition/questionnaire-maxOccurs",
                  "valueInteger": 1
                }
              ],
              "linkId": "Bundle.entry.response",
              "text": "Transaction Related Information",
              "type": "group",
              "required": false,
              "repeats": false,
              "item": [
                {
                  "extension": [
                    {
                      "url": "http://hl7.org/fhir/StructureDefinition/questionnaire-itemControl",
                      "valueCodeableConcept": {
                        "coding": [
                          {
                            "system": "http://hl7.org/fhir/questionnaire-item-control",
                            "code": "flyover",
                            "display": "Fly-over"
                          }
                        ]
                      }
                    }
                  ],
                  "text": "Additional information about how this entry should be processed as part of a transaction.",
                  "type": "display"
                },
                {
                  "extension": [
                    {
                      "url": "http://hl7.org/fhir/StructureDefinition/questionnaire-maxOccurs",
                      "valueInteger": 1
                    },
                    {
                      "url": "http://hl7.org/fhir/StructureDefinition/questionnaire-fhirType",
                      "valueString": "string"
                    }
                  ],
                  "linkId": "Bundle.entry.response.id",
                  "type": "group",
                  "required": false,
                  "repeats": true,
                  "item": [
                    {
                      "extension": [
                        {
                          "url": "http://hl7.org/fhir/StructureDefinition/questionnaire-itemControl",
                          "valueCodeableConcept": {
                            "coding": [
                              {
                                "system": "http://hl7.org/fhir/questionnaire-item-control",
                                "code": "flyover",
                                "display": "Fly-over"
                              }
                            ]
                          }
                        }
                      ],
                      "text": "unique id for the element within a resource (for internal references). This may be any string value that does not contain spaces.",
                      "type": "display"
                    },
                    {
                      "linkId": "Bundle.entry.response.id.value",
                      "text": "xml:id (or equivalent in JSON)",
                      "type": "string",
                      "required": false,
                      "repeats": false
                    }
                  ]
                },
                {
                  "linkId": "Bundle.entry.response.extension",
                  "text": "Additional Content defined by implementations",
                  "type": "group",
                  "required": false,
                  "repeats": true,
                  "item": [
                    {
                      "extension": [
                        {
                          "url": "http://hl7.org/fhir/StructureDefinition/questionnaire-itemControl",
                          "valueCodeableConcept": {
                            "coding": [
                              {
                                "system": "http://hl7.org/fhir/questionnaire-item-control",
                                "code": "flyover",
                                "display": "Fly-over"
                              }
                            ]
                          }
                        }
                      ],
                      "text": "May be used to represent additional information that is not part of the basic definition of the element. In order to make the use of extensions safe and manageable, there is a strict set of governance  applied to the definition and use of extensions. Though any implementer is allowed to define an extension, there is a set of requirements that SHALL be met as part of the definition of the extension. There can be no stigma associated with the use of extensions by any application, project, or standard - regardless of the institution or jurisdiction that uses or defines the extensions.  The use of extensions is what allows the FHIR specification to retain a core level of simplicity for everyone.",
                      "type": "display"
                    }
                  ]
                },
                {
                  "linkId": "Bundle.entry.response.modifierExtension",
                  "text": "Extensions that cannot be ignored",
                  "type": "group",
                  "required": false,
                  "repeats": true,
                  "item": [
                    {
                      "extension": [
                        {
                          "url": "http://hl7.org/fhir/StructureDefinition/questionnaire-itemControl",
                          "valueCodeableConcept": {
                            "coding": [
                              {
                                "system": "http://hl7.org/fhir/questionnaire-item-control",
                                "code": "flyover",
                                "display": "Fly-over"
                              }
                            ]
                          }
                        }
                      ],
                      "text": "May be used to represent additional information that is not part of the basic definition of the element, and that modifies the understanding of the element that contains it. Usually modifier elements provide negation or qualification. In order to make the use of extensions safe and manageable, there is a strict set of governance applied to the definition and use of extensions. Though any implementer is allowed to define an extension, there is a set of requirements that SHALL be met as part of the definition of the extension. Applications processing a resource are required to check for modifier extensions. There can be no stigma associated with the use of extensions by any application, project, or standard - regardless of the institution or jurisdiction that uses or defines the extensions.  The use of extensions is what allows the FHIR specification to retain a core level of simplicity for everyone.",
                      "type": "display"
                    }
                  ]
                },
                {
                  "extension": [
                    {
                      "url": "http://hl7.org/fhir/StructureDefinition/questionnaire-minOccurs",
                      "valueInteger": 1
                    },
                    {
                      "url": "http://hl7.org/fhir/StructureDefinition/questionnaire-maxOccurs",
                      "valueInteger": 1
                    },
                    {
                      "url": "http://hl7.org/fhir/StructureDefinition/questionnaire-fhirType",
                      "valueString": "string"
                    }
                  ],
                  "linkId": "Bundle.entry.response.status",
                  "type": "group",
                  "required": true,
                  "repeats": true,
                  "item": [
                    {
                      "extension": [
                        {
                          "url": "http://hl7.org/fhir/StructureDefinition/questionnaire-itemControl",
                          "valueCodeableConcept": {
                            "coding": [
                              {
                                "system": "http://hl7.org/fhir/questionnaire-item-control",
                                "code": "flyover",
                                "display": "Fly-over"
                              }
                            ]
                          }
                        }
                      ],
                      "text": "The status code returned by processing this entry. The status SHALL start with a 3 digit HTTP code (e.g. 404) and may contain the standard HTTP description associated with the status code.",
                      "type": "display"
                    },
                    {
                      "linkId": "Bundle.entry.response.status.value",
                      "text": "Status response code (text optional)",
                      "type": "string",
                      "required": false,
                      "repeats": false
                    }
                  ]
                },
                {
                  "extension": [
                    {
                      "url": "http://hl7.org/fhir/StructureDefinition/questionnaire-maxOccurs",
                      "valueInteger": 1
                    },
                    {
                      "url": "http://hl7.org/fhir/StructureDefinition/questionnaire-fhirType",
                      "valueString": "uri"
                    }
                  ],
                  "linkId": "Bundle.entry.response.location",
                  "type": "group",
                  "required": false,
                  "repeats": true,
                  "item": [
                    {
                      "extension": [
                        {
                          "url": "http://hl7.org/fhir/StructureDefinition/questionnaire-itemControl",
                          "valueCodeableConcept": {
                            "coding": [
                              {
                                "system": "http://hl7.org/fhir/questionnaire-item-control",
                                "code": "flyover",
                                "display": "Fly-over"
                              }
                            ]
                          }
                        }
                      ],
                      "text": "The location header created by processing this operation.",
                      "type": "display"
                    },
                    {
                      "linkId": "Bundle.entry.response.location.value",
                      "text": "The location, if the operation returns a location",
                      "type": "string",
                      "required": false,
                      "repeats": false
                    }
                  ]
                },
                {
                  "extension": [
                    {
                      "url": "http://hl7.org/fhir/StructureDefinition/questionnaire-maxOccurs",
                      "valueInteger": 1
                    },
                    {
                      "url": "http://hl7.org/fhir/StructureDefinition/questionnaire-fhirType",
                      "valueString": "string"
                    }
                  ],
                  "linkId": "Bundle.entry.response.etag",
                  "type": "group",
                  "required": false,
                  "repeats": true,
                  "item": [
                    {
                      "extension": [
                        {
                          "url": "http://hl7.org/fhir/StructureDefinition/questionnaire-itemControl",
                          "valueCodeableConcept": {
                            "coding": [
                              {
                                "system": "http://hl7.org/fhir/questionnaire-item-control",
                                "code": "flyover",
                                "display": "Fly-over"
                              }
                            ]
                          }
                        }
                      ],
                      "text": "The etag for the resource, it the operation for the entry produced a versioned resource. This has to match the version id in the header if a resource is included.",
                      "type": "display"
                    },
                    {
                      "linkId": "Bundle.entry.response.etag.value",
                      "text": "The etag for the resource (if relevant)",
                      "type": "string",
                      "required": false,
                      "repeats": false
                    }
                  ]
                },
                {
                  "extension": [
                    {
                      "url": "http://hl7.org/fhir/StructureDefinition/questionnaire-maxOccurs",
                      "valueInteger": 1
                    },
                    {
                      "url": "http://hl7.org/fhir/StructureDefinition/questionnaire-fhirType",
                      "valueString": "instant"
                    }
                  ],
                  "linkId": "Bundle.entry.response.lastModified",
                  "type": "group",
                  "required": false,
                  "repeats": true,
                  "item": [
                    {
                      "extension": [
                        {
                          "url": "http://hl7.org/fhir/StructureDefinition/questionnaire-itemControl",
                          "valueCodeableConcept": {
                            "coding": [
                              {
                                "system": "http://hl7.org/fhir/questionnaire-item-control",
                                "code": "flyover",
                                "display": "Fly-over"
                              }
                            ]
                          }
                        }
                      ],
                      "text": "The date/time that the resource was modified on the server. This has to match the same time in the meta header if a resource is included.",
                      "type": "display"
                    },
                    {
                      "linkId": "Bundle.entry.response.lastModified.value",
                      "text": "Server's date time modified",
                      "type": "instant",
                      "required": false,
                      "repeats": false
                    }
                  ]
                },
                {
                  "extension": [
                    {
                      "url": "http://hl7.org/fhir/StructureDefinition/questionnaire-maxOccurs",
                      "valueInteger": 1
                    }
                  ],
                  "linkId": "Bundle.entry.response.outcome",
                  "text": "OperationOutcome with hints and warnings (for batch/transaction)",
                  "type": "group",
                  "required": false,
                  "repeats": true,
                  "item": [
                    {
                      "extension": [
                        {
                          "url": "http://hl7.org/fhir/StructureDefinition/questionnaire-itemControl",
                          "valueCodeableConcept": {
                            "coding": [
                              {
                                "system": "http://hl7.org/fhir/questionnaire-item-control",
                                "code": "flyover",
                                "display": "Fly-over"
                              }
                            ]
                          }
                        }
                      ],
                      "text": "An OperationOutcome containing hints and warnings produced as part of processing this entry in a batch or transaction. For a POST/PUT operation, this is the equivalent outcome that would be returned for prefer = oprationoutcome - except that the resource is always returned whether or not the outcome is returned.",
                      "type": "display"
                    }
                  ]
                }
              ]
            }
          ]
        },
        {
          "extension": [
            {
              "url": "http://hl7.org/fhir/StructureDefinition/questionnaire-maxOccurs",
              "valueInteger": 1
            }
          ],
          "linkId": "Bundle.signature",
          "text": "Digital Signature",
          "type": "group",
          "required": false,
          "repeats": true,
          "item": [
            {
              "extension": [
                {
                  "url": "http://hl7.org/fhir/StructureDefinition/questionnaire-itemControl",
                  "valueCodeableConcept": {
                    "coding": [
                      {
                        "system": "http://hl7.org/fhir/questionnaire-item-control",
                        "code": "flyover",
                        "display": "Fly-over"
                      }
                    ]
                  }
                }
              ],
              "text": "Digital Signature - base64 encoded. XML DigSIg or a JWT. The signature could be created by the \"author\" of the bundle or by the originating device.   Requirements around inclusion of a signature, verification of signatures and treatment of signed/non-signed bundles is implementation-environment specific.",
              "type": "display"
            }
          ]
        }
      ]
    }
  ]
}