{
  "resourceType": "CapabilityStatement",
  "id": "base2",
  "text": {
    "status": "generated",
    "div": "<div xmlns=\"http://www.w3.org/1999/xhtml\"><h2>Base FHIR Capability Statement (Empty)</h2><div><p>This is the base Capability Statement for FHIR. It represents a server that provides the none of the functionality defined by FHIR. It is provided to use as a template for system designers to build their own Capability Statements from. A capability statement has to contain something, so this contains a read of a Capability Statement</p>\n</div><table><tr><td>Mode</td><td>SERVER</td></tr><tr><td>Description</td><td>An empty Capability Statement</td></tr><tr><td>Transaction</td><td></td></tr><tr><td>System History</td><td></td></tr><tr><td>System Search</td><td></td></tr></table><table><tr><th><b>Resource Type</b></th><th><b>Profile</b></th><th><b>Read</b></th><th><b>V-Read</b></th><th><b>Search</b></th><th><b>Update</b></th><th><b>Updates</b></th><th><b>Create</b></th><th><b>Delete</b></th><th><b>History</b></th></tr><tr><td>CapabilityStatement</td><td>y</td><td></td><td></td><td></td><td></td><td></td><td></td><td></td></tr></table></div>"
  },
  "url": "http://hl7.org/fhir/CapabilityStatement/base2",
  "version": "1.7.0-10208",
  "name": "Base FHIR Capability Statement (Empty)",
  "status": "draft",
  "experimental": true,
  "date": "2016-11-16T22:02:32-05:00",
  "publisher": "FHIR Project Team",
  "contact": [
    {
      "telecom": [
        {
          "system": "other",
          "value": "http://hl7.org/fhir"
        }
      ]
    }
  ],
  "description": "This is the base Capability Statement for FHIR. It represents a server that provides the none of the functionality defined by FHIR. It is provided to use as a template for system designers to build their own Capability Statements from. A capability statement has to contain something, so this contains a read of a Capability Statement",
  "kind": "capability",
  "software": {
    "name": "Insert your softwware name here..."
  },
  "fhirVersion": "1.7.0",
  "acceptUnknown": "no",
  "format": [
    "xml",
    "json"
  ],
  "rest": [
    {
      "mode": "server",
      "documentation": "An empty Capability Statement",
      "security": {
        "cors": true,
        "service": [
          {
            "coding": [
              {
                "system": "http://hl7.org/fhir/restful-security-service",
                "code": "SMART-on-FHIR",
                "display": "SMART-on-FHIR"
              }
            ],
            "text": "See http://docs.smarthealthit.org/"
          }
        ],
        "description": "This is the Capability Statement to declare that the server supports SMART-on-FHIR. See the SMART-on-FHIR docs for the extension that would go with such a server"
      },
      "resource": [
        {
          "type": "CapabilityStatement",
          "interaction": [
            {
              "code": "read",
              "documentation": "Read CapabilityStatement Resource"
            }
          ]
        }
      ]
    }
  ]
}