{
  "resourceType": "Claim",
  "id": "100155",
  "text": {
    "status": "generated",
    "div": "<div xmlns=\"http://www.w3.org/1999/xhtml\">This example assumes a national health care scheme where patients, providers and organizations have known business identifiers.</div>"
  },
  "contained": [
    {
      "resourceType": "Patient",
      "id": "patient-1",
      "name": [
        {
          "use": "official",
          "family": [
            "Donald"
          ],
          "given": [
            "Duck"
          ]
        }
      ],
      "gender": "male",
      "birthDate": "1986-05-17",
      "address": [
        {
          "use": "home",
          "line": [
            "1234 Main Street"
          ],
          "city": "Vancouver",
          "postalCode": "V2H1Y3",
          "country": "CAD"
        }
      ]
    }
  ],
  "identifier": [
    {
      "system": "http://happyvalley.com/claim",
      "value": "12347"
    }
  ],
  "status": "active",
  "type": {
    "system": "http://hl7.org/fhir/ex-claimtype",
    "code": "oral"
  },
  "created": "2014-08-16",
  "insurer": {
    "identifier": {
      "system": "http://www.jurisdiction.com/insurers",
      "value": "123456"
    }
  },
  "organization": {
    "identifier": {
      "system": "http://www.jurisdiction.com/careorganizations",
      "value": "HOSP12345"
    }
  },
  "use": "complete",
  "priority": {
    "code": "normal"
  },
  "payee": {
    "type": {
      "code": "provider"
    }
  },
  "diagnosis": [
    {
      "sequence": 1,
      "diagnosis": {
        "code": "123456"
      }
    }
  ],
  "patient": {
    "reference": "#patient-1"
  },
  "coverage": [
    {
      "sequence": 1,
      "focal": true,
      "coverage": {
        "reference": "http://www.jurisdiction.com/nationalplan/123AB345"
      }
    }
  ],
  "item": [
    {
      "sequence": 1,
      "careTeam": [
        {
          "provider": {
            "identifier": {
              "system": "http://www.jurisdiction.com/providerId",
              "value": "MD98765"
            }
          }
        }
      ],
      "service": {
        "code": "1200"
      },
      "servicedDate": "2014-08-16",
      "unitPrice": {
        "value": 135.57,
        "system": "urn:iso:std:iso:4217",
        "code": "USD"
      },
      "net": {
        "value": 135.57,
        "system": "urn:iso:std:iso:4217",
        "code": "USD"
      }
    }
  ]
}