{
  "resourceType": "ConceptMap",
  "id": "cm-address-type-v3",
  "text": {
    "status": "generated",
    "div": "<div xmlns=\"http://www.w3.org/1999/xhtml\"><h2>v3 map for AddressType (http://hl7.org/fhir/ConceptMap/cm-address-type-v3)</h2><p>Mapping from <a href=\"valueset-address-type.html\">http://hl7.org/fhir/ValueSet/address-type</a> to <a href=\"v3/AddressUse/vs.html\">http://hl7.org/fhir/ValueSet/v3-AddressUse</a></p><p>DRAFT. Published on 2016-11-16 22:02:32 by HL7 (FHIR Project) (<a href=\"http://hl7.org/fhir\">http://hl7.org/fhir</a>, <a href=\"mailto:fhir@lists.hl7.org\">fhir@lists.hl7.org</a>; ). </p><br/><table class=\"grid\"><tr><td><b>Source Code</b></td><td><b>Equivalence</b></td><td><b>Destination Code</b></td></tr><tr><td>postal (Postal)</td><td>equal</td><td>PHYS (physical visit address)</td></tr><tr><td>physical (Physical)</td><td>equal</td><td>PST (postal address)</td></tr></table></div>"
  },
  "url": "http://hl7.org/fhir/ConceptMap/cm-address-type-v3",
  "name": "v3 map for AddressType",
  "status": "draft",
  "publisher": "HL7 (FHIR Project)",
  "contact": [
    {
      "telecom": [
        {
          "system": "other",
          "value": "http://hl7.org/fhir"
        },
        {
          "system": "email",
          "value": "fhir@lists.hl7.org"
        }
      ]
    }
  ],
  "date": "2016-11-16T22:02:32-05:00",
  "sourceReference": {
    "reference": "http://hl7.org/fhir/ValueSet/address-type"
  },
  "targetReference": {
    "reference": "http://hl7.org/fhir/ValueSet/v3-AddressUse"
  },
  "group": [
    {
      "source": "http://hl7.org/fhir/address-type",
      "target": "http://hl7.org/fhir/v3/AddressUse",
      "element": [
        {
          "code": "postal",
          "target": [
            {
              "code": "PHYS",
              "equivalence": "equal"
            }
          ]
        },
        {
          "code": "physical",
          "target": [
            {
              "code": "PST",
              "equivalence": "equal"
            }
          ]
        }
      ]
    }
  ]
}