{
  "resourceType": "ConceptMap",
  "id": "cm-address-use-v3",
  "text": {
    "status": "generated",
    "div": "<div xmlns=\"http://www.w3.org/1999/xhtml\"><h2>v3 map for AddressUse (http://hl7.org/fhir/ConceptMap/cm-address-use-v3)</h2><p>Mapping from <a href=\"valueset-address-use.html\">http://hl7.org/fhir/ValueSet/address-use</a> to <a href=\"v3/AddressUse/vs.html\">http://hl7.org/fhir/ValueSet/v3-AddressUse</a></p><p>DRAFT. Published on 2016-11-28 17:29:55 by HL7 (FHIR Project) (<a href=\"http://hl7.org/fhir\">http://hl7.org/fhir</a>, <a href=\"mailto:fhir@lists.hl7.org\">fhir@lists.hl7.org</a>; ). </p><br/><table class=\"grid\"><tr><td colspan=\"1\"><b>Source Concept</b></td><td><b>Equivalence</b></td><td colspan=\"1\"><b>Destination Concept</b></td><td><b>Comments</b></td></tr><tr><td><b>Code [http://hl7.org/fhir/address-use]</b></td><td/><td><b>Code [http://hl7.org/fhir/v3/AddressUse]</b></td><td/></tr><tr><td>home (Home)</td><td>:equal</td><td>H (home address)</td><td/></tr><tr><td>work (Work)</td><td>:equal</td><td>WP (work place)</td><td/></tr><tr><td>temp (Temporary)</td><td>:equal</td><td>TMP (temporary address)</td><td/></tr><tr><td>old (Old / Incorrect)</td><td>:narrower</td><td>OLD (no longer in use)</td><td>Bad or Old</td></tr></table></div>"
  },
  "url": "http://hl7.org/fhir/ConceptMap/cm-address-use-v3",
  "name": "v3 map for AddressUse",
  "status": "draft",
  "publisher": "HL7 (FHIR Project)",
  "contact": [
    {
      "telecom": [
        {
          "system": "other",
          "value": "http://hl7.org/fhir"
        },
        {
          "system": "email",
          "value": "fhir@lists.hl7.org"
        }
      ]
    }
  ],
  "date": "2016-11-28T17:29:55-05:00",
  "sourceReference": {
    "reference": "http://hl7.org/fhir/ValueSet/address-use"
  },
  "targetReference": {
    "reference": "http://hl7.org/fhir/ValueSet/v3-AddressUse"
  },
  "group": [
    {
      "source": "http://hl7.org/fhir/address-use",
      "target": "http://hl7.org/fhir/v3/AddressUse",
      "element": [
        {
          "code": "home",
          "target": [
            {
              "code": "H",
              "equivalence": "equal"
            }
          ]
        },
        {
          "code": "work",
          "target": [
            {
              "code": "WP",
              "equivalence": "equal"
            }
          ]
        },
        {
          "code": "temp",
          "target": [
            {
              "code": "TMP",
              "equivalence": "equal"
            }
          ]
        },
        {
          "code": "old",
          "target": [
            {
              "code": "OLD",
              "equivalence": "narrower",
              "comments": "Bad or Old"
            },
            {
              "code": "BAD",
              "equivalence": "narrower",
              "comments": "Bad or Old"
            }
          ]
        }
      ]
    }
  ]
}