{
  "resourceType": "ConceptMap",
  "id": "cm-composition-status-v3",
  "text": {
    "status": "generated",
    "div": "<div xmlns=\"http://www.w3.org/1999/xhtml\"><h2>v3 map for CompositionStatus (http://hl7.org/fhir/ConceptMap/cm-composition-status-v3)</h2><p>Mapping from <a href=\"valueset-composition-status.html\">http://hl7.org/fhir/ValueSet/composition-status</a> to <a href=\"v3/ActStatus/vs.html\">http://hl7.org/fhir/ValueSet/v3-ActStatus</a></p><p>DRAFT. Published on 2016-11-28 17:29:55 by HL7 (FHIR Project) (<a href=\"http://hl7.org/fhir\">http://hl7.org/fhir</a>, <a href=\"mailto:fhir@lists.hl7.org\">fhir@lists.hl7.org</a>; ). </p><br/><table class=\"grid\"><tr><td><b>Source Code</b></td><td><b>Equivalence</b></td><td><b>Destination Code</b></td></tr><tr><td>preliminary (Preliminary)</td><td>equivalent</td><td>active (active)</td></tr><tr><td>final (Final)</td><td>wider</td><td>completed (completed)</td></tr><tr><td>amended (Amended)</td><td>wider</td><td>completed (completed)</td></tr><tr><td>entered-in-error (Entered in Error)</td><td>equivalent</td><td>nullified (nullified)</td></tr></table></div>"
  },
  "url": "http://hl7.org/fhir/ConceptMap/cm-composition-status-v3",
  "name": "v3 map for CompositionStatus",
  "status": "draft",
  "publisher": "HL7 (FHIR Project)",
  "contact": [
    {
      "telecom": [
        {
          "system": "other",
          "value": "http://hl7.org/fhir"
        },
        {
          "system": "email",
          "value": "fhir@lists.hl7.org"
        }
      ]
    }
  ],
  "date": "2016-11-28T17:29:55-05:00",
  "sourceReference": {
    "reference": "http://hl7.org/fhir/ValueSet/composition-status"
  },
  "targetReference": {
    "reference": "http://hl7.org/fhir/ValueSet/v3-ActStatus"
  },
  "group": [
    {
      "source": "http://hl7.org/fhir/composition-status",
      "target": "http://hl7.org/fhir/v3/ActStatus",
      "element": [
        {
          "code": "preliminary",
          "target": [
            {
              "code": "active",
              "equivalence": "equivalent"
            }
          ]
        },
        {
          "code": "final",
          "target": [
            {
              "code": "completed",
              "equivalence": "wider"
            }
          ]
        },
        {
          "code": "amended",
          "target": [
            {
              "code": "completed",
              "equivalence": "wider"
            }
          ]
        },
        {
          "code": "entered-in-error",
          "target": [
            {
              "code": "nullified",
              "equivalence": "equivalent"
            }
          ]
        }
      ]
    }
  ]
}