{
  "resourceType": "ConceptMap",
  "id": "cm-contact-point-use-v2",
  "text": {
    "status": "generated",
    "div": "<div xmlns=\"http://www.w3.org/1999/xhtml\"><h2>v2 map for ContactPointUse (http://hl7.org/fhir/ConceptMap/cm-contact-point-use-v2)</h2><p>Mapping from <a href=\"valueset-contact-point-use.html\">http://hl7.org/fhir/ValueSet/contact-point-use</a> to <a href=\"v2/0201/index.html\">http://hl7.org/fhir/ValueSet/v2-0201</a></p><p>DRAFT. Published on 2016-11-16 21:13:00 by HL7 (FHIR Project) (<a href=\"http://hl7.org/fhir\">http://hl7.org/fhir</a>, <a href=\"mailto:fhir@lists.hl7.org\">fhir@lists.hl7.org</a>; ). </p><br/><table class=\"grid\"><tr><td colspan=\"1\"><b>Source Concept</b></td><td><b>Equivalence</b></td><td colspan=\"1\"><b>Destination Concept</b></td></tr><tr><td><b>Code [http://hl7.org/fhir/contact-point-use]</b></td><td/><td><b>Code [http://hl7.org/fhir/v2/0201]</b></td></tr><tr><td>home (Home)</td><td>:wider</td><td>PRN (Primary Residence Number)</td></tr><tr><td>work (Work)</td><td>:equivalent</td><td>WPN (Work Number)</td></tr><tr><td>mobile (Mobile)</td><td>:equivalent</td><td>PRS (Personal)</td></tr></table></div>"
  },
  "url": "http://hl7.org/fhir/ConceptMap/cm-contact-point-use-v2",
  "name": "v2 map for ContactPointUse",
  "status": "draft",
  "publisher": "HL7 (FHIR Project)",
  "contact": [
    {
      "telecom": [
        {
          "system": "other",
          "value": "http://hl7.org/fhir"
        },
        {
          "system": "email",
          "value": "fhir@lists.hl7.org"
        }
      ]
    }
  ],
  "date": "2016-11-16T21:13:00-05:00",
  "sourceReference": {
    "reference": "http://hl7.org/fhir/ValueSet/contact-point-use"
  },
  "targetReference": {
    "reference": "http://hl7.org/fhir/ValueSet/v2-0201"
  },
  "group": [
    {
      "source": "http://hl7.org/fhir/contact-point-use",
      "target": "http://hl7.org/fhir/v2/0201",
      "element": [
        {
          "code": "home",
          "target": [
            {
              "code": "PRN",
              "equivalence": "wider"
            },
            {
              "code": "ORN",
              "equivalence": "wider"
            },
            {
              "code": "VHN",
              "equivalence": "wider"
            }
          ]
        },
        {
          "code": "work",
          "target": [
            {
              "code": "WPN",
              "equivalence": "equivalent"
            }
          ]
        },
        {
          "code": "mobile",
          "target": [
            {
              "code": "PRS",
              "equivalence": "equivalent"
            }
          ]
        }
      ]
    }
  ]
}