{
  "resourceType": "ConceptMap",
  "id": "cm-document-reference-status-v3",
  "text": {
    "status": "generated",
    "div": "<div xmlns=\"http://www.w3.org/1999/xhtml\"><h2>v3 map for DocumentReferenceStatus (http://hl7.org/fhir/ConceptMap/cm-document-reference-status-v3)</h2><p>Mapping from <a href=\"valueset-document-reference-status.html\">http://hl7.org/fhir/ValueSet/document-reference-status</a> to <a href=\"v3/ActStatus/vs.html\">http://hl7.org/fhir/ValueSet/v3-ActStatus</a></p><p>DRAFT. Published on 2016-11-16 21:13:00 by HL7 (FHIR Project). </p><br/><table class=\"grid\"><tr><td><b>Source Code</b></td><td><b>Equivalence</b></td><td><b>Destination Code</b></td></tr><tr><td>current (Current)</td><td>equivalent</td><td>active (active)</td></tr><tr><td>superseded (Superseded)</td><td>equivalent</td><td>obsolete (obsolete)</td></tr><tr><td>entered-in-error (Entered in Error)</td><td>equivalent</td><td>nullified (nullified)</td></tr></table></div>"
  },
  "url": "http://hl7.org/fhir/ConceptMap/cm-document-reference-status-v3",
  "name": "v3 map for DocumentReferenceStatus",
  "status": "draft",
  "publisher": "HL7 (FHIR Project)",
  "date": "2016-11-16T21:13:00-05:00",
  "sourceReference": {
    "reference": "http://hl7.org/fhir/ValueSet/document-reference-status"
  },
  "targetReference": {
    "reference": "http://hl7.org/fhir/ValueSet/v3-ActStatus"
  },
  "group": [
    {
      "source": "http://hl7.org/fhir/document-reference-status",
      "target": "http://hl7.org/fhir/v3/ActStatus",
      "element": [
        {
          "code": "current",
          "target": [
            {
              "code": "active",
              "equivalence": "equivalent"
            }
          ]
        },
        {
          "code": "superseded",
          "target": [
            {
              "code": "obsolete",
              "equivalence": "equivalent"
            }
          ]
        },
        {
          "code": "entered-in-error",
          "target": [
            {
              "code": "nullified",
              "equivalence": "equivalent"
            }
          ]
        }
      ]
    }
  ]
}