{
  "resourceType": "ConceptMap",
  "id": "cm-medication-statement-status-v3",
  "text": {
    "status": "generated",
    "div": "<div xmlns=\"http://www.w3.org/1999/xhtml\"><h2>v3 map for MedicationStatementStatus (http://hl7.org/fhir/ConceptMap/cm-medication-statement-status-v3)</h2><p>Mapping from <a href=\"valueset-medication-statement-status.html\">http://hl7.org/fhir/ValueSet/medication-statement-status</a> to <a href=\"v3/ActStatus/vs.html\">http://hl7.org/fhir/ValueSet/v3-ActStatus</a></p><p>DRAFT. Published on 2016-11-16 22:02:32 by HL7 (FHIR Project) (<a href=\"http://hl7.org/fhir\">http://hl7.org/fhir</a>, <a href=\"mailto:fhir@lists.hl7.org\">fhir@lists.hl7.org</a>; ). </p><br/><table class=\"grid\"><tr><td><b>Source Code</b></td><td><b>Equivalence</b></td><td><b>Destination Code</b></td></tr><tr><td>active (Active)</td><td>equal</td><td>active (active)</td></tr><tr><td>completed (Completed)</td><td>equal</td><td>completed (completed)</td></tr><tr><td>entered-in-error (Entered in Error)</td><td>equal</td><td>nullified (nullified)</td></tr><tr><td>stopped (Stopped)</td><td>equal</td><td>aborted (aborted)</td></tr><tr><td>on-hold (On Hold)</td><td>equal</td><td>suspended (suspended)</td></tr></table></div>"
  },
  "url": "http://hl7.org/fhir/ConceptMap/cm-medication-statement-status-v3",
  "name": "v3 map for MedicationStatementStatus",
  "status": "draft",
  "publisher": "HL7 (FHIR Project)",
  "contact": [
    {
      "telecom": [
        {
          "system": "other",
          "value": "http://hl7.org/fhir"
        },
        {
          "system": "email",
          "value": "fhir@lists.hl7.org"
        }
      ]
    }
  ],
  "date": "2016-11-16T22:02:32-05:00",
  "sourceReference": {
    "reference": "http://hl7.org/fhir/ValueSet/medication-statement-status"
  },
  "targetReference": {
    "reference": "http://hl7.org/fhir/ValueSet/v3-ActStatus"
  },
  "group": [
    {
      "source": "http://hl7.org/fhir/medication-statement-status",
      "target": "http://hl7.org/fhir/v3/ActStatus",
      "element": [
        {
          "code": "active",
          "target": [
            {
              "code": "active",
              "equivalence": "equal"
            }
          ]
        },
        {
          "code": "completed",
          "target": [
            {
              "code": "completed",
              "equivalence": "equal"
            }
          ]
        },
        {
          "code": "entered-in-error",
          "target": [
            {
              "code": "nullified",
              "equivalence": "equal"
            }
          ]
        },
        {
          "code": "stopped",
          "target": [
            {
              "code": "aborted",
              "equivalence": "equal"
            }
          ]
        },
        {
          "code": "on-hold",
          "target": [
            {
              "code": "suspended",
              "equivalence": "equal"
            }
          ]
        }
      ]
    }
  ]
}