{
  "resourceType": "ConceptMap",
  "id": "cm-name-use-v3",
  "text": {
    "status": "generated",
    "div": "<div xmlns=\"http://www.w3.org/1999/xhtml\"><h2>v3 map for NameUse (http://hl7.org/fhir/ConceptMap/cm-name-use-v3)</h2><p>Mapping from <a href=\"valueset-name-use.html\">http://hl7.org/fhir/ValueSet/name-use</a> to <a href=\"v3/EntityNameUseR2/vs.html\">http://hl7.org/fhir/ValueSet/v3-EntityNameUseR2</a></p><p>DRAFT. Published on 2016-11-16 21:13:00 by HL7 (FHIR Project) (<a href=\"http://hl7.org/fhir\">http://hl7.org/fhir</a>, <a href=\"mailto:fhir@lists.hl7.org\">fhir@lists.hl7.org</a>; ). </p><br/><table class=\"grid\"><tr><td><b>Source Code</b></td><td><b>Equivalence</b></td><td><b>Destination Code</b></td></tr><tr><td>usual (Usual)</td><td>equal</td><td>C (customary)</td></tr><tr><td>official (Official)</td><td>equal</td><td>OR (official registry name)</td></tr><tr><td>temp (Temp)</td><td>equal</td><td>T (temporary)</td></tr><tr><td>nickname (Nickname)</td><td>equivalent</td><td>P (Other/Pseudonym/Alias)</td></tr><tr><td>anonymous (Anonymous)</td><td>equivalent</td><td>ANON (Anonymous)</td></tr><tr><td>old (Old)</td><td>equivalent</td><td>OLD (no longer in use)</td></tr><tr><td>maiden (Maiden)</td><td>equal</td><td>M (maiden name)</td></tr></table></div>"
  },
  "url": "http://hl7.org/fhir/ConceptMap/cm-name-use-v3",
  "name": "v3 map for NameUse",
  "status": "draft",
  "publisher": "HL7 (FHIR Project)",
  "contact": [
    {
      "telecom": [
        {
          "system": "other",
          "value": "http://hl7.org/fhir"
        },
        {
          "system": "email",
          "value": "fhir@lists.hl7.org"
        }
      ]
    }
  ],
  "date": "2016-11-16T21:13:00-05:00",
  "sourceReference": {
    "reference": "http://hl7.org/fhir/ValueSet/name-use"
  },
  "targetReference": {
    "reference": "http://hl7.org/fhir/ValueSet/v3-EntityNameUseR2"
  },
  "group": [
    {
      "source": "http://hl7.org/fhir/name-use",
      "target": "http://hl7.org/fhir/v3/EntityNameUseR2",
      "element": [
        {
          "code": "usual",
          "target": [
            {
              "code": "C",
              "equivalence": "equal"
            }
          ]
        },
        {
          "code": "official",
          "target": [
            {
              "code": "OR",
              "equivalence": "equal"
            }
          ]
        },
        {
          "code": "temp",
          "target": [
            {
              "code": "T",
              "equivalence": "equal"
            }
          ]
        },
        {
          "code": "nickname",
          "target": [
            {
              "code": "P",
              "equivalence": "equivalent"
            }
          ]
        },
        {
          "code": "anonymous",
          "target": [
            {
              "code": "ANON",
              "equivalence": "equivalent"
            }
          ]
        },
        {
          "code": "old",
          "target": [
            {
              "code": "OLD",
              "equivalence": "equivalent"
            }
          ]
        },
        {
          "code": "maiden",
          "target": [
            {
              "code": "M",
              "equivalence": "equal"
            }
          ]
        }
      ]
    }
  ]
}