{
  "resourceType": "CodeSystem",
  "id": "bundle-type",
  "meta": {
    "lastUpdated": "2016-12-19T23:17:56.167-05:00"
  },
  "text": {
    "status": "generated",
    "div": "<div xmlns=\"http://www.w3.org/1999/xhtml\"><h2>BundleType</h2><div><p>Indicates the purpose of a bundle - how it was intended to be used.</p>\n</div><p>This code system http://hl7.org/fhir/bundle-type defines the following codes:</p><table class=\"codes\"><tr><td><b>Code</b></td><td><b>Display</b></td><td><b>Definition</b></td></tr><tr><td>document<a name=\"bundle-type-document\"> </a></td><td>Document</td><td>The bundle is a document. The first resource is a Composition.</td></tr><tr><td>message<a name=\"bundle-type-message\"> </a></td><td>Message</td><td>The bundle is a message. The first resource is a MessageHeader.</td></tr><tr><td>transaction<a name=\"bundle-type-transaction\"> </a></td><td>Transaction</td><td>The bundle is a transaction - intended to be processed by a server as an atomic commit.</td></tr><tr><td>transaction-response<a name=\"bundle-type-transaction-response\"> </a></td><td>Transaction Response</td><td>The bundle is a transaction response. Because the response is a transaction response, the transaction has succeeded, and all responses are error free.</td></tr><tr><td>batch<a name=\"bundle-type-batch\"> </a></td><td>Batch</td><td>The bundle is a transaction - intended to be processed by a server as a group of actions.</td></tr><tr><td>batch-response<a name=\"bundle-type-batch-response\"> </a></td><td>Batch Response</td><td>The bundle is a batch response. Note that as a batch, some responses may indicate failure and others success.</td></tr><tr><td>history<a name=\"bundle-type-history\"> </a></td><td>History List</td><td>The bundle is a list of resources from a history interaction on a server.</td></tr><tr><td>searchset<a name=\"bundle-type-searchset\"> </a></td><td>Search Results</td><td>The bundle is a list of resources returned as a result of a search/query interaction, operation, or message.</td></tr><tr><td>collection<a name=\"bundle-type-collection\"> </a></td><td>Collection</td><td>The bundle is a set of resources collected into a single package for ease of distribution.</td></tr></table></div>"
  },
  "url": "http://hl7.org/fhir/bundle-type",
  "identifier": {
    "system": "urn:ietf:rfc:3986",
    "value": "urn:oid:2.16.840.1.113883.4.642.1.327"
  },
  "version": "1.8.0",
  "name": "BundleType",
  "status": "draft",
  "experimental": false,
  "publisher": "HL7 (FHIR Project)",
  "contact": [
    {
      "telecom": [
        {
          "system": "url",
          "value": "http://hl7.org/fhir"
        },
        {
          "system": "email",
          "value": "fhir@lists.hl7.org"
        }
      ]
    }
  ],
  "date": "2016-12-19T23:17:56-05:00",
  "description": "Indicates the purpose of a bundle - how it was intended to be used.",
  "caseSensitive": true,
  "valueSet": "http://hl7.org/fhir/ValueSet/bundle-type",
  "content": "complete",
  "concept": [
    {
      "code": "document",
      "display": "Document",
      "definition": "The bundle is a document. The first resource is a Composition."
    },
    {
      "code": "message",
      "display": "Message",
      "definition": "The bundle is a message. The first resource is a MessageHeader."
    },
    {
      "code": "transaction",
      "display": "Transaction",
      "definition": "The bundle is a transaction - intended to be processed by a server as an atomic commit."
    },
    {
      "code": "transaction-response",
      "display": "Transaction Response",
      "definition": "The bundle is a transaction response. Because the response is a transaction response, the transaction has succeeded, and all responses are error free."
    },
    {
      "code": "batch",
      "display": "Batch",
      "definition": "The bundle is a transaction - intended to be processed by a server as a group of actions."
    },
    {
      "code": "batch-response",
      "display": "Batch Response",
      "definition": "The bundle is a batch response. Note that as a batch, some responses may indicate failure and others success."
    },
    {
      "code": "history",
      "display": "History List",
      "definition": "The bundle is a list of resources from a history interaction on a server."
    },
    {
      "code": "searchset",
      "display": "Search Results",
      "definition": "The bundle is a list of resources returned as a result of a search/query interaction, operation, or message."
    },
    {
      "code": "collection",
      "display": "Collection",
      "definition": "The bundle is a set of resources collected into a single package for ease of distribution."
    }
  ]
}