{
  "resourceType": "CodeSystem",
  "id": "report-participant-type",
  "meta": {
    "lastUpdated": "2016-12-19T23:17:56.167-05:00"
  },
  "text": {
    "status": "generated",
    "div": "<div xmlns=\"http://www.w3.org/1999/xhtml\"><h2>TestReportParticipantType</h2><div><p>The type of participant.</p>\n</div><p>This code system http://hl7.org/fhir/report-participant-type defines the following codes:</p><table class=\"codes\"><tr><td><b>Code</b></td><td><b>Display</b></td><td><b>Definition</b></td></tr><tr><td>test-engine<a name=\"report-participant-type-test-engine\"> </a></td><td>test-engine</td><td>The test execution engine.</td></tr><tr><td>client<a name=\"report-participant-type-client\"> </a></td><td>client</td><td>A FHIR Client</td></tr><tr><td>server<a name=\"report-participant-type-server\"> </a></td><td>server</td><td>A FHIR Server</td></tr></table></div>"
  },
  "url": "http://hl7.org/fhir/report-participant-type",
  "identifier": {
    "system": "urn:ietf:rfc:3986",
    "value": "urn:oid:2.16.840.1.113883.4.642.1.0"
  },
  "version": "1.8.0",
  "name": "TestReportParticipantType",
  "status": "draft",
  "experimental": false,
  "publisher": "HL7 (FHIR Project)",
  "contact": [
    {
      "telecom": [
        {
          "system": "url",
          "value": "http://hl7.org/fhir"
        },
        {
          "system": "email",
          "value": "fhir@lists.hl7.org"
        }
      ]
    }
  ],
  "date": "2016-12-19T23:17:56-05:00",
  "description": "The type of participant.",
  "caseSensitive": true,
  "valueSet": "http://hl7.org/fhir/ValueSet/report-participant-type",
  "content": "complete",
  "concept": [
    {
      "code": "test-engine",
      "display": "test-engine",
      "definition": "The test execution engine."
    },
    {
      "code": "client",
      "display": "client",
      "definition": "A FHIR Client"
    },
    {
      "code": "server",
      "display": "server",
      "definition": "A FHIR Server"
    }
  ]
}