{
  "resourceType": "CodeSystem",
  "id": "audit-event-action",
  "meta": {
    "lastUpdated": "2016-11-16T22:02:32.937-05:00"
  },
  "text": {
    "status": "generated",
    "div": "<div xmlns=\"http://www.w3.org/1999/xhtml\"><h2>AuditEventAction</h2><div><p>Indicator for type of action performed during the event that generated the audit.</p>\n</div><p>This code system http://hl7.org/fhir/audit-event-action defines the following codes:</p><table class=\"codes\"><tr><td><b>Code</b></td><td><b>Display</b></td><td><b>Definition</b></td></tr><tr><td>C<a name=\"audit-event-action-C\"> </a></td><td>Create</td><td>Create a new database object, such as placing an order.</td></tr><tr><td>R<a name=\"audit-event-action-R\"> </a></td><td>Read/View/Print</td><td>Display or print data, such as a doctor census.</td></tr><tr><td>U<a name=\"audit-event-action-U\"> </a></td><td>Update</td><td>Update data, such as revise patient information.</td></tr><tr><td>D<a name=\"audit-event-action-D\"> </a></td><td>Delete</td><td>Delete items, such as a doctor master file record.</td></tr><tr><td>E<a name=\"audit-event-action-E\"> </a></td><td>Execute</td><td>Perform a system or application function such as log-on, program execution or use of an object's method, or perform a query/search operation.</td></tr></table></div>"
  },
  "url": "http://hl7.org/fhir/audit-event-action",
  "identifier": {
    "system": "urn:ietf:rfc:3986",
    "value": "urn:oid:2.16.840.1.113883.4.642.1.263"
  },
  "version": "1.7.0",
  "name": "AuditEventAction",
  "status": "draft",
  "experimental": false,
  "publisher": "HL7 (FHIR Project)",
  "contact": [
    {
      "telecom": [
        {
          "system": "other",
          "value": "http://hl7.org/fhir"
        },
        {
          "system": "email",
          "value": "fhir@lists.hl7.org"
        }
      ]
    }
  ],
  "date": "2016-11-16T22:02:32-05:00",
  "description": "Indicator for type of action performed during the event that generated the audit.",
  "caseSensitive": true,
  "valueSet": "http://hl7.org/fhir/ValueSet/audit-event-action",
  "content": "complete",
  "concept": [
    {
      "code": "C",
      "display": "Create",
      "definition": "Create a new database object, such as placing an order."
    },
    {
      "code": "R",
      "display": "Read/View/Print",
      "definition": "Display or print data, such as a doctor census."
    },
    {
      "code": "U",
      "display": "Update",
      "definition": "Update data, such as revise patient information."
    },
    {
      "code": "D",
      "display": "Delete",
      "definition": "Delete items, such as a doctor master file record."
    },
    {
      "code": "E",
      "display": "Execute",
      "definition": "Perform a system or application function such as log-on, program execution or use of an object's method, or perform a query/search operation."
    }
  ]
}