{
  "resourceType": "CodeSystem",
  "id": "coverage-exception",
  "meta": {
    "lastUpdated": "2016-11-16T22:02:32.937-05:00",
    "profile": [
      "http://hl7.org/fhir/StructureDefinition/codesystem-shareable-definition"
    ]
  },
  "text": {
    "status": "generated",
    "div": "<div xmlns=\"http://www.w3.org/1999/xhtml\"><h2>Exception Codes</h2><div><p>This value set includes sample Exception codes.</p>\n</div><p><b>Copyright Statement:</b> This is an example set.</p><p>This code system http://hl7.org/fhir/coverage-exception defines the following codes:</p><table class=\"codes\"><tr><td><b>Code</b></td><td><b>Display</b></td><td><b>Definition</b></td></tr><tr><td>student<a name=\"coverage-exception-student\"> </a></td><td>Student (Fulltime)</td><td>Fulltime Student</td></tr><tr><td>disabled<a name=\"coverage-exception-disabled\"> </a></td><td>Disabled</td><td>Disabled</td></tr></table></div>"
  },
  "url": "http://hl7.org/fhir/coverage-exception",
  "identifier": {
    "system": "urn:ietf:rfc:3986",
    "value": "urn:oid:2.16.840.1.113883.4.642.1.307"
  },
  "version": "1.7.0",
  "name": "Exception Codes",
  "status": "draft",
  "experimental": true,
  "publisher": "Financial Management",
  "contact": [
    {
      "telecom": [
        {
          "system": "other",
          "value": "http://hl7.org/fhir"
        }
      ]
    },
    {
      "telecom": [
        {
          "system": "other",
          "value": "http://hl7.org/fhir"
        }
      ]
    }
  ],
  "description": "This value set includes sample Exception codes.",
  "copyright": "This is an example set.",
  "caseSensitive": true,
  "valueSet": "http://hl7.org/fhir/ValueSet/coverage-exception",
  "content": "complete",
  "concept": [
    {
      "code": "student",
      "display": "Student (Fulltime)",
      "definition": "Fulltime Student"
    },
    {
      "code": "disabled",
      "display": "Disabled",
      "definition": "Disabled"
    }
  ]
}