{
  "resourceType": "CodeSystem",
  "id": "response-code",
  "meta": {
    "lastUpdated": "2016-11-16T22:02:32.937-05:00"
  },
  "text": {
    "status": "generated",
    "div": "<div xmlns=\"http://www.w3.org/1999/xhtml\"><h2>ResponseType</h2><div><p>The kind of response to a message</p>\n</div><p>This code system http://hl7.org/fhir/response-code defines the following codes:</p><table class=\"codes\"><tr><td><b>Code</b></td><td><b>Display</b></td><td><b>Definition</b></td></tr><tr><td>ok<a name=\"response-code-ok\"> </a></td><td>OK</td><td>The message was accepted and processed without error.</td></tr><tr><td>transient-error<a name=\"response-code-transient-error\"> </a></td><td>Transient Error</td><td>Some internal unexpected error occurred - wait and try again. Note - this is usually used for things like database unavailable, which may be expected to resolve, though human intervention may be required.</td></tr><tr><td>fatal-error<a name=\"response-code-fatal-error\"> </a></td><td>Fatal Error</td><td>The message was rejected because of some content in it. There is no point in re-sending without change. The response narrative SHALL describe the issue.</td></tr></table></div>"
  },
  "url": "http://hl7.org/fhir/response-code",
  "identifier": {
    "system": "urn:ietf:rfc:3986",
    "value": "urn:oid:2.16.840.1.113883.4.642.1.203"
  },
  "version": "1.7.0",
  "name": "ResponseType",
  "status": "draft",
  "experimental": false,
  "publisher": "HL7 (FHIR Project)",
  "contact": [
    {
      "telecom": [
        {
          "system": "other",
          "value": "http://hl7.org/fhir"
        },
        {
          "system": "email",
          "value": "fhir@lists.hl7.org"
        }
      ]
    }
  ],
  "date": "2016-11-16T22:02:32-05:00",
  "description": "The kind of response to a message",
  "caseSensitive": true,
  "valueSet": "http://hl7.org/fhir/ValueSet/response-code",
  "content": "complete",
  "concept": [
    {
      "code": "ok",
      "display": "OK",
      "definition": "The message was accepted and processed without error."
    },
    {
      "code": "transient-error",
      "display": "Transient Error",
      "definition": "Some internal unexpected error occurred - wait and try again. Note - this is usually used for things like database unavailable, which may be expected to resolve, though human intervention may be required."
    },
    {
      "code": "fatal-error",
      "display": "Fatal Error",
      "definition": "The message was rejected because of some content in it. There is no point in re-sending without change. The response narrative SHALL describe the issue."
    }
  ]
}