{
  "resourceType": "CodeSystem",
  "id": "definition-status",
  "meta": {
    "lastUpdated": "2016-11-16T23:52:25.144-05:00"
  },
  "text": {
    "status": "generated",
    "div": "<div xmlns=\"http://www.w3.org/1999/xhtml\"><h2>DefinitionStatus</h2><div><p>Codes identifying the stage lifecycle stage of a definition</p>\n</div><p>This code system http://hl7.org/fhir/definition-status defines the following codes:</p><table class=\"codes\"><tr><td><b>Code</b></td><td><b>Display</b></td><td><b>Definition</b></td></tr><tr><td>draft<a name=\"definition-status-draft\"> </a></td><td>Draft</td><td/></tr><tr><td>active<a name=\"definition-status-active\"> </a></td><td>Active</td><td/></tr><tr><td>withdrawn<a name=\"definition-status-withdrawn\"> </a></td><td>Suspended</td><td/></tr></table></div>"
  },
  "url": "http://hl7.org/fhir/definition-status",
  "identifier": {
    "system": "urn:ietf:rfc:3986",
    "value": "urn:oid:2.16.840.1.113883.4.642.1.926"
  },
  "version": "1.7.0",
  "name": "DefinitionStatus",
  "status": "draft",
  "experimental": false,
  "publisher": "HL7 (FHIR Project)",
  "contact": [
    {
      "telecom": [
        {
          "system": "other",
          "value": "http://hl7.org/fhir"
        },
        {
          "system": "email",
          "value": "fhir@lists.hl7.org"
        }
      ]
    }
  ],
  "date": "2016-11-16T23:52:25-05:00",
  "description": "Codes identifying the stage lifecycle stage of a definition",
  "caseSensitive": true,
  "valueSet": "http://hl7.org/fhir/ValueSet/definition-status",
  "content": "complete",
  "concept": [
    {
      "code": "draft",
      "display": "Draft"
    },
    {
      "code": "active",
      "display": "Active"
    },
    {
      "code": "withdrawn",
      "display": "Suspended"
    }
  ]
}