{
  "resourceType": "CodeSystem",
  "id": "observation-status",
  "meta": {
    "lastUpdated": "2016-11-16T23:52:25.144-05:00"
  },
  "text": {
    "status": "generated",
    "div": "<div xmlns=\"http://www.w3.org/1999/xhtml\"><h2>ObservationStatus</h2><div><p>Codes providing the status of an observation.</p>\n</div><p>This code system http://hl7.org/fhir/observation-status defines the following codes:</p><table class=\"codes\"><tr><td><b>Code</b></td><td><b>Display</b></td><td><b>Definition</b></td></tr><tr><td>registered<a name=\"observation-status-registered\"> </a></td><td>Registered</td><td>The existence of the observation is registered, but there is no result yet available.</td></tr><tr><td>preliminary<a name=\"observation-status-preliminary\"> </a></td><td>Preliminary</td><td>This is an initial or interim observation: data may be incomplete or unverified.</td></tr><tr><td>final<a name=\"observation-status-final\"> </a></td><td>Final</td><td>The observation is complete.</td></tr><tr><td>amended<a name=\"observation-status-amended\"> </a></td><td>Amended</td><td>The observation has been modified subsequent to being Final.</td></tr><tr><td>cancelled<a name=\"observation-status-cancelled\"> </a></td><td>cancelled</td><td>The observation is unavailable because the measurement was not started or not completed (also sometimes called &quot;aborted&quot;).</td></tr><tr><td>entered-in-error<a name=\"observation-status-entered-in-error\"> </a></td><td>Entered in Error</td><td>The observation has been withdrawn following previous final release.</td></tr><tr><td>unknown<a name=\"observation-status-unknown\"> </a></td><td>Unknown Status</td><td>The observation status is unknown.  Note that &quot;unknown&quot; is a value of last resort and every attempt should be made to provide a meaningful value other than &quot;unknown&quot;.</td></tr></table></div>"
  },
  "url": "http://hl7.org/fhir/observation-status",
  "identifier": {
    "system": "urn:ietf:rfc:3986",
    "value": "urn:oid:2.16.840.1.113883.4.642.1.219"
  },
  "version": "1.7.0",
  "name": "ObservationStatus",
  "status": "draft",
  "experimental": false,
  "publisher": "HL7 (FHIR Project)",
  "contact": [
    {
      "telecom": [
        {
          "system": "other",
          "value": "http://hl7.org/fhir"
        },
        {
          "system": "email",
          "value": "fhir@lists.hl7.org"
        }
      ]
    }
  ],
  "date": "2016-11-16T23:52:25-05:00",
  "description": "Codes providing the status of an observation.",
  "caseSensitive": true,
  "valueSet": "http://hl7.org/fhir/ValueSet/observation-status",
  "content": "complete",
  "concept": [
    {
      "code": "registered",
      "display": "Registered",
      "definition": "The existence of the observation is registered, but there is no result yet available."
    },
    {
      "code": "preliminary",
      "display": "Preliminary",
      "definition": "This is an initial or interim observation: data may be incomplete or unverified."
    },
    {
      "code": "final",
      "display": "Final",
      "definition": "The observation is complete."
    },
    {
      "code": "amended",
      "display": "Amended",
      "definition": "The observation has been modified subsequent to being Final."
    },
    {
      "code": "cancelled",
      "display": "cancelled",
      "definition": "The observation is unavailable because the measurement was not started or not completed (also sometimes called \"aborted\")."
    },
    {
      "code": "entered-in-error",
      "display": "Entered in Error",
      "definition": "The observation has been withdrawn following previous final release."
    },
    {
      "code": "unknown",
      "display": "Unknown Status",
      "definition": "The observation status is unknown.  Note that \"unknown\" is a value of last resort and every attempt should be made to provide a meaningful value other than \"unknown\"."
    }
  ]
}