{
  "resourceType": "CodeSystem",
  "id": "supplyrequest-status",
  "meta": {
    "lastUpdated": "2016-11-28T17:29:55.664-05:00"
  },
  "text": {
    "status": "generated",
    "div": "<div xmlns=\"http://www.w3.org/1999/xhtml\"><h2>SupplyRequestStatus</h2><div><p>Status of the supply request</p>\n</div><p>This code system http://hl7.org/fhir/supplyrequest-status defines the following codes:</p><table class=\"codes\"><tr><td><b>Code</b></td><td><b>Display</b></td><td><b>Definition</b></td></tr><tr><td>requested<a name=\"supplyrequest-status-requested\"> </a></td><td>Requested</td><td>Supply has been requested, but not dispensed.</td></tr><tr><td>completed<a name=\"supplyrequest-status-completed\"> </a></td><td>Received</td><td>Supply has been received by the requestor.</td></tr><tr><td>failed<a name=\"supplyrequest-status-failed\"> </a></td><td>Failed</td><td>The supply will not be completed because the supplier was unable or unwilling to supply the item.</td></tr><tr><td>cancelled<a name=\"supplyrequest-status-cancelled\"> </a></td><td>Cancelled</td><td>The orderer of the supply cancelled the request.</td></tr></table></div>"
  },
  "url": "http://hl7.org/fhir/supplyrequest-status",
  "identifier": {
    "system": "urn:ietf:rfc:3986",
    "value": "urn:oid:2.16.840.1.113883.4.642.1.354"
  },
  "version": "1.7.0",
  "name": "SupplyRequestStatus",
  "status": "draft",
  "experimental": false,
  "publisher": "HL7 (FHIR Project)",
  "contact": [
    {
      "telecom": [
        {
          "system": "other",
          "value": "http://hl7.org/fhir"
        },
        {
          "system": "email",
          "value": "fhir@lists.hl7.org"
        }
      ]
    }
  ],
  "date": "2016-11-28T17:29:55-05:00",
  "description": "Status of the supply request",
  "caseSensitive": true,
  "valueSet": "http://hl7.org/fhir/ValueSet/supplyrequest-status",
  "content": "complete",
  "concept": [
    {
      "code": "requested",
      "display": "Requested",
      "definition": "Supply has been requested, but not dispensed."
    },
    {
      "code": "completed",
      "display": "Received",
      "definition": "Supply has been received by the requestor."
    },
    {
      "code": "failed",
      "display": "Failed",
      "definition": "The supply will not be completed because the supplier was unable or unwilling to supply the item."
    },
    {
      "code": "cancelled",
      "display": "Cancelled",
      "definition": "The orderer of the supply cancelled the request."
    }
  ]
}