{
  "resourceType": "CodeSystem",
  "id": "report-status-codes",
  "meta": {
    "lastUpdated": "2016-11-16T23:52:25.144-05:00"
  },
  "text": {
    "status": "generated",
    "div": "<div xmlns=\"http://www.w3.org/1999/xhtml\"><h2>TestReportStatus</h2><div><p>The execution status of the TestReport.</p>\n</div><p>This code system http://hl7.org/fhir/report-status-codes defines the following codes:</p><table class=\"codes\"><tr><td><b>Code</b></td><td><b>Display</b></td><td><b>Definition</b></td></tr><tr><td>complete<a name=\"report-status-codes-complete\"> </a></td><td>complete</td><td>The TestReport is complete.</td></tr><tr><td>pending<a name=\"report-status-codes-pending\"> </a></td><td>pending</td><td>The TestReport is pending.</td></tr><tr><td>error<a name=\"report-status-codes-error\"> </a></td><td>error</td><td>The TestReport failed with an error.</td></tr></table></div>"
  },
  "url": "http://hl7.org/fhir/report-status-codes",
  "identifier": {
    "system": "urn:ietf:rfc:3986",
    "value": "urn:oid:2.16.840.1.113883.4.642.1.0"
  },
  "version": "1.7.0",
  "name": "TestReportStatus",
  "status": "draft",
  "experimental": false,
  "publisher": "HL7 (FHIR Project)",
  "contact": [
    {
      "telecom": [
        {
          "system": "other",
          "value": "http://hl7.org/fhir"
        },
        {
          "system": "email",
          "value": "fhir@lists.hl7.org"
        }
      ]
    }
  ],
  "date": "2016-11-16T23:52:25-05:00",
  "description": "The execution status of the TestReport.",
  "caseSensitive": true,
  "valueSet": "http://hl7.org/fhir/ValueSet/report-status-codes",
  "content": "complete",
  "concept": [
    {
      "code": "complete",
      "display": "complete",
      "definition": "The TestReport is complete."
    },
    {
      "code": "pending",
      "display": "pending",
      "definition": "The TestReport is pending."
    },
    {
      "code": "error",
      "display": "error",
      "definition": "The TestReport failed with an error."
    }
  ]
}