{
  "resourceType": "CodeSystem",
  "id": "care-plan-status",
  "meta": {
    "lastUpdated": "2016-11-16T21:13:00.180-05:00"
  },
  "text": {
    "status": "generated",
    "div": "<div xmlns=\"http://www.w3.org/1999/xhtml\"><h2>CarePlanStatus</h2><div><p>Indicates whether the plan is currently being acted upon, represents future intentions or is now a historical record.</p>\n</div><p>This code system http://hl7.org/fhir/care-plan-status defines the following codes:</p><table class=\"codes\"><tr><td><b>Code</b></td><td><b>Display</b></td><td><b>Definition</b></td></tr><tr><td>proposed<a name=\"care-plan-status-proposed\"> </a></td><td>Proposed</td><td>The plan has been suggested but no commitment to it has yet been made.</td></tr><tr><td>draft<a name=\"care-plan-status-draft\"> </a></td><td>Pending</td><td>The plan is in development or awaiting use but is not yet intended to be acted upon.</td></tr><tr><td>active<a name=\"care-plan-status-active\"> </a></td><td>Active</td><td>The plan is intended to be followed and used as part of patient care.</td></tr><tr><td>suspended<a name=\"care-plan-status-suspended\"> </a></td><td>Suspended</td><td>The plan has been temporarily stopped but is expected to resume in the future.</td></tr><tr><td>completed<a name=\"care-plan-status-completed\"> </a></td><td>Completed</td><td>The plan is no longer in use and is not expected to be followed or used in patient care.</td></tr><tr><td>entered-in-error<a name=\"care-plan-status-entered-in-error\"> </a></td><td>Entered In Error</td><td>The plan was entered in error and voided.</td></tr><tr><td>cancelled<a name=\"care-plan-status-cancelled\"> </a></td><td>Cancelled</td><td>The plan has been terminated prior to reaching completion (though it may have been replaced by a new plan).</td></tr><tr><td>unknown<a name=\"care-plan-status-unknown\"> </a></td><td>Unknown</td><td>The authoring system doesn't know the current state of the care plan.</td></tr></table></div>"
  },
  "url": "http://hl7.org/fhir/care-plan-status",
  "identifier": {
    "system": "urn:ietf:rfc:3986",
    "value": "urn:oid:2.16.840.1.113883.4.642.1.60"
  },
  "version": "1.7.0",
  "name": "CarePlanStatus",
  "status": "draft",
  "experimental": false,
  "publisher": "HL7 (FHIR Project)",
  "contact": [
    {
      "telecom": [
        {
          "system": "other",
          "value": "http://hl7.org/fhir"
        },
        {
          "system": "email",
          "value": "fhir@lists.hl7.org"
        }
      ]
    }
  ],
  "date": "2016-11-16T21:13:00-05:00",
  "description": "Indicates whether the plan is currently being acted upon, represents future intentions or is now a historical record.",
  "caseSensitive": true,
  "valueSet": "http://hl7.org/fhir/ValueSet/care-plan-status",
  "content": "complete",
  "concept": [
    {
      "code": "proposed",
      "display": "Proposed",
      "definition": "The plan has been suggested but no commitment to it has yet been made."
    },
    {
      "code": "draft",
      "display": "Pending",
      "definition": "The plan is in development or awaiting use but is not yet intended to be acted upon."
    },
    {
      "code": "active",
      "display": "Active",
      "definition": "The plan is intended to be followed and used as part of patient care."
    },
    {
      "code": "suspended",
      "display": "Suspended",
      "definition": "The plan has been temporarily stopped but is expected to resume in the future."
    },
    {
      "code": "completed",
      "display": "Completed",
      "definition": "The plan is no longer in use and is not expected to be followed or used in patient care."
    },
    {
      "code": "entered-in-error",
      "display": "Entered In Error",
      "definition": "The plan was entered in error and voided."
    },
    {
      "code": "cancelled",
      "display": "Cancelled",
      "definition": "The plan has been terminated prior to reaching completion (though it may have been replaced by a new plan)."
    },
    {
      "code": "unknown",
      "display": "Unknown",
      "definition": "The authoring system doesn't know the current state of the care plan."
    }
  ]
}