{
  "resourceType": "CodeSystem",
  "id": "name-use",
  "meta": {
    "lastUpdated": "2016-11-28T17:29:55.664-05:00"
  },
  "text": {
    "status": "generated",
    "div": "<div xmlns=\"http://www.w3.org/1999/xhtml\"><h2>NameUse</h2><div><p>The use of a human name</p>\n</div><p>This code system http://hl7.org/fhir/name-use defines the following codes:</p><table class=\"codes\"><tr><td><b>Code</b></td><td><b>Display</b></td><td><b>Definition</b></td></tr><tr><td>usual<a name=\"name-use-usual\"> </a></td><td>Usual</td><td>Known as/conventional/the one you normally use</td></tr><tr><td>official<a name=\"name-use-official\"> </a></td><td>Official</td><td>The formal name as registered in an official (government) registry, but which name might not be commonly used. May be called &quot;legal name&quot;.</td></tr><tr><td>temp<a name=\"name-use-temp\"> </a></td><td>Temp</td><td>A temporary name. Name.period can provide more detailed information. This may also be used for temporary names assigned at birth or in emergency situations.</td></tr><tr><td>nickname<a name=\"name-use-nickname\"> </a></td><td>Nickname</td><td>A name that is used to address the person in an informal manner, but is not part of their formal or usual name</td></tr><tr><td>anonymous<a name=\"name-use-anonymous\"> </a></td><td>Anonymous</td><td>Anonymous assigned name, alias, or pseudonym (used to protect a person's identity for privacy reasons)</td></tr><tr><td>old<a name=\"name-use-old\"> </a></td><td>Old</td><td>This name is no longer in use (or was never correct, but retained for records)</td></tr><tr><td>maiden<a name=\"name-use-maiden\"> </a></td><td>Maiden</td><td>A name used prior to marriage. Marriage naming customs vary greatly around the world. This name use is for use by applications that collect and store &quot;maiden&quot; names. Though the concept of maiden name is often gender specific, the use of this term is not gender specific. The use of this term does not imply any particular history for a person's name, nor should the maiden name be determined algorithmically.</td></tr></table></div>"
  },
  "url": "http://hl7.org/fhir/name-use",
  "identifier": {
    "system": "urn:ietf:rfc:3986",
    "value": "urn:oid:2.16.840.1.113883.4.642.1.36"
  },
  "version": "1.7.0",
  "name": "NameUse",
  "status": "draft",
  "experimental": false,
  "publisher": "HL7 (FHIR Project)",
  "contact": [
    {
      "telecom": [
        {
          "system": "other",
          "value": "http://hl7.org/fhir"
        },
        {
          "system": "email",
          "value": "fhir@lists.hl7.org"
        }
      ]
    }
  ],
  "date": "2016-11-28T17:29:55-05:00",
  "description": "The use of a human name",
  "caseSensitive": true,
  "valueSet": "http://hl7.org/fhir/ValueSet/name-use",
  "content": "complete",
  "concept": [
    {
      "code": "usual",
      "display": "Usual",
      "definition": "Known as/conventional/the one you normally use"
    },
    {
      "code": "official",
      "display": "Official",
      "definition": "The formal name as registered in an official (government) registry, but which name might not be commonly used. May be called \"legal name\"."
    },
    {
      "code": "temp",
      "display": "Temp",
      "definition": "A temporary name. Name.period can provide more detailed information. This may also be used for temporary names assigned at birth or in emergency situations."
    },
    {
      "code": "nickname",
      "display": "Nickname",
      "definition": "A name that is used to address the person in an informal manner, but is not part of their formal or usual name"
    },
    {
      "code": "anonymous",
      "display": "Anonymous",
      "definition": "Anonymous assigned name, alias, or pseudonym (used to protect a person's identity for privacy reasons)"
    },
    {
      "code": "old",
      "display": "Old",
      "definition": "This name is no longer in use (or was never correct, but retained for records)"
    },
    {
      "code": "maiden",
      "display": "Maiden",
      "definition": "A name used prior to marriage. Marriage naming customs vary greatly around the world. This name use is for use by applications that collect and store \"maiden\" names. Though the concept of maiden name is often gender specific, the use of this term is not gender specific. The use of this term does not imply any particular history for a person's name, nor should the maiden name be determined algorithmically."
    }
  ]
}