{
  "resourceType": "CodeSystem",
  "id": "request-intent",
  "meta": {
    "lastUpdated": "2016-11-16T21:13:00.180-05:00"
  },
  "text": {
    "status": "generated",
    "div": "<div xmlns=\"http://www.w3.org/1999/xhtml\"><h2>RequestIntent</h2><div><p>Codes indicating the degree of authority/intentionality associated with a request</p>\n</div><p>This code system http://hl7.org/fhir/request-intent defines the following codes:</p><table class=\"codes\"><tr><td><b>Code</b></td><td><b>Display</b></td><td><b>Definition</b></td></tr><tr><td>proposal<a name=\"request-intent-proposal\"> </a></td><td>Proposal</td><td>The request is a suggestion made by someone/something that doesn't have an intention to ensure it occurs and without providing an authorization to act</td></tr><tr><td>plan<a name=\"request-intent-plan\"> </a></td><td>Plan</td><td>The request represents an intension to ensure something occurs without providing an authorization for others to act</td></tr><tr><td>order<a name=\"request-intent-order\"> </a></td><td>Order</td><td>The request represents an initial request/demand and authorization for action</td></tr></table></div>"
  },
  "url": "http://hl7.org/fhir/request-intent",
  "identifier": {
    "system": "urn:ietf:rfc:3986",
    "value": "urn:oid:2.16.840.1.113883.4.642.1.0"
  },
  "version": "1.7.0",
  "name": "RequestIntent",
  "status": "draft",
  "experimental": false,
  "publisher": "HL7 (FHIR Project)",
  "contact": [
    {
      "telecom": [
        {
          "system": "other",
          "value": "http://hl7.org/fhir"
        },
        {
          "system": "email",
          "value": "fhir@lists.hl7.org"
        }
      ]
    }
  ],
  "date": "2016-11-16T21:13:00-05:00",
  "description": "Codes indicating the degree of authority/intentionality associated with a request",
  "caseSensitive": true,
  "valueSet": "http://hl7.org/fhir/ValueSet/request-intent",
  "content": "complete",
  "concept": [
    {
      "code": "proposal",
      "display": "Proposal",
      "definition": "The request is a suggestion made by someone/something that doesn't have an intention to ensure it occurs and without providing an authorization to act"
    },
    {
      "code": "plan",
      "display": "Plan",
      "definition": "The request represents an intension to ensure something occurs without providing an authorization for others to act"
    },
    {
      "code": "order",
      "display": "Order",
      "definition": "The request represents an initial request/demand and authorization for action"
    }
  ]
}