{
  "resourceType": "CodeSystem",
  "id": "message-transport",
  "meta": {
    "lastUpdated": "2016-11-16T23:52:25.144-05:00"
  },
  "text": {
    "status": "generated",
    "div": "<div xmlns=\"http://www.w3.org/1999/xhtml\"><h2>MessageTransport</h2><div><p>The protocol used for message transport.</p>\n</div><p>This code system http://hl7.org/fhir/message-transport defines the following codes:</p><table class=\"codes\"><tr><td><b>Code</b></td><td><b>Display</b></td><td><b>Definition</b></td></tr><tr><td>http<a name=\"message-transport-http\"> </a></td><td>HTTP</td><td>The application sends or receives messages using HTTP POST (may be over http: or https:).</td></tr><tr><td>ftp<a name=\"message-transport-ftp\"> </a></td><td>FTP</td><td>The application sends or receives messages using File Transfer Protocol.</td></tr><tr><td>mllp<a name=\"message-transport-mllp\"> </a></td><td>MLLP</td><td>The application sends or receives messages using HL7's Minimal Lower Level Protocol.</td></tr></table></div>"
  },
  "url": "http://hl7.org/fhir/message-transport",
  "identifier": {
    "system": "urn:ietf:rfc:3986",
    "value": "urn:oid:2.16.840.1.113883.4.642.1.86"
  },
  "version": "1.7.0",
  "name": "MessageTransport",
  "status": "draft",
  "experimental": false,
  "publisher": "HL7 (FHIR Project)",
  "contact": [
    {
      "telecom": [
        {
          "system": "other",
          "value": "http://hl7.org/fhir"
        },
        {
          "system": "email",
          "value": "fhir@lists.hl7.org"
        }
      ]
    }
  ],
  "date": "2016-11-16T23:52:25-05:00",
  "description": "The protocol used for message transport.",
  "caseSensitive": true,
  "valueSet": "http://hl7.org/fhir/ValueSet/message-transport",
  "content": "complete",
  "concept": [
    {
      "code": "http",
      "display": "HTTP",
      "definition": "The application sends or receives messages using HTTP POST (may be over http: or https:)."
    },
    {
      "code": "ftp",
      "display": "FTP",
      "definition": "The application sends or receives messages using File Transfer Protocol."
    },
    {
      "code": "mllp",
      "display": "MLLP",
      "definition": "The application sends or receives messages using HL7's Minimal Lower Level Protocol."
    }
  ]
}