{
  "resourceType": "CodeSystem",
  "id": "contract-subtype",
  "meta": {
    "lastUpdated": "2016-11-28T17:29:55.664-05:00",
    "profile": [
      "http://hl7.org/fhir/StructureDefinition/codesystem-shareable-definition"
    ]
  },
  "text": {
    "status": "generated",
    "div": "<div xmlns=\"http://www.w3.org/1999/xhtml\"><h2>Contract Subtype Codes</h2><div><p>This value set includes sample Contract Subtype codes.</p>\n</div><p><b>Copyright Statement:</b> This is an example set.</p><p>This code system http://hl7.org/fhir/contractsubtypecodes defines the following codes:</p><table class=\"codes\"><tr><td><b>Code</b></td><td><b>Definition</b></td></tr><tr><td>disclosure-CA<a name=\"contract-subtype-disclosure-CA\"> </a></td><td/></tr><tr><td>disclosure-US<a name=\"contract-subtype-disclosure-US\"> </a></td><td/></tr></table></div>"
  },
  "url": "http://hl7.org/fhir/contractsubtypecodes",
  "identifier": {
    "system": "urn:ietf:rfc:3986",
    "value": "urn:oid:2.16.840.1.113883.4.642.1.96"
  },
  "version": "1.7.0",
  "name": "Contract Subtype Codes",
  "status": "draft",
  "experimental": true,
  "publisher": "Financial Management",
  "contact": [
    {
      "telecom": [
        {
          "system": "other",
          "value": "http://hl7.org/fhir"
        }
      ]
    }
  ],
  "description": "This value set includes sample Contract Subtype codes.",
  "copyright": "This is an example set.",
  "caseSensitive": true,
  "valueSet": "http://hl7.org/fhir/ValueSet/contract-subtype",
  "content": "complete",
  "concept": [
    {
      "code": "disclosure-CA"
    },
    {
      "code": "disclosure-US"
    }
  ]
}