{
  "resourceType": "CodeSystem",
  "id": "claim-type",
  "meta": {
    "lastUpdated": "2016-12-19T23:17:56.167-05:00",
    "profile": [
      "http://hl7.org/fhir/StructureDefinition/codesystem-shareable-definition"
    ]
  },
  "text": {
    "status": "generated",
    "div": "<div xmlns=\"http://www.w3.org/1999/xhtml\"><h2>Example Claim Type Codes</h2><div><p>This value set includes sample Claim Type codes.</p>\n</div><p><b>Copyright Statement:</b> This is an example set.</p><p>This code system http://hl7.org/fhir/ex-claimtype defines the following codes:</p><table class=\"codes\"><tr><td><b>Code</b></td><td><b>Display</b></td><td><b>Definition</b></td></tr><tr><td>institutional<a name=\"claim-type-institutional\"> </a></td><td>Institutional</td><td>Hospital, clinic and typically inpatient claims.</td></tr><tr><td>oral<a name=\"claim-type-oral\"> </a></td><td>Oral</td><td>Dental, Denture and Hygiene claims.</td></tr><tr><td>pharmacy<a name=\"claim-type-pharmacy\"> </a></td><td>Pharmacy</td><td>Pharmacy claims for goods and services.</td></tr><tr><td>professional<a name=\"claim-type-professional\"> </a></td><td>Professional</td><td>Typically outpatient claims from Physician, Psychological, Chiropractor, Physiotherapy, Speach Pathology, rehabilitative, consulting.</td></tr><tr><td>vision<a name=\"claim-type-vision\"> </a></td><td>Vision</td><td>Vision claims for professional services and products such as glasses and contact lenses.</td></tr></table></div>"
  },
  "url": "http://hl7.org/fhir/ex-claimtype",
  "identifier": {
    "system": "urn:ietf:rfc:3986",
    "value": "urn:oid:2.16.840.1.113883.4.642.1.322"
  },
  "version": "1.8.0",
  "name": "Example Claim Type Codes",
  "status": "draft",
  "experimental": true,
  "publisher": "Financial Management",
  "contact": [
    {
      "telecom": [
        {
          "system": "url",
          "value": "http://hl7.org/fhir"
        }
      ]
    }
  ],
  "description": "This value set includes sample Claim Type codes.",
  "copyright": "This is an example set.",
  "caseSensitive": true,
  "valueSet": "http://hl7.org/fhir/ValueSet/claim-type",
  "content": "complete",
  "concept": [
    {
      "code": "institutional",
      "display": "Institutional",
      "definition": "Hospital, clinic and typically inpatient claims."
    },
    {
      "code": "oral",
      "display": "Oral",
      "definition": "Dental, Denture and Hygiene claims."
    },
    {
      "code": "pharmacy",
      "display": "Pharmacy",
      "definition": "Pharmacy claims for goods and services."
    },
    {
      "code": "professional",
      "display": "Professional",
      "definition": "Typically outpatient claims from Physician, Psychological, Chiropractor, Physiotherapy, Speach Pathology, rehabilitative, consulting."
    },
    {
      "code": "vision",
      "display": "Vision",
      "definition": "Vision claims for professional services and products such as glasses and contact lenses."
    }
  ]
}