{
  "resourceType": "CodeSystem",
  "id": "missing-tooth-reason",
  "meta": {
    "lastUpdated": "2016-11-16T22:02:32.937-05:00",
    "profile": [
      "http://hl7.org/fhir/StructureDefinition/codesystem-shareable-definition"
    ]
  },
  "text": {
    "status": "generated",
    "div": "<div xmlns=\"http://www.w3.org/1999/xhtml\"><h2>Missing Tooth Reason Codes</h2><div><p>This value set includes sample Missing Tooth Reason codes.</p>\n</div><p><b>Copyright Statement:</b> This is an example set.</p><p>This code system http://hl7.org/fhir/missingtoothreason defines the following codes:</p><table class=\"codes\"><tr><td><b>Code</b></td><td><b>Display</b></td><td><b>Definition</b></td></tr><tr><td>e<a name=\"missing-tooth-reason-e\"> </a></td><td>E</td><td>Extraction</td></tr><tr><td>c<a name=\"missing-tooth-reason-c\"> </a></td><td>C</td><td>Congenital</td></tr><tr><td>u<a name=\"missing-tooth-reason-u\"> </a></td><td>U</td><td>Unknown</td></tr><tr><td>o<a name=\"missing-tooth-reason-o\"> </a></td><td>O</td><td>Other</td></tr></table></div>"
  },
  "url": "http://hl7.org/fhir/missingtoothreason",
  "identifier": {
    "system": "urn:ietf:rfc:3986",
    "value": "urn:oid:2.16.840.1.113883.4.642.1.893"
  },
  "version": "1.7.0",
  "name": "Missing Tooth Reason Codes",
  "status": "draft",
  "experimental": true,
  "publisher": "Financial Management",
  "contact": [
    {
      "telecom": [
        {
          "system": "other",
          "value": "http://hl7.org/fhir"
        }
      ]
    }
  ],
  "description": "This value set includes sample Missing Tooth Reason codes.",
  "copyright": "This is an example set.",
  "caseSensitive": true,
  "valueSet": "http://hl7.org/fhir/ValueSet/missing-tooth-reason",
  "content": "complete",
  "concept": [
    {
      "code": "e",
      "display": "E",
      "definition": "Extraction"
    },
    {
      "code": "c",
      "display": "C",
      "definition": "Congenital"
    },
    {
      "code": "u",
      "display": "U",
      "definition": "Unknown"
    },
    {
      "code": "o",
      "display": "O",
      "definition": "Other"
    }
  ]
}