{
  "resourceType": "CodeSystem",
  "id": "research-subject-status",
  "meta": {
    "lastUpdated": "2016-11-16T22:02:32.937-05:00"
  },
  "text": {
    "status": "generated",
    "div": "<div xmlns=\"http://www.w3.org/1999/xhtml\"><h2>ResearchSubjectStatus</h2><div><p>Indicates the progression of a study subject through a study</p>\n</div><p>This code system http://hl7.org/fhir/research-subject-status defines the following codes:</p><table class=\"codes\"><tr><td><b>Code</b></td><td><b>Display</b></td><td><b>Definition</b></td></tr><tr><td>candidate<a name=\"research-subject-status-candidate\"> </a></td><td>candidate</td><td>The subject has been identified as a potential participant in the study but has not yet agreed to participate</td></tr><tr><td>enrolled<a name=\"research-subject-status-enrolled\"> </a></td><td>enrolled</td><td>The subject has agreed to participate in the study but has not yet begun performing any action within the study</td></tr><tr><td>active<a name=\"research-subject-status-active\"> </a></td><td>active</td><td>The subject is currently being monitored and/or subject to treatment as part of the study</td></tr><tr><td>suspended<a name=\"research-subject-status-suspended\"> </a></td><td>suspended</td><td>The subject has temporarily discontinued monitoring/treatment as part of the study</td></tr><tr><td>withdrawn<a name=\"research-subject-status-withdrawn\"> </a></td><td>withdrawn</td><td>The subject has permanently ended participation in the study prior to completion of the intended monitoring/treatment</td></tr><tr><td>completed<a name=\"research-subject-status-completed\"> </a></td><td>completed</td><td>All intended monitoring/treatment of the subject has been completed and their engagement with the study is now ended</td></tr></table></div>"
  },
  "url": "http://hl7.org/fhir/research-subject-status",
  "identifier": {
    "system": "urn:ietf:rfc:3986",
    "value": "urn:oid:2.16.840.1.113883.4.642.1.0"
  },
  "version": "1.7.0",
  "name": "ResearchSubjectStatus",
  "status": "draft",
  "experimental": false,
  "publisher": "HL7 (FHIR Project)",
  "contact": [
    {
      "telecom": [
        {
          "system": "other",
          "value": "http://hl7.org/fhir"
        },
        {
          "system": "email",
          "value": "fhir@lists.hl7.org"
        }
      ]
    }
  ],
  "date": "2016-11-16T22:02:32-05:00",
  "description": "Indicates the progression of a study subject through a study",
  "caseSensitive": true,
  "valueSet": "http://hl7.org/fhir/ValueSet/research-subject-status",
  "content": "complete",
  "concept": [
    {
      "code": "candidate",
      "display": "candidate",
      "definition": "The subject has been identified as a potential participant in the study but has not yet agreed to participate"
    },
    {
      "code": "enrolled",
      "display": "enrolled",
      "definition": "The subject has agreed to participate in the study but has not yet begun performing any action within the study"
    },
    {
      "code": "active",
      "display": "active",
      "definition": "The subject is currently being monitored and/or subject to treatment as part of the study"
    },
    {
      "code": "suspended",
      "display": "suspended",
      "definition": "The subject has temporarily discontinued monitoring/treatment as part of the study"
    },
    {
      "code": "withdrawn",
      "display": "withdrawn",
      "definition": "The subject has permanently ended participation in the study prior to completion of the intended monitoring/treatment"
    },
    {
      "code": "completed",
      "display": "completed",
      "definition": "All intended monitoring/treatment of the subject has been completed and their engagement with the study is now ended"
    }
  ]
}