{
  "resourceType": "CodeSystem",
  "id": "specimen-status",
  "meta": {
    "lastUpdated": "2016-11-16T21:13:00.180-05:00"
  },
  "text": {
    "status": "generated",
    "div": "<div xmlns=\"http://www.w3.org/1999/xhtml\"><h2>SpecimenStatus</h2><div><p>Codes providing the status/availability of a specimen.</p>\n</div><p>This code system http://hl7.org/fhir/specimen-status defines the following codes:</p><table class=\"codes\"><tr><td><b>Code</b></td><td><b>Display</b></td><td><b>Definition</b></td></tr><tr><td>available<a name=\"specimen-status-available\"> </a></td><td>Available</td><td>The physical specimen is present and in good condition.</td></tr><tr><td>unavailable<a name=\"specimen-status-unavailable\"> </a></td><td>Unavailable</td><td>There is no physical specimen because it is either lost, destroyed or consumed.</td></tr><tr><td>unsatisfactory<a name=\"specimen-status-unsatisfactory\"> </a></td><td>Unsatisfactory</td><td>The specimen cannot be used because of a quality issue such as a broken container, contamination, or too old.</td></tr><tr><td>entered-in-error<a name=\"specimen-status-entered-in-error\"> </a></td><td>Entered-in-error</td><td>The specimen was entered in error and therefore nullified.</td></tr></table></div>"
  },
  "url": "http://hl7.org/fhir/specimen-status",
  "identifier": {
    "system": "urn:ietf:rfc:3986",
    "value": "urn:oid:2.16.840.1.113883.4.642.1.426"
  },
  "version": "1.7.0",
  "name": "SpecimenStatus",
  "status": "draft",
  "experimental": false,
  "publisher": "HL7 (FHIR Project)",
  "contact": [
    {
      "telecom": [
        {
          "system": "other",
          "value": "http://hl7.org/fhir"
        },
        {
          "system": "email",
          "value": "fhir@lists.hl7.org"
        }
      ]
    }
  ],
  "date": "2016-11-16T21:13:00-05:00",
  "description": "Codes providing the status/availability of a specimen.",
  "caseSensitive": true,
  "valueSet": "http://hl7.org/fhir/ValueSet/specimen-status",
  "content": "complete",
  "concept": [
    {
      "code": "available",
      "display": "Available",
      "definition": "The physical specimen is present and in good condition."
    },
    {
      "code": "unavailable",
      "display": "Unavailable",
      "definition": "There is no physical specimen because it is either lost, destroyed or consumed."
    },
    {
      "code": "unsatisfactory",
      "display": "Unsatisfactory",
      "definition": "The specimen cannot be used because of a quality issue such as a broken container, contamination, or too old."
    },
    {
      "code": "entered-in-error",
      "display": "Entered-in-error",
      "definition": "The specimen was entered in error and therefore nullified."
    }
  ]
}