{
  "resourceType": "CodeSystem",
  "id": "communication-request-status",
  "meta": {
    "lastUpdated": "2016-11-16T21:13:00.180-05:00"
  },
  "text": {
    "status": "generated",
    "div": "<div xmlns=\"http://www.w3.org/1999/xhtml\"><h2>CommunicationRequestStatus</h2><div><p>The status of the communication.</p>\n</div><p>This code system http://hl7.org/fhir/communication-request-status defines the following codes:</p><table class=\"codes\"><tr><td><b>Code</b></td><td><b>Display</b></td><td><b>Definition</b></td></tr><tr><td>proposed<a name=\"communication-request-status-proposed\"> </a></td><td>Proposed</td><td>The request has been proposed.</td></tr><tr><td>planned<a name=\"communication-request-status-planned\"> </a></td><td>Planned</td><td>The request has been planned.</td></tr><tr><td>requested<a name=\"communication-request-status-requested\"> </a></td><td>Requested</td><td>The request has been placed.</td></tr><tr><td>received<a name=\"communication-request-status-received\"> </a></td><td>Received</td><td>The receiving system has received the request but not yet decided whether it will be performed.</td></tr><tr><td>accepted<a name=\"communication-request-status-accepted\"> </a></td><td>Accepted</td><td>The receiving system has accepted the order, but work has not yet commenced.</td></tr><tr><td>in-progress<a name=\"communication-request-status-in-progress\"> </a></td><td>In Progress</td><td>The work to fulfill the order is happening.</td></tr><tr><td>completed<a name=\"communication-request-status-completed\"> </a></td><td>Completed</td><td>The work has been complete, the report(s) released, and no further work is planned.</td></tr><tr><td>suspended<a name=\"communication-request-status-suspended\"> </a></td><td>Suspended</td><td>The request has been held by originating system/user request.</td></tr><tr><td>rejected<a name=\"communication-request-status-rejected\"> </a></td><td>Rejected</td><td>The receiving system has declined to fulfill the request</td></tr><tr><td>failed<a name=\"communication-request-status-failed\"> </a></td><td>Failed</td><td>The communication was attempted, but due to some procedural error, it could not be completed.</td></tr></table></div>"
  },
  "url": "http://hl7.org/fhir/communication-request-status",
  "identifier": {
    "system": "urn:ietf:rfc:3986",
    "value": "urn:oid:2.16.840.1.113883.4.642.1.80"
  },
  "version": "1.7.0",
  "name": "CommunicationRequestStatus",
  "status": "draft",
  "experimental": false,
  "publisher": "HL7 (FHIR Project)",
  "contact": [
    {
      "telecom": [
        {
          "system": "other",
          "value": "http://hl7.org/fhir"
        },
        {
          "system": "email",
          "value": "fhir@lists.hl7.org"
        }
      ]
    }
  ],
  "date": "2016-11-16T21:13:00-05:00",
  "description": "The status of the communication.",
  "caseSensitive": true,
  "valueSet": "http://hl7.org/fhir/ValueSet/communication-request-status",
  "content": "complete",
  "concept": [
    {
      "code": "proposed",
      "display": "Proposed",
      "definition": "The request has been proposed."
    },
    {
      "code": "planned",
      "display": "Planned",
      "definition": "The request has been planned."
    },
    {
      "code": "requested",
      "display": "Requested",
      "definition": "The request has been placed."
    },
    {
      "code": "received",
      "display": "Received",
      "definition": "The receiving system has received the request but not yet decided whether it will be performed."
    },
    {
      "code": "accepted",
      "display": "Accepted",
      "definition": "The receiving system has accepted the order, but work has not yet commenced."
    },
    {
      "code": "in-progress",
      "display": "In Progress",
      "definition": "The work to fulfill the order is happening."
    },
    {
      "code": "completed",
      "display": "Completed",
      "definition": "The work has been complete, the report(s) released, and no further work is planned."
    },
    {
      "code": "suspended",
      "display": "Suspended",
      "definition": "The request has been held by originating system/user request."
    },
    {
      "code": "rejected",
      "display": "Rejected",
      "definition": "The receiving system has declined to fulfill the request"
    },
    {
      "code": "failed",
      "display": "Failed",
      "definition": "The communication was attempted, but due to some procedural error, it could not be completed."
    }
  ]
}