{
  "resourceType": "CodeSystem",
  "id": "goal-priority",
  "meta": {
    "lastUpdated": "2016-11-16T23:52:25.144-05:00",
    "profile": [
      "http://hl7.org/fhir/StructureDefinition/codesystem-shareable-definition"
    ]
  },
  "text": {
    "status": "generated",
    "div": "<div xmlns=\"http://www.w3.org/1999/xhtml\"><h2>GoalPriority</h2><div><p>Indicates the level of importance associated with reaching or sustaining a goal.</p>\n</div><p>This code system http://hl7.org/fhir/goal-priority defines the following codes:</p><table class=\"codes\"><tr><td><b>Code</b></td><td><b>Display</b></td><td><b>Definition</b></td></tr><tr><td>high<a name=\"goal-priority-high\"> </a></td><td>high</td><td>Indicates that the goal is of considerable importance and should be a primary focus of care delivery.</td></tr><tr><td>medium<a name=\"goal-priority-medium\"> </a></td><td>medium</td><td>Indicates that the goal has a reasonable degree of importance and that concrete action should be taken towards the goal.  Attainment is not as critical as high-priority goals.</td></tr><tr><td>low<a name=\"goal-priority-low\"> </a></td><td>low</td><td>The goal is desirable but is not sufficiently important to devote significant resources to.  Achievement of the goal may be sought when incidental to achieving other goals.</td></tr></table></div>"
  },
  "url": "http://hl7.org/fhir/goal-priority",
  "identifier": {
    "system": "urn:ietf:rfc:3986",
    "value": "urn:oid:2.16.840.1.113883.4.642.1.151"
  },
  "version": "1.7.0",
  "name": "GoalPriority",
  "status": "draft",
  "experimental": true,
  "publisher": "HL7 International - Patient Care WG",
  "contact": [
    {
      "telecom": [
        {
          "system": "other",
          "value": "http://www.hl7.org/Special/committees/patientcare/"
        }
      ]
    }
  ],
  "description": "Indicates the level of importance associated with reaching or sustaining a goal.",
  "caseSensitive": true,
  "valueSet": "http://hl7.org/fhir/ValueSet/goal-priority",
  "content": "complete",
  "concept": [
    {
      "code": "high",
      "display": "high",
      "definition": "Indicates that the goal is of considerable importance and should be a primary focus of care delivery."
    },
    {
      "code": "medium",
      "display": "medium",
      "definition": "Indicates that the goal has a reasonable degree of importance and that concrete action should be taken towards the goal.  Attainment is not as critical as high-priority goals."
    },
    {
      "code": "low",
      "display": "low",
      "definition": "The goal is desirable but is not sufficiently important to devote significant resources to.  Achievement of the goal may be sought when incidental to achieving other goals."
    }
  ]
}