{
  "resourceType": "CodeSystem",
  "id": "animal-species",
  "meta": {
    "lastUpdated": "2016-12-07T14:18:58.982-05:00",
    "profile": [
      "http://hl7.org/fhir/StructureDefinition/codesystem-shareable-definition"
    ]
  },
  "text": {
    "status": "generated",
    "div": "<div xmlns=\"http://www.w3.org/1999/xhtml\"><h2>AnimalSpecies</h2><div><p>This example value set defines a set of codes that can be used to indicate species of animal patients.</p>\n</div><p><b>Copyright Statement:</b> This value set includes content from SNOMED CT, which is copyright © 2002+ International Health Terminology Standards Development Organisation (IHTSDO), and distributed by agreement between IHTSDO and HL7. Implementer use of SNOMED CT is not covered by this agreement.</p><p>This code system http://hl7.org/fhir/animal-species defines the following codes:</p><table class=\"codes\"><tr><td><b>Code</b></td><td><b>Display</b></td><td><b>Definition</b></td></tr><tr><td>canislf<a name=\"animal-species-canislf\"> </a></td><td>Dog</td><td>Canis lupus familiaris</td></tr><tr><td>ovisa<a name=\"animal-species-ovisa\"> </a></td><td>Sheep</td><td>Ovis aries</td></tr><tr><td>serinuscd<a name=\"animal-species-serinuscd\"> </a></td><td>Domestic Canary</td><td>Serinus canaria domestica</td></tr></table></div>"
  },
  "url": "http://hl7.org/fhir/animal-species",
  "identifier": {
    "system": "urn:ietf:rfc:3986",
    "value": "urn:oid:2.16.840.1.113883.4.642.1.231"
  },
  "version": "1.8.0",
  "name": "AnimalSpecies",
  "status": "draft",
  "experimental": true,
  "publisher": "FHIR Project team",
  "contact": [
    {
      "telecom": [
        {
          "system": "url",
          "value": "http://hl7.org/fhir"
        }
      ]
    }
  ],
  "description": "This example value set defines a set of codes that can be used to indicate species of animal patients.",
  "copyright": "This value set includes content from SNOMED CT, which is copyright © 2002+ International Health Terminology Standards Development Organisation (IHTSDO), and distributed by agreement between IHTSDO and HL7. Implementer use of SNOMED CT is not covered by this agreement.",
  "caseSensitive": true,
  "valueSet": "http://hl7.org/fhir/ValueSet/animal-species",
  "content": "complete",
  "concept": [
    {
      "code": "canislf",
      "display": "Dog",
      "definition": "Canis lupus familiaris"
    },
    {
      "code": "ovisa",
      "display": "Sheep",
      "definition": "Ovis aries"
    },
    {
      "code": "serinuscd",
      "display": "Domestic Canary",
      "definition": "Serinus canaria domestica"
    }
  ]
}