{
  "resourceType": "CodeSystem",
  "id": "reference-version-rules",
  "meta": {
    "lastUpdated": "2016-12-19T23:17:56.167-05:00"
  },
  "text": {
    "status": "generated",
    "div": "<div xmlns=\"http://www.w3.org/1999/xhtml\"><h2>ReferenceVersionRules</h2><div><p>Whether a reference needs to be version specific or version independent, or whetehr either can be used</p>\n</div><p>This code system http://hl7.org/fhir/reference-version-rules defines the following codes:</p><table class=\"codes\"><tr><td><b>Code</b></td><td><b>Display</b></td><td><b>Definition</b></td></tr><tr><td>either<a name=\"reference-version-rules-either\"> </a></td><td>Either Specific or independent</td><td>The reference may be either version independent or version specific</td></tr><tr><td>independent<a name=\"reference-version-rules-independent\"> </a></td><td>Version independent</td><td>The reference must be version independent</td></tr><tr><td>specific<a name=\"reference-version-rules-specific\"> </a></td><td>Version Specific</td><td>The reference must be version specific</td></tr></table></div>"
  },
  "url": "http://hl7.org/fhir/reference-version-rules",
  "identifier": {
    "system": "urn:ietf:rfc:3986",
    "value": "urn:oid:2.16.840.1.113883.4.642.1.869"
  },
  "version": "1.8.0",
  "name": "ReferenceVersionRules",
  "status": "draft",
  "experimental": false,
  "publisher": "HL7 (FHIR Project)",
  "contact": [
    {
      "telecom": [
        {
          "system": "url",
          "value": "http://hl7.org/fhir"
        },
        {
          "system": "email",
          "value": "fhir@lists.hl7.org"
        }
      ]
    }
  ],
  "date": "2016-12-19T23:17:56-05:00",
  "description": "Whether a reference needs to be version specific or version independent, or whetehr either can be used",
  "caseSensitive": true,
  "valueSet": "http://hl7.org/fhir/ValueSet/reference-version-rules",
  "content": "complete",
  "concept": [
    {
      "code": "either",
      "display": "Either Specific or independent",
      "definition": "The reference may be either version independent or version specific"
    },
    {
      "code": "independent",
      "display": "Version independent",
      "definition": "The reference must be version independent"
    },
    {
      "code": "specific",
      "display": "Version Specific",
      "definition": "The reference must be version specific"
    }
  ]
}