{
  "resourceType": "CodeSystem",
  "id": "procedure-progress-status-codes",
  "meta": {
    "lastUpdated": "2016-12-07T14:18:58.982-05:00",
    "profile": [
      "http://hl7.org/fhir/StructureDefinition/codesystem-shareable-definition"
    ]
  },
  "text": {
    "status": "generated",
    "div": "<div xmlns=\"http://www.w3.org/1999/xhtml\"><h2>Procedure Progress Status Codes</h2><div><p>This value set is provided as an exemplar. The value set to instantiate this attribute should be drawn from a terminologically robust code system that consists of or contains concepts to support the procedure performance process.</p>\n</div><p>This code system http://hl7.org/fhir/procedure-progress-status-code defines the following codes:</p><table class=\"codes\"><tr><td><b>Code</b></td><td><b>Display</b></td><td><b>Definition</b></td></tr><tr><td>a<a name=\"procedure-progress-status-codes-a\"> </a></td><td>In Operating Room</td><td>A patient is in the Operating Room.</td></tr><tr><td>b<a name=\"procedure-progress-status-codes-b\"> </a></td><td>Prepared</td><td>The patient is prepared for a procedure.</td></tr><tr><td>c<a name=\"procedure-progress-status-codes-c\"> </a></td><td>Anesthesia induced</td><td>The patient is under anesthesia.</td></tr><tr><td>d<a name=\"procedure-progress-status-codes-d\"> </a></td><td>Opened (skin)</td><td/></tr><tr><td>e<a name=\"procedure-progress-status-codes-e\"> </a></td><td>Closed (skin)</td><td/></tr><tr><td>f<a name=\"procedure-progress-status-codes-f\"> </a></td><td>In Recovery Room</td><td>The patient is in the recovery room.</td></tr></table></div>"
  },
  "url": "http://hl7.org/fhir/procedure-progress-status-code",
  "identifier": {
    "system": "urn:ietf:rfc:3986",
    "value": "urn:oid:2.16.840.1.113883.4.642.1.430"
  },
  "version": "1.8.0",
  "name": "Procedure Progress Status Codes",
  "status": "draft",
  "experimental": true,
  "publisher": "FHIR Project team",
  "contact": [
    {
      "telecom": [
        {
          "system": "url",
          "value": "http://hl7.org/fhir"
        }
      ]
    }
  ],
  "description": "This value set is provided as an exemplar. The value set to instantiate this attribute should be drawn from a terminologically robust code system that consists of or contains concepts to support the procedure performance process.",
  "caseSensitive": true,
  "valueSet": "http://hl7.org/fhir/ValueSet/procedure-progress-status-codes",
  "content": "complete",
  "concept": [
    {
      "code": "a",
      "display": "In Operating Room",
      "definition": "A patient is in the Operating Room."
    },
    {
      "code": "b",
      "display": "Prepared",
      "definition": "The patient is prepared for a procedure."
    },
    {
      "code": "c",
      "display": "Anesthesia induced",
      "definition": "The patient is under anesthesia."
    },
    {
      "code": "d",
      "display": "Opened (skin)"
    },
    {
      "code": "e",
      "display": "Closed (skin)"
    },
    {
      "code": "f",
      "display": "In Recovery Room",
      "definition": "The patient is in the recovery room."
    }
  ]
}