{
  "resourceType": "CodeSystem",
  "id": "condition-ver-status",
  "meta": {
    "lastUpdated": "2016-11-16T21:13:00.180-05:00"
  },
  "text": {
    "status": "generated",
    "div": "<div xmlns=\"http://www.w3.org/1999/xhtml\"><h2>ConditionVerificationStatus</h2><div><p>The verification status to support or decline the clinical status of the condition or diagnosis.</p>\n</div><p>This code system http://hl7.org/fhir/condition-ver-status defines the following codes:</p><table class=\"codes\"><tr><td><b>Code</b></td><td><b>Display</b></td><td><b>Definition</b></td></tr><tr><td>provisional<a name=\"condition-ver-status-provisional\"> </a></td><td>Provisional</td><td>This is a tentative diagnosis - still a candidate that is under consideration.</td></tr><tr><td>differential<a name=\"condition-ver-status-differential\"> </a></td><td>Differential</td><td>One of a set of potential (and typically mutually exclusive) diagnosis asserted to further guide the diagnostic process and preliminary treatment.</td></tr><tr><td>confirmed<a name=\"condition-ver-status-confirmed\"> </a></td><td>Confirmed</td><td>There is sufficient diagnostic and/or clinical evidence to treat this as a confirmed condition.</td></tr><tr><td>refuted<a name=\"condition-ver-status-refuted\"> </a></td><td>Refuted</td><td>This condition has been ruled out by diagnostic and clinical evidence.</td></tr><tr><td>entered-in-error<a name=\"condition-ver-status-entered-in-error\"> </a></td><td>Entered In Error</td><td>The statement was entered in error and is not valid.</td></tr><tr><td>unknown<a name=\"condition-ver-status-unknown\"> </a></td><td>Unknown</td><td>The condition status is unknown.  Note that &quot;unknown&quot; is a value of last resort and every attempt should be made to provide a meaningful value other than &quot;unknown&quot;.</td></tr></table></div>"
  },
  "url": "http://hl7.org/fhir/condition-ver-status",
  "identifier": {
    "system": "urn:ietf:rfc:3986",
    "value": "urn:oid:2.16.840.1.113883.4.642.1.75"
  },
  "version": "1.7.0",
  "name": "ConditionVerificationStatus",
  "status": "draft",
  "experimental": false,
  "publisher": "HL7 (FHIR Project)",
  "contact": [
    {
      "telecom": [
        {
          "system": "other",
          "value": "http://hl7.org/fhir"
        },
        {
          "system": "email",
          "value": "fhir@lists.hl7.org"
        }
      ]
    }
  ],
  "date": "2016-11-16T21:13:00-05:00",
  "description": "The verification status to support or decline the clinical status of the condition or diagnosis.",
  "caseSensitive": true,
  "valueSet": "http://hl7.org/fhir/ValueSet/condition-ver-status",
  "content": "complete",
  "concept": [
    {
      "code": "provisional",
      "display": "Provisional",
      "definition": "This is a tentative diagnosis - still a candidate that is under consideration."
    },
    {
      "code": "differential",
      "display": "Differential",
      "definition": "One of a set of potential (and typically mutually exclusive) diagnosis asserted to further guide the diagnostic process and preliminary treatment."
    },
    {
      "code": "confirmed",
      "display": "Confirmed",
      "definition": "There is sufficient diagnostic and/or clinical evidence to treat this as a confirmed condition."
    },
    {
      "code": "refuted",
      "display": "Refuted",
      "definition": "This condition has been ruled out by diagnostic and clinical evidence."
    },
    {
      "code": "entered-in-error",
      "display": "Entered In Error",
      "definition": "The statement was entered in error and is not valid."
    },
    {
      "code": "unknown",
      "display": "Unknown",
      "definition": "The condition status is unknown.  Note that \"unknown\" is a value of last resort and every attempt should be made to provide a meaningful value other than \"unknown\"."
    }
  ]
}