{
  "resourceType": "CodeSystem",
  "id": "contract-actorrole",
  "meta": {
    "lastUpdated": "2016-11-16T22:02:32.937-05:00",
    "profile": [
      "http://hl7.org/fhir/StructureDefinition/codesystem-shareable-definition"
    ]
  },
  "text": {
    "status": "generated",
    "div": "<div xmlns=\"http://www.w3.org/1999/xhtml\"><h2>Contract Actor Role Codes</h2><div><p>This value set includes sample Contract Actor Role codes.</p>\n</div><p><b>Copyright Statement:</b> This is an example set.</p><p>This code system http://www.hl7.org/fhir/contractactorrole defines the following codes:</p><table class=\"codes\"><tr><td><b>Code</b></td><td><b>Display</b></td><td><b>Definition</b></td></tr><tr><td>practitioner<a name=\"contract-actorrole-practitioner\"> </a></td><td>Practitioner</td><td/></tr><tr><td>patient<a name=\"contract-actorrole-patient\"> </a></td><td>Patient</td><td/></tr></table></div>"
  },
  "url": "http://www.hl7.org/fhir/contractactorrole",
  "identifier": {
    "system": "urn:ietf:rfc:3986",
    "value": "urn:oid:2.16.840.1.113883.4.642.1.102"
  },
  "version": "1.7.0",
  "name": "Contract Actor Role Codes",
  "status": "draft",
  "experimental": true,
  "publisher": "CBCC",
  "contact": [
    {
      "telecom": [
        {
          "system": "other",
          "value": "http://hl7.org/fhir"
        }
      ]
    }
  ],
  "description": "This value set includes sample Contract Actor Role codes.",
  "copyright": "This is an example set.",
  "caseSensitive": true,
  "valueSet": "http://hl7.org/fhir/ValueSet/contract-actorrole",
  "content": "complete",
  "concept": [
    {
      "code": "practitioner",
      "display": "Practitioner"
    },
    {
      "code": "patient",
      "display": "Patient"
    }
  ]
}