{
  "resourceType": "CodeSystem",
  "id": "filter-operator",
  "meta": {
    "lastUpdated": "2016-11-16T22:02:32.937-05:00"
  },
  "text": {
    "status": "generated",
    "div": "<div xmlns=\"http://www.w3.org/1999/xhtml\"><h2>FilterOperator</h2><div><p>The kind of operation to perform as a part of a property based filter.</p>\n</div><p>This code system http://hl7.org/fhir/filter-operator defines the following codes:</p><table class=\"codes\"><tr><td><b>Code</b></td><td><b>Display</b></td><td><b>Definition</b></td></tr><tr><td>=<a name=\"filter-operator-.61\"> </a></td><td>Equals</td><td>The specified property of the code equals the provided value.</td></tr><tr><td>is-a<a name=\"filter-operator-is-a\"> </a></td><td>Is A (by subsumption)</td><td>Includes all concept ids that have a transitive is-a relationship with the concept Id provided as the value, including the provided concept itself (i.e. include child codes)</td></tr><tr><td>descendent-of<a name=\"filter-operator-descendent-of\"> </a></td><td>Descendent Of (by subsumption)</td><td>Includes all concept ids that have a transitive is-a relationship with the concept Id provided as the value, excluding the provided concept itself (i.e. include child codes)</td></tr><tr><td>is-not-a<a name=\"filter-operator-is-not-a\"> </a></td><td>Not (Is A) (by subsumption)</td><td>The specified property of the code does not have an is-a relationship with the provided value.</td></tr><tr><td>regex<a name=\"filter-operator-regex\"> </a></td><td>Regular Expression</td><td>The specified property of the code  matches the regex specified in the provided value.</td></tr><tr><td>in<a name=\"filter-operator-in\"> </a></td><td>In Set</td><td>The specified property of the code is in the set of codes or concepts specified in the provided value (comma separated list).</td></tr><tr><td>not-in<a name=\"filter-operator-not-in\"> </a></td><td>Not in Set</td><td>The specified property of the code is not in the set of codes or concepts specified in the provided value (comma separated list).</td></tr><tr><td>generalizes<a name=\"filter-operator-generalizes\"> </a></td><td>Generalizes (by Subsumption)</td><td>Includes all concept ids that have a transitive is-a relationship from the concept Id provided as the value, including the provided concept itself (e.g. include parent codes)</td></tr></table></div>"
  },
  "url": "http://hl7.org/fhir/filter-operator",
  "identifier": {
    "system": "urn:ietf:rfc:3986",
    "value": "urn:oid:2.16.840.1.113883.4.642.1.280"
  },
  "version": "1.7.0",
  "name": "FilterOperator",
  "status": "draft",
  "experimental": false,
  "publisher": "HL7 (FHIR Project)",
  "contact": [
    {
      "telecom": [
        {
          "system": "other",
          "value": "http://hl7.org/fhir"
        },
        {
          "system": "email",
          "value": "fhir@lists.hl7.org"
        }
      ]
    }
  ],
  "date": "2016-11-16T22:02:32-05:00",
  "description": "The kind of operation to perform as a part of a property based filter.",
  "caseSensitive": true,
  "valueSet": "http://hl7.org/fhir/ValueSet/filter-operator",
  "content": "complete",
  "concept": [
    {
      "code": "=",
      "display": "Equals",
      "definition": "The specified property of the code equals the provided value."
    },
    {
      "code": "is-a",
      "display": "Is A (by subsumption)",
      "definition": "Includes all concept ids that have a transitive is-a relationship with the concept Id provided as the value, including the provided concept itself (i.e. include child codes)"
    },
    {
      "code": "descendent-of",
      "display": "Descendent Of (by subsumption)",
      "definition": "Includes all concept ids that have a transitive is-a relationship with the concept Id provided as the value, excluding the provided concept itself (i.e. include child codes)"
    },
    {
      "code": "is-not-a",
      "display": "Not (Is A) (by subsumption)",
      "definition": "The specified property of the code does not have an is-a relationship with the provided value."
    },
    {
      "code": "regex",
      "display": "Regular Expression",
      "definition": "The specified property of the code  matches the regex specified in the provided value."
    },
    {
      "code": "in",
      "display": "In Set",
      "definition": "The specified property of the code is in the set of codes or concepts specified in the provided value (comma separated list)."
    },
    {
      "code": "not-in",
      "display": "Not in Set",
      "definition": "The specified property of the code is not in the set of codes or concepts specified in the provided value (comma separated list)."
    },
    {
      "code": "generalizes",
      "display": "Generalizes (by Subsumption)",
      "definition": "Includes all concept ids that have a transitive is-a relationship from the concept Id provided as the value, including the provided concept itself (e.g. include parent codes)"
    }
  ]
}