{
  "resourceType": "CodeSystem",
  "id": "request-priority",
  "meta": {
    "lastUpdated": "2016-12-20T04:17:56.167+00:00"
  },
  "text": {
    "status": "generated",
    "div": "<div xmlns=\"http://www.w3.org/1999/xhtml\">\n\t\t\t<h2>RequestPriority</h2>\n\t\t\t<div>\n\t\t\t\t<p>The clinical priority of a order.</p>\n\t\t\t</div>\n\t\t\t<p>This code system http://hl7.org/fhir/request-priority defines the following codes:</p>\n\t\t\t<table class=\"codes\">\n\t\t\t\t<tr>\n\t\t\t\t\t<td>\n\t\t\t\t\t\t<b>Code</b>\n\t\t\t\t\t</td>\n\t\t\t\t\t<td>\n\t\t\t\t\t\t<b>Display</b>\n\t\t\t\t\t</td>\n\t\t\t\t\t<td>\n\t\t\t\t\t\t<b>Definition</b>\n\t\t\t\t\t</td>\n\t\t\t\t</tr>\n\t\t\t\t<tr>\n\t\t\t\t\t<td>routine<a name=\"request-priority-routine\"> </a>\n\t\t\t\t\t</td>\n\t\t\t\t\t<td>Routine</td>\n\t\t\t\t\t<td>The order has a normal priority .</td>\n\t\t\t\t</tr>\n\t\t\t\t<tr>\n\t\t\t\t\t<td>urgent<a name=\"request-priority-urgent\"> </a>\n\t\t\t\t\t</td>\n\t\t\t\t\t<td>Urgent</td>\n\t\t\t\t\t<td>The order should be urgently.</td>\n\t\t\t\t</tr>\n\t\t\t\t<tr>\n\t\t\t\t\t<td>stat<a name=\"request-priority-stat\"> </a>\n\t\t\t\t\t</td>\n\t\t\t\t\t<td>Stat</td>\n\t\t\t\t\t<td>The order is time-critical.</td>\n\t\t\t\t</tr>\n\t\t\t\t<tr>\n\t\t\t\t\t<td>asap<a name=\"request-priority-asap\"> </a>\n\t\t\t\t\t</td>\n\t\t\t\t\t<td>ASAP</td>\n\t\t\t\t\t<td>The order should be acted on as soon as possible.</td>\n\t\t\t\t</tr>\n\t\t\t</table>\n\t\t</div>"
  },
  "url": "http://hl7.org/fhir/request-priority",
  "identifier": {
    "system": "urn:ietf:rfc:3986",
    "value": "urn:oid:2.16.840.1.113883.4.642.1.0"
  },
  "version": "1.5.0",
  "name": "RequestPriority",
  "status": "draft",
  "experimental": false,
  "publisher": "HL7 (FHIR Project)",
  "contact": [
    {
      "telecom": [
        {
          "system": "url",
          "value": "http://hl7.org/fhir"
        },
        {
          "system": "email",
          "value": "fhir@lists.hl7.org"
        }
      ]
    }
  ],
  "date": "2016-07-17T18:04:27+00:00",
  "description": "The clinical priority of an order.",
  "caseSensitive": true,
  "valueSet": "http://hl7.org/fhir/ValueSet/request-priority",
  "content": "complete",
  "concept": [
    {
      "code": "routine",
      "display": "Routine",
      "definition": "The order has a normal priority ."
    },
    {
      "code": "urgent",
      "display": "Urgent",
      "definition": "The order should be urgently."
    },
    {
      "code": "stat",
      "display": "Stat",
      "definition": "The order is time-critical."
    },
    {
      "code": "asap",
      "display": "ASAP",
      "definition": "The order should be acted on as soon as possible."
    }
  ]
}