{
  "resourceType": "CodeSystem",
  "id": "allergy-intolerance-type",
  "meta": {
    "lastUpdated": "2016-11-16T22:02:32.937-05:00"
  },
  "text": {
    "status": "generated",
    "div": "<div xmlns=\"http://www.w3.org/1999/xhtml\"><h2>AllergyIntoleranceType</h2><div><p>Identification of the underlying physiological mechanism for a Reaction Risk.</p>\n</div><p>This code system http://hl7.org/fhir/allergy-intolerance-type defines the following codes:</p><table class=\"codes\"><tr><td><b>Code</b></td><td><b>Display</b></td><td><b>Definition</b></td></tr><tr><td>allergy<a name=\"allergy-intolerance-type-allergy\"> </a></td><td>Allergy</td><td>A propensity for hypersensitivity reaction(s) to a substance.  These reactions are most typically type I hypersensitivity, plus other &quot;allergy-like&quot; reactions, including pseudoallergy.</td></tr><tr><td>intolerance<a name=\"allergy-intolerance-type-intolerance\"> </a></td><td>Intolerance</td><td>A propensity for adverse reactions to a substance that is not judged to be allergic or &quot;allergy-like&quot;.  These reactions are typically (but not necessarily) non-immune.  They are to some degree idiosyncratic and/or individually specific (i.e. are not a reaction that is expected to occur with most or all patients given similar circumstances).</td></tr></table></div>"
  },
  "url": "http://hl7.org/fhir/allergy-intolerance-type",
  "identifier": {
    "system": "urn:ietf:rfc:3986",
    "value": "urn:oid:2.16.840.1.113883.4.642.1.52"
  },
  "version": "1.7.0",
  "name": "AllergyIntoleranceType",
  "status": "draft",
  "experimental": false,
  "publisher": "HL7 (FHIR Project)",
  "contact": [
    {
      "telecom": [
        {
          "system": "other",
          "value": "http://hl7.org/fhir"
        },
        {
          "system": "email",
          "value": "fhir@lists.hl7.org"
        }
      ]
    }
  ],
  "date": "2016-11-16T22:02:32-05:00",
  "description": "Identification of the underlying physiological mechanism for a Reaction Risk.",
  "caseSensitive": true,
  "valueSet": "http://hl7.org/fhir/ValueSet/allergy-intolerance-type",
  "content": "complete",
  "concept": [
    {
      "code": "allergy",
      "display": "Allergy",
      "definition": "A propensity for hypersensitivity reaction(s) to a substance.  These reactions are most typically type I hypersensitivity, plus other \"allergy-like\" reactions, including pseudoallergy."
    },
    {
      "code": "intolerance",
      "display": "Intolerance",
      "definition": "A propensity for adverse reactions to a substance that is not judged to be allergic or \"allergy-like\".  These reactions are typically (but not necessarily) non-immune.  They are to some degree idiosyncratic and/or individually specific (i.e. are not a reaction that is expected to occur with most or all patients given similar circumstances)."
    }
  ]
}