{
  "resourceType": "CodeSystem",
  "id": "guidance-response-status",
  "meta": {
    "lastUpdated": "2016-11-16T23:52:25.144-05:00"
  },
  "text": {
    "status": "generated",
    "div": "<div xmlns=\"http://www.w3.org/1999/xhtml\"><h2>GuidanceResponseStatus</h2><div><p>The status of a guidance response</p>\n</div><p>This code system http://hl7.org/fhir/guidance-response-status defines the following codes:</p><table class=\"codes\"><tr><td><b>Code</b></td><td><b>Display</b></td><td><b>Definition</b></td></tr><tr><td>success<a name=\"guidance-response-status-success\"> </a></td><td>Success</td><td>The request was processed successfully</td></tr><tr><td>data-requested<a name=\"guidance-response-status-data-requested\"> </a></td><td>Data Requested</td><td>The request was processed successfully, but more data may result in a more complete evaluation</td></tr><tr><td>data-required<a name=\"guidance-response-status-data-required\"> </a></td><td>Data Required</td><td>The request was processed, but more data is required to complete the evaluation</td></tr><tr><td>in-progress<a name=\"guidance-response-status-in-progress\"> </a></td><td>In Progress</td><td>The request is currently being processed</td></tr><tr><td>failure<a name=\"guidance-response-status-failure\"> </a></td><td>Failure</td><td>The request was not processed successfully</td></tr></table></div>"
  },
  "url": "http://hl7.org/fhir/guidance-response-status",
  "identifier": {
    "system": "urn:ietf:rfc:3986",
    "value": "urn:oid:2.16.840.1.113883.4.642.1.489"
  },
  "version": "1.7.0",
  "name": "GuidanceResponseStatus",
  "status": "draft",
  "experimental": false,
  "publisher": "HL7 (FHIR Project)",
  "contact": [
    {
      "telecom": [
        {
          "system": "other",
          "value": "http://hl7.org/fhir"
        },
        {
          "system": "email",
          "value": "fhir@lists.hl7.org"
        }
      ]
    }
  ],
  "date": "2016-11-16T23:52:25-05:00",
  "description": "The status of a guidance response",
  "caseSensitive": true,
  "valueSet": "http://hl7.org/fhir/ValueSet/guidance-response-status",
  "content": "complete",
  "concept": [
    {
      "code": "success",
      "display": "Success",
      "definition": "The request was processed successfully"
    },
    {
      "code": "data-requested",
      "display": "Data Requested",
      "definition": "The request was processed successfully, but more data may result in a more complete evaluation"
    },
    {
      "code": "data-required",
      "display": "Data Required",
      "definition": "The request was processed, but more data is required to complete the evaluation"
    },
    {
      "code": "in-progress",
      "display": "In Progress",
      "definition": "The request is currently being processed"
    },
    {
      "code": "failure",
      "display": "Failure",
      "definition": "The request was not processed successfully"
    }
  ]
}