{
  "resourceType": "CodeSystem",
  "id": "publication-status",
  "meta": {
    "lastUpdated": "2016-11-16T23:52:25.144-05:00"
  },
  "text": {
    "status": "generated",
    "div": "<div xmlns=\"http://www.w3.org/1999/xhtml\"><h2>PublicationStatus</h2><div><p>The lifecycle status of a Value Set or Concept Map.</p>\n</div><p>This code system http://hl7.org/fhir/publication-status defines the following codes:</p><table class=\"codes\"><tr><td><b>Code</b></td><td><b>Display</b></td><td><b>Definition</b></td></tr><tr><td>draft<a name=\"publication-status-draft\"> </a></td><td>Draft</td><td>This resource is still under development.</td></tr><tr><td>active<a name=\"publication-status-active\"> </a></td><td>Active</td><td>This resource is ready for normal use.</td></tr><tr><td>retired<a name=\"publication-status-retired\"> </a></td><td>Retired</td><td>This resource has been withdrawn or superseded and should no longer be used.</td></tr></table><p><b>Additional Language Displays</b></p><table class=\"codes\"><tr><td><b>Code</b></td><td><b>Nederlands (Dutch, nl)</b></td><td><b>Русский (Russian, ru)</b></td></tr><tr><td>draft</td><td>ontwerp</td><td>черновик</td></tr><tr><td>active</td><td>actief</td><td>активный</td></tr><tr><td>retired</td><td>verouderd</td><td>удалён</td></tr></table></div>"
  },
  "url": "http://hl7.org/fhir/publication-status",
  "identifier": {
    "system": "urn:ietf:rfc:3986",
    "value": "urn:oid:2.16.840.1.113883.4.642.1.publication-status"
  },
  "version": "1.7.0",
  "name": "PublicationStatus",
  "status": "draft",
  "experimental": false,
  "date": "2016-11-16T23:52:25-05:00",
  "description": "The lifecycle status of a Value Set or Concept Map.",
  "caseSensitive": true,
  "valueSet": "http://hl7.org/fhir/ValueSet/publication-status",
  "content": "complete",
  "concept": [
    {
      "code": "draft",
      "display": "Draft",
      "definition": "This resource is still under development.",
      "designation": [
        {
          "language": "ru",
          "value": "черновик"
        },
        {
          "language": "nl",
          "value": "ontwerp"
        }
      ]
    },
    {
      "code": "active",
      "display": "Active",
      "definition": "This resource is ready for normal use.",
      "designation": [
        {
          "language": "ru",
          "value": "активный"
        },
        {
          "language": "nl",
          "value": "actief"
        }
      ]
    },
    {
      "code": "retired",
      "display": "Retired",
      "definition": "This resource has been withdrawn or superseded and should no longer be used.",
      "designation": [
        {
          "language": "ru",
          "value": "удалён"
        },
        {
          "language": "nl",
          "value": "verouderd"
        }
      ]
    }
  ]
}