{
  "resourceType": "CodeSystem",
  "id": "event-capability-mode",
  "meta": {
    "lastUpdated": "2016-11-16T21:13:00.180-05:00"
  },
  "text": {
    "status": "generated",
    "div": "<div xmlns=\"http://www.w3.org/1999/xhtml\"><h2>EventCapabilityMode</h2><div><p>The mode of a message capability statement.</p>\n</div><p>This code system http://hl7.org/fhir/event-capability-mode defines the following codes:</p><table class=\"codes\"><tr><td><b>Code</b></td><td><b>Display</b></td><td><b>Definition</b></td></tr><tr><td>sender<a name=\"event-capability-mode-sender\"> </a></td><td>Sender</td><td>The application sends requests and receives responses.</td></tr><tr><td>receiver<a name=\"event-capability-mode-receiver\"> </a></td><td>Receiver</td><td>The application receives requests and sends responses.</td></tr></table></div>"
  },
  "url": "http://hl7.org/fhir/event-capability-mode",
  "identifier": {
    "system": "urn:ietf:rfc:3986",
    "value": "urn:oid:2.16.840.1.113883.4.642.1.0"
  },
  "version": "1.7.0",
  "name": "EventCapabilityMode",
  "status": "draft",
  "experimental": false,
  "publisher": "HL7 (FHIR Project)",
  "contact": [
    {
      "telecom": [
        {
          "system": "other",
          "value": "http://hl7.org/fhir"
        },
        {
          "system": "email",
          "value": "fhir@lists.hl7.org"
        }
      ]
    }
  ],
  "date": "2016-11-16T21:13:00-05:00",
  "description": "The mode of a message capability statement.",
  "caseSensitive": true,
  "valueSet": "http://hl7.org/fhir/ValueSet/event-capability-mode",
  "content": "complete",
  "concept": [
    {
      "code": "sender",
      "display": "Sender",
      "definition": "The application sends requests and receives responses."
    },
    {
      "code": "receiver",
      "display": "Receiver",
      "definition": "The application receives requests and sends responses."
    }
  ]
}