{
  "resourceType": "CodeSystem",
  "id": "referralstatus",
  "meta": {
    "lastUpdated": "2016-12-19T23:17:56.167-05:00"
  },
  "text": {
    "status": "generated",
    "div": "<div xmlns=\"http://www.w3.org/1999/xhtml\"><h2>ReferralStatus</h2><div><p>The status of the referral.</p>\n</div><p>This code system http://hl7.org/fhir/referralstatus defines the following codes:</p><table class=\"codes\"><tr><td><b>Code</b></td><td><b>Display</b></td><td><b>Definition</b></td></tr><tr><td>draft<a name=\"referralstatus-draft\"> </a></td><td>Draft</td><td>A draft referral that has yet to be send.</td></tr><tr><td>active<a name=\"referralstatus-active\"> </a></td><td>Active</td><td>The referral is complete and is ready for fulfillment.</td></tr><tr><td>cancelled<a name=\"referralstatus-cancelled\"> </a></td><td>Cancelled</td><td>The referral has been cancelled without being completed. For example it is no longer needed.</td></tr><tr><td>completed<a name=\"referralstatus-completed\"> </a></td><td>Completed</td><td>The referral has been completely actioned.</td></tr><tr><td>entered-in-error<a name=\"referralstatus-entered-in-error\"> </a></td><td>Entered in Error</td><td>This referral record should never have existed, though it's possible some degree of real-world activity or decisions may have been taken due to its existence</td></tr></table></div>"
  },
  "url": "http://hl7.org/fhir/referralstatus",
  "identifier": {
    "system": "urn:ietf:rfc:3986",
    "value": "urn:oid:2.16.840.1.113883.4.642.1.300"
  },
  "version": "1.8.0",
  "name": "ReferralStatus",
  "status": "draft",
  "experimental": false,
  "publisher": "HL7 (FHIR Project)",
  "contact": [
    {
      "telecom": [
        {
          "system": "url",
          "value": "http://hl7.org/fhir"
        },
        {
          "system": "email",
          "value": "fhir@lists.hl7.org"
        }
      ]
    }
  ],
  "date": "2016-12-19T23:17:56-05:00",
  "description": "The status of the referral.",
  "caseSensitive": true,
  "valueSet": "http://hl7.org/fhir/ValueSet/referralstatus",
  "content": "complete",
  "concept": [
    {
      "code": "draft",
      "display": "Draft",
      "definition": "A draft referral that has yet to be send."
    },
    {
      "code": "active",
      "display": "Active",
      "definition": "The referral is complete and is ready for fulfillment."
    },
    {
      "code": "cancelled",
      "display": "Cancelled",
      "definition": "The referral has been cancelled without being completed. For example it is no longer needed."
    },
    {
      "code": "completed",
      "display": "Completed",
      "definition": "The referral has been completely actioned."
    },
    {
      "code": "entered-in-error",
      "display": "Entered in Error",
      "definition": "This referral record should never have existed, though it's possible some degree of real-world activity or decisions may have been taken due to its existence"
    }
  ]
}