{
  "resourceType": "CodeSystem",
  "id": "icd-10-procedures",
  "meta": {
    "lastUpdated": "2016-11-28T17:29:55.664-05:00",
    "profile": [
      "http://hl7.org/fhir/StructureDefinition/codesystem-shareable-definition"
    ]
  },
  "text": {
    "status": "generated",
    "div": "<div xmlns=\"http://www.w3.org/1999/xhtml\"><h2>ICD-10 Procedure Codes</h2><div><p>This value set includes sample ICD-10 Procedure codes.</p>\n</div><p><b>Copyright Statement:</b> This is an example set.</p><p>This code system http://hl7.org/fhir/sid/ex-icd-10-procedures defines the following codes:</p><table class=\"codes\"><tr><td><b>Code</b></td><td><b>Display</b></td><td><b>Definition</b></td></tr><tr><td>123001<a name=\"icd-10-procedures-123001\"> </a></td><td>PROC-1</td><td>Procedure 1</td></tr><tr><td>123002<a name=\"icd-10-procedures-123002\"> </a></td><td>PROC-2</td><td>Procedure 2</td></tr><tr><td>123003<a name=\"icd-10-procedures-123003\"> </a></td><td>PROC-3</td><td>Procedure 3</td></tr></table></div>"
  },
  "url": "http://hl7.org/fhir/sid/ex-icd-10-procedures",
  "identifier": {
    "system": "urn:ietf:rfc:3986",
    "value": "urn:oid:2.16.840.1.113883.4.642.1.533"
  },
  "version": "1.7.0",
  "name": "ICD-10 Procedure Codes",
  "status": "draft",
  "experimental": true,
  "publisher": "Financial Management",
  "contact": [
    {
      "telecom": [
        {
          "system": "other",
          "value": "http://hl7.org/fhir"
        }
      ]
    }
  ],
  "description": "This value set includes sample ICD-10 Procedure codes.",
  "copyright": "This is an example set.",
  "caseSensitive": true,
  "valueSet": "http://hl7.org/fhir/ValueSet/icd-10-procedures",
  "content": "complete",
  "concept": [
    {
      "code": "123001",
      "display": "PROC-1",
      "definition": "Procedure 1"
    },
    {
      "code": "123002",
      "display": "PROC-2",
      "definition": "Procedure 2"
    },
    {
      "code": "123003",
      "display": "PROC-3",
      "definition": "Procedure 3"
    }
  ]
}