{
  "resourceType": "CodeSystem",
  "id": "metric-color",
  "meta": {
    "lastUpdated": "2016-11-16T22:02:32.937-05:00"
  },
  "text": {
    "status": "generated",
    "div": "<div xmlns=\"http://www.w3.org/1999/xhtml\"><h2>DeviceMetricColor</h2><div><p>Describes the typical color of representation.</p>\n</div><p>This code system http://hl7.org/fhir/metric-color defines the following codes:</p><table class=\"codes\"><tr><td><b>Code</b></td><td><b>Display</b></td><td><b>Definition</b></td></tr><tr><td>black<a name=\"metric-color-black\"> </a></td><td>Color Black</td><td>Color for representation - black.</td></tr><tr><td>red<a name=\"metric-color-red\"> </a></td><td>Color Red</td><td>Color for representation - red.</td></tr><tr><td>green<a name=\"metric-color-green\"> </a></td><td>Color Green</td><td>Color for representation - green.</td></tr><tr><td>yellow<a name=\"metric-color-yellow\"> </a></td><td>Color Yellow</td><td>Color for representation - yellow.</td></tr><tr><td>blue<a name=\"metric-color-blue\"> </a></td><td>Color Blue</td><td>Color for representation - blue.</td></tr><tr><td>magenta<a name=\"metric-color-magenta\"> </a></td><td>Color Magenta</td><td>Color for representation - magenta.</td></tr><tr><td>cyan<a name=\"metric-color-cyan\"> </a></td><td>Color Cyan</td><td>Color for representation - cyan.</td></tr><tr><td>white<a name=\"metric-color-white\"> </a></td><td>Color White</td><td>Color for representation - white.</td></tr></table></div>"
  },
  "url": "http://hl7.org/fhir/metric-color",
  "identifier": {
    "system": "urn:ietf:rfc:3986",
    "value": "urn:oid:2.16.840.1.113883.4.642.1.341"
  },
  "version": "1.7.0",
  "name": "DeviceMetricColor",
  "status": "draft",
  "experimental": false,
  "publisher": "HL7 (FHIR Project)",
  "contact": [
    {
      "telecom": [
        {
          "system": "other",
          "value": "http://hl7.org/fhir"
        },
        {
          "system": "email",
          "value": "fhir@lists.hl7.org"
        }
      ]
    }
  ],
  "date": "2016-11-16T22:02:32-05:00",
  "description": "Describes the typical color of representation.",
  "caseSensitive": true,
  "valueSet": "http://hl7.org/fhir/ValueSet/metric-color",
  "content": "complete",
  "concept": [
    {
      "code": "black",
      "display": "Color Black",
      "definition": "Color for representation - black."
    },
    {
      "code": "red",
      "display": "Color Red",
      "definition": "Color for representation - red."
    },
    {
      "code": "green",
      "display": "Color Green",
      "definition": "Color for representation - green."
    },
    {
      "code": "yellow",
      "display": "Color Yellow",
      "definition": "Color for representation - yellow."
    },
    {
      "code": "blue",
      "display": "Color Blue",
      "definition": "Color for representation - blue."
    },
    {
      "code": "magenta",
      "display": "Color Magenta",
      "definition": "Color for representation - magenta."
    },
    {
      "code": "cyan",
      "display": "Color Cyan",
      "definition": "Color for representation - cyan."
    },
    {
      "code": "white",
      "display": "Color White",
      "definition": "Color for representation - white."
    }
  ]
}