{
  "resourceType": "CodeSystem",
  "id": "narrative-status",
  "meta": {
    "lastUpdated": "2016-12-19T23:17:56.167-05:00"
  },
  "text": {
    "status": "generated",
    "div": "<div xmlns=\"http://www.w3.org/1999/xhtml\"><h2>NarrativeStatus</h2><div><p>The status of a resource narrative</p>\n</div><p>This code system http://hl7.org/fhir/narrative-status defines the following codes:</p><table class=\"codes\"><tr><td><b>Code</b></td><td><b>Display</b></td><td><b>Definition</b></td></tr><tr><td>generated<a name=\"narrative-status-generated\"> </a></td><td>Generated</td><td>The contents of the narrative are entirely generated from the structured data in the content.</td></tr><tr><td>extensions<a name=\"narrative-status-extensions\"> </a></td><td>Extensions</td><td>The contents of the narrative are entirely generated from the structured data in the content and some of the content is generated from extensions</td></tr><tr><td>additional<a name=\"narrative-status-additional\"> </a></td><td>Additional</td><td>The contents of the narrative may contain additional information not found in the structured data. Note that there is no computable way to determine what the extra information is, other than by human inspection</td></tr><tr><td>empty<a name=\"narrative-status-empty\"> </a></td><td>Empty</td><td>The contents of the narrative are some equivalent of &quot;No human-readable text provided in this case&quot;</td></tr></table></div>"
  },
  "url": "http://hl7.org/fhir/narrative-status",
  "identifier": {
    "system": "urn:ietf:rfc:3986",
    "value": "urn:oid:2.16.840.1.113883.4.642.1.32"
  },
  "version": "1.8.0",
  "name": "NarrativeStatus",
  "status": "draft",
  "experimental": false,
  "publisher": "HL7 (FHIR Project)",
  "contact": [
    {
      "telecom": [
        {
          "system": "url",
          "value": "http://hl7.org/fhir"
        },
        {
          "system": "email",
          "value": "fhir@lists.hl7.org"
        }
      ]
    }
  ],
  "date": "2016-12-19T23:17:56-05:00",
  "description": "The status of a resource narrative",
  "caseSensitive": true,
  "valueSet": "http://hl7.org/fhir/ValueSet/narrative-status",
  "content": "complete",
  "concept": [
    {
      "code": "generated",
      "display": "Generated",
      "definition": "The contents of the narrative are entirely generated from the structured data in the content."
    },
    {
      "code": "extensions",
      "display": "Extensions",
      "definition": "The contents of the narrative are entirely generated from the structured data in the content and some of the content is generated from extensions"
    },
    {
      "code": "additional",
      "display": "Additional",
      "definition": "The contents of the narrative may contain additional information not found in the structured data. Note that there is no computable way to determine what the extra information is, other than by human inspection"
    },
    {
      "code": "empty",
      "display": "Empty",
      "definition": "The contents of the narrative are some equivalent of \"No human-readable text provided in this case\""
    }
  ]
}