{
  "resourceType": "CodeSystem",
  "id": "abstract-types",
  "meta": {
    "lastUpdated": "2016-11-16T22:02:32.937-05:00"
  },
  "text": {
    "status": "generated",
    "div": "<div xmlns=\"http://www.w3.org/1999/xhtml\"><h2>AbstractType</h2><div><p>A type defined by FHIR that is an abstract type</p>\n</div><p>This code system http://hl7.org/fhir/abstract-types defines the following codes:</p><table class=\"codes\"><tr><td><b>Code</b></td><td><b>Display</b></td><td><b>Definition</b></td></tr><tr><td>Type<a name=\"abstract-types-Type\"> </a></td><td>Type</td><td>A place holder that means any kind of data type</td></tr><tr><td>Any<a name=\"abstract-types-Any\"> </a></td><td>Any</td><td>A place holder that means any kind of resource</td></tr></table></div>"
  },
  "url": "http://hl7.org/fhir/abstract-types",
  "version": "1.7.0",
  "name": "AbstractType",
  "status": "draft",
  "experimental": false,
  "publisher": "HL7 (FHIR Project)",
  "contact": [
    {
      "telecom": [
        {
          "system": "other",
          "value": "http://hl7.org/fhir"
        },
        {
          "system": "email",
          "value": "fhir@lists.hl7.org"
        }
      ]
    }
  ],
  "date": "2016-11-16T22:02:32-05:00",
  "description": "A type defined by FHIR that is an abstract type",
  "caseSensitive": true,
  "valueSet": "http://hl7.org/fhir/ValueSet/abstract-types",
  "content": "complete",
  "concept": [
    {
      "code": "Type",
      "display": "Type",
      "definition": "A place holder that means any kind of data type"
    },
    {
      "code": "Any",
      "display": "Any",
      "definition": "A place holder that means any kind of resource"
    }
  ]
}