{
  "resourceType": "CodeSystem",
  "id": "message-reason-encounter",
  "meta": {
    "lastUpdated": "2016-11-28T17:29:55.664-05:00",
    "profile": [
      "http://hl7.org/fhir/StructureDefinition/codesystem-shareable-definition"
    ]
  },
  "text": {
    "status": "generated",
    "div": "<div xmlns=\"http://www.w3.org/1999/xhtml\"><h2>Example Message Reason Codes</h2><div><p>Example Message Reasons. These are the set of codes that might be used an updating an encounter using admin-update.</p>\n</div><p>This code system http://hl7.org/fhir/message-reasons-encounter defines the following codes:</p><table class=\"codes\"><tr><td><b>Code</b></td><td><b>Display</b></td><td><b>Definition</b></td></tr><tr><td>admit<a name=\"message-reason-encounter-admit\"> </a></td><td>Admit</td><td>The patient has been admitted.</td></tr><tr><td>discharge<a name=\"message-reason-encounter-discharge\"> </a></td><td>Discharge</td><td>The patient has been discharged.</td></tr><tr><td>absent<a name=\"message-reason-encounter-absent\"> </a></td><td>Absent</td><td>The patient has temporarily left the institution.</td></tr><tr><td>return<a name=\"message-reason-encounter-return\"> </a></td><td>Returned</td><td>The patient has returned from a temporary absence.</td></tr><tr><td>moved<a name=\"message-reason-encounter-moved\"> </a></td><td>Moved</td><td>The patient has been moved to a new location.</td></tr><tr><td>edit<a name=\"message-reason-encounter-edit\"> </a></td><td>Edit</td><td>Encounter details have been updated (e.g. to correct a coding error).</td></tr></table></div>"
  },
  "url": "http://hl7.org/fhir/message-reasons-encounter",
  "identifier": {
    "system": "urn:ietf:rfc:3986",
    "value": "urn:oid:2.16.840.1.113883.4.642.1.202"
  },
  "version": "1.7.0",
  "name": "Example Message Reason Codes",
  "status": "draft",
  "experimental": true,
  "publisher": "FHIR Project",
  "contact": [
    {
      "telecom": [
        {
          "system": "other",
          "value": "http://hl7.org/fhir"
        }
      ]
    }
  ],
  "description": "Example Message Reasons. These are the set of codes that might be used an updating an encounter using admin-update.",
  "caseSensitive": true,
  "valueSet": "http://hl7.org/fhir/ValueSet/message-reason-encounter",
  "content": "complete",
  "concept": [
    {
      "code": "admit",
      "display": "Admit",
      "definition": "The patient has been admitted."
    },
    {
      "code": "discharge",
      "display": "Discharge",
      "definition": "The patient has been discharged."
    },
    {
      "code": "absent",
      "display": "Absent",
      "definition": "The patient has temporarily left the institution."
    },
    {
      "code": "return",
      "display": "Returned",
      "definition": "The patient has returned from a temporary absence."
    },
    {
      "code": "moved",
      "display": "Moved",
      "definition": "The patient has been moved to a new location."
    },
    {
      "code": "edit",
      "display": "Edit",
      "definition": "Encounter details have been updated (e.g. to correct a coding error)."
    }
  ]
}