{
  "resourceType": "CodeSystem",
  "id": "copy-number-event",
  "meta": {
    "lastUpdated": "2016-12-19T23:17:56.167-05:00"
  },
  "text": {
    "status": "generated",
    "div": "<div xmlns=\"http://www.w3.org/1999/xhtml\"><h2>CopyNumberEvent</h2><div><p>Copy Number Event</p>\n</div><p>This code system http://hl7.org/fhir/copy-number-event defines the following codes:</p><table class=\"codes\"><tr><td><b>Code</b></td><td><b>Display</b></td><td><b>Definition</b></td></tr><tr><td>amp<a name=\"copy-number-event-amp\"> </a></td><td>amplificaiton</td><td>amplificaiton</td></tr><tr><td>del<a name=\"copy-number-event-del\"> </a></td><td>deletion</td><td>deletion</td></tr><tr><td>lof<a name=\"copy-number-event-lof\"> </a></td><td>loss of function</td><td>loss of function</td></tr></table></div>"
  },
  "url": "http://hl7.org/fhir/copy-number-event",
  "identifier": {
    "system": "urn:ietf:rfc:3986",
    "value": "urn:oid:2.16.840.1.113883.4.642.1.524"
  },
  "version": "1.8.0",
  "name": "CopyNumberEvent",
  "status": "draft",
  "experimental": false,
  "publisher": "HL7 (FHIR Project)",
  "contact": [
    {
      "telecom": [
        {
          "system": "url",
          "value": "http://hl7.org/fhir"
        },
        {
          "system": "email",
          "value": "fhir@lists.hl7.org"
        }
      ]
    }
  ],
  "date": "2016-12-19T23:17:56-05:00",
  "description": "Copy Number Event",
  "caseSensitive": true,
  "valueSet": "http://hl7.org/fhir/ValueSet/copy-number-event",
  "content": "complete",
  "concept": [
    {
      "code": "amp",
      "display": "amplificaiton",
      "definition": "amplificaiton"
    },
    {
      "code": "del",
      "display": "deletion",
      "definition": "deletion"
    },
    {
      "code": "lof",
      "display": "loss of function",
      "definition": "loss of function"
    }
  ]
}