{
  "resourceType": "CodeSystem",
  "id": "questionnaire-display-category",
  "meta": {
    "lastUpdated": "2016-11-16T21:13:00.180-05:00",
    "profile": [
      "http://hl7.org/fhir/StructureDefinition/codesystem-shareable-definition"
    ]
  },
  "text": {
    "status": "generated",
    "div": "<div xmlns=\"http://www.w3.org/1999/xhtml\"><h2>Questionnaire Text Categories</h2><div><p>Codes defining the purpose of a Questionnaire item of type 'text'.</p>\n</div><p>This code system http://hl7.org/fhir/questionnaire-display-category defines the following codes:</p><table class=\"codes\"><tr><td><b>Code</b></td><td><b>Display</b></td><td><b>Definition</b></td></tr><tr><td>instructions<a name=\"questionnaire-display-category-instructions\"> </a></td><td>Instructions</td><td>The text provides guidances on how to populate or use a portion of the questionnaire (or the questionnaire as a whole).</td></tr><tr><td>security<a name=\"questionnaire-display-category-security\"> </a></td><td>Security</td><td>The text provides guidance on how the information should be or will be handled from a security/confidentiality/access control perspective when completed</td></tr></table></div>"
  },
  "url": "http://hl7.org/fhir/questionnaire-display-category",
  "identifier": {
    "system": "urn:ietf:rfc:3986",
    "value": "urn:oid:2.16.840.1.113883.4.642.1.510"
  },
  "version": "1.7.0",
  "name": "Questionnaire Text Categories",
  "status": "draft",
  "experimental": true,
  "publisher": "HL7 International - Patient Care WG",
  "contact": [
    {
      "telecom": [
        {
          "system": "other",
          "value": "http://www.hl7.org/Special/committees/patientcare"
        }
      ]
    }
  ],
  "description": "Codes defining the purpose of a Questionnaire item of type 'text'.",
  "caseSensitive": true,
  "valueSet": "http://hl7.org/fhir/ValueSet/questionnaire-display-category",
  "content": "complete",
  "concept": [
    {
      "code": "instructions",
      "display": "Instructions",
      "definition": "The text provides guidances on how to populate or use a portion of the questionnaire (or the questionnaire as a whole)."
    },
    {
      "code": "security",
      "display": "Security",
      "definition": "The text provides guidance on how the information should be or will be handled from a security/confidentiality/access control perspective when completed"
    }
  ]
}