{
  "resourceType": "CodeSystem",
  "id": "remittance-outcome",
  "meta": {
    "lastUpdated": "2016-11-16T21:13:00.180-05:00",
    "profile": [
      "http://hl7.org/fhir/StructureDefinition/codesystem-shareable-definition"
    ]
  },
  "text": {
    "status": "generated",
    "div": "<div xmlns=\"http://www.w3.org/1999/xhtml\"><h2>Claim Processing Codes</h2><div><p>This value set includes a Claim Processing Outcome codes.</p>\n</div><p><b>Copyright Statement:</b> This is an example set.</p><p>This code system http://hl7.org/fhir/remittance-outcome defines the following codes:</p><table class=\"codes\"><tr><td><b>Code</b></td><td><b>Display</b></td><td><b>Definition</b></td></tr><tr><td>complete<a name=\"remittance-outcome-complete\"> </a></td><td>Processing Complete</td><td>The processing has completed without errors</td></tr><tr><td>error<a name=\"remittance-outcome-error\"> </a></td><td>Error</td><td>One or more erros have been detected in the Claim</td></tr><tr><td>partial<a name=\"remittance-outcome-partial\"> </a></td><td>Partial Processing</td><td>No errors have been detected in the Claim and some of the adjudication has been performed.</td></tr></table></div>"
  },
  "url": "http://hl7.org/fhir/remittance-outcome",
  "identifier": {
    "system": "urn:ietf:rfc:3986",
    "value": "urn:oid:2.16.840.1.113883.4.642.1.7"
  },
  "version": "1.7.0",
  "name": "Claim Processing Codes",
  "status": "draft",
  "experimental": true,
  "publisher": "FHIR Project team",
  "contact": [
    {
      "telecom": [
        {
          "system": "other",
          "value": "http://hl7.org/fhir"
        }
      ]
    }
  ],
  "description": "This value set includes a Claim Processing Outcome codes.",
  "copyright": "This is an example set.",
  "caseSensitive": true,
  "valueSet": "http://hl7.org/fhir/ValueSet/remittance-outcome",
  "content": "complete",
  "concept": [
    {
      "code": "complete",
      "display": "Processing Complete",
      "definition": "The processing has completed without errors"
    },
    {
      "code": "error",
      "display": "Error",
      "definition": "One or more erros have been detected in the Claim"
    },
    {
      "code": "partial",
      "display": "Partial Processing",
      "definition": "No errors have been detected in the Claim and some of the adjudication has been performed."
    }
  ]
}