{
  "resourceType": "CodeSystem",
  "id": "measure-report-type",
  "meta": {
    "lastUpdated": "2016-12-07T14:18:58.982-05:00"
  },
  "text": {
    "status": "generated",
    "div": "<div xmlns=\"http://www.w3.org/1999/xhtml\"><h2>MeasureReportType</h2><div><p>The type of the measure report</p>\n</div><p>This code system http://hl7.org/fhir/measure-report-type defines the following codes:</p><table class=\"codes\"><tr><td><b>Code</b></td><td><b>Display</b></td><td><b>Definition</b></td></tr><tr><td>individual<a name=\"measure-report-type-individual\"> </a></td><td>Individual</td><td>An individual report that provides information on the performance for a given measure with respect to a single patient</td></tr><tr><td>patient-list<a name=\"measure-report-type-patient-list\"> </a></td><td>Patient List</td><td>A patient list report that includes a listing of patients that satisfied each population criteria in the measure</td></tr><tr><td>summary<a name=\"measure-report-type-summary\"> </a></td><td>Summary</td><td>A summary report that returns the number of patients in each population criteria for the measure</td></tr></table></div>"
  },
  "url": "http://hl7.org/fhir/measure-report-type",
  "identifier": {
    "system": "urn:ietf:rfc:3986",
    "value": "urn:oid:2.16.840.1.113883.4.642.1.559"
  },
  "version": "1.8.0",
  "name": "MeasureReportType",
  "status": "draft",
  "experimental": false,
  "publisher": "HL7 (FHIR Project)",
  "contact": [
    {
      "telecom": [
        {
          "system": "url",
          "value": "http://hl7.org/fhir"
        },
        {
          "system": "email",
          "value": "fhir@lists.hl7.org"
        }
      ]
    }
  ],
  "date": "2016-12-07T14:18:58-05:00",
  "description": "The type of the measure report",
  "caseSensitive": true,
  "valueSet": "http://hl7.org/fhir/ValueSet/measure-report-type",
  "content": "complete",
  "concept": [
    {
      "code": "individual",
      "display": "Individual",
      "definition": "An individual report that provides information on the performance for a given measure with respect to a single patient"
    },
    {
      "code": "patient-list",
      "display": "Patient List",
      "definition": "A patient list report that includes a listing of patients that satisfied each population criteria in the measure"
    },
    {
      "code": "summary",
      "display": "Summary",
      "definition": "A summary report that returns the number of patients in each population criteria for the measure"
    }
  ]
}