{
  "resourceType": "CodeSystem",
  "id": "teeth",
  "meta": {
    "lastUpdated": "2016-11-16T23:52:25.144-05:00",
    "profile": [
      "http://hl7.org/fhir/StructureDefinition/codesystem-shareable-definition"
    ]
  },
  "text": {
    "status": "generated",
    "div": "<div xmlns=\"http://www.w3.org/1999/xhtml\"><h2>Teeth Codes</h2><div><p>This value set includes the FDI Teeth codes.</p>\n</div><p><b>Copyright Statement:</b> This is an example set.</p><p>This code system http://hl7.org/fhir/ex-fdi defines the following codes:</p><table class=\"codes\"><tr><td><b>Code</b></td><td><b>Display</b></td><td><b>Definition</b></td></tr><tr><td>11<a name=\"teeth-11\"> </a></td><td>11</td><td>Upper Right Tooth 1 from the central axis, permanent dentition.</td></tr><tr><td>12<a name=\"teeth-12\"> </a></td><td>12</td><td>Upper Right Tooth 2 from the central axis, permanent dentition.</td></tr><tr><td>13<a name=\"teeth-13\"> </a></td><td>13</td><td>Upper Right Tooth 3 from the central axis, permanent dentition.</td></tr><tr><td>14<a name=\"teeth-14\"> </a></td><td>14</td><td>Upper Right Tooth 4 from the central axis, permanent dentition.</td></tr><tr><td>15<a name=\"teeth-15\"> </a></td><td>15</td><td>Upper Right Tooth 5 from the central axis, permanent dentition.</td></tr><tr><td>16<a name=\"teeth-16\"> </a></td><td>16</td><td>Upper Right Tooth 6 from the central axis, permanent dentition.</td></tr><tr><td>17<a name=\"teeth-17\"> </a></td><td>17</td><td>Upper Right Tooth 7 from the central axis, permanent dentition.</td></tr><tr><td>18<a name=\"teeth-18\"> </a></td><td>18</td><td>Upper Right Tooth 8 from the central axis, permanent dentition.</td></tr><tr><td>21<a name=\"teeth-21\"> </a></td><td>21</td><td>Upper Left Tooth 1 from the central axis, permanent dentition.</td></tr><tr><td>22<a name=\"teeth-22\"> </a></td><td>22</td><td>Upper Left Tooth 2 from the central axis, permanent dentition.</td></tr><tr><td>23<a name=\"teeth-23\"> </a></td><td>23</td><td>Upper Left Tooth 3 from the central axis, permanent dentition.</td></tr><tr><td>24<a name=\"teeth-24\"> </a></td><td>24</td><td>Upper Left Tooth 4 from the central axis, permanent dentition.</td></tr><tr><td>25<a name=\"teeth-25\"> </a></td><td>25</td><td>Upper Left Tooth 5 from the central axis, permanent dentition.</td></tr><tr><td>26<a name=\"teeth-26\"> </a></td><td>26</td><td>Upper Left Tooth 6 from the central axis, permanent dentition.</td></tr><tr><td>27<a name=\"teeth-27\"> </a></td><td>27</td><td>Upper Left Tooth 7 from the central axis, permanent dentition.</td></tr><tr><td>28<a name=\"teeth-28\"> </a></td><td>28</td><td>Upper Left Tooth 8 from the central axis, permanent dentition.</td></tr><tr><td>31<a name=\"teeth-31\"> </a></td><td>31</td><td>Lower Left Tooth 1 from the central axis, permanent dentition.</td></tr><tr><td>32<a name=\"teeth-32\"> </a></td><td>32</td><td>Lower Left Tooth 2 from the central axis, permanent dentition.</td></tr><tr><td>33<a name=\"teeth-33\"> </a></td><td>33</td><td>Lower Left Tooth 3 from the central axis, permanent dentition.</td></tr><tr><td>34<a name=\"teeth-34\"> </a></td><td>34</td><td>Lower Left Tooth 4 from the central axis, permanent dentition.</td></tr><tr><td>35<a name=\"teeth-35\"> </a></td><td>35</td><td>Lower Left Tooth 5 from the central axis, permanent dentition.</td></tr><tr><td>36<a name=\"teeth-36\"> </a></td><td>36</td><td>Lower Left Tooth 6 from the central axis, permanent dentition.</td></tr><tr><td>37<a name=\"teeth-37\"> </a></td><td>37</td><td>Lower Left Tooth 7 from the central axis, permanent dentition.</td></tr><tr><td>38<a name=\"teeth-38\"> </a></td><td>38</td><td>Lower Left Tooth 8 from the central axis, permanent dentition.</td></tr><tr><td>41<a name=\"teeth-41\"> </a></td><td>41</td><td>Lower Right Tooth 1 from the central axis, permanent dentition.</td></tr><tr><td>42<a name=\"teeth-42\"> </a></td><td>42</td><td>Lower Right Tooth 2 from the central axis, permanent dentition.</td></tr><tr><td>43<a name=\"teeth-43\"> </a></td><td>43</td><td>Lower Right Tooth 3 from the central axis, permanent dentition.</td></tr><tr><td>44<a name=\"teeth-44\"> </a></td><td>44</td><td>Lower Right Tooth 4 from the central axis, permanent dentition.</td></tr><tr><td>45<a name=\"teeth-45\"> </a></td><td>45</td><td>Lower Right Tooth 5 from the central axis, permanent dentition.</td></tr><tr><td>46<a name=\"teeth-46\"> </a></td><td>46</td><td>Lower Right Tooth 6 from the central axis, permanent dentition.</td></tr><tr><td>47<a name=\"teeth-47\"> </a></td><td>47</td><td>Lower Right Tooth 7 from the central axis, permanent dentition.</td></tr><tr><td>48<a name=\"teeth-48\"> </a></td><td>48</td><td>Lower Right Tooth 8 from the central axis, permanent dentition.</td></tr></table></div>"
  },
  "url": "http://hl7.org/fhir/ex-fdi",
  "identifier": {
    "system": "urn:ietf:rfc:3986",
    "value": "urn:oid:2.16.840.1.113883.4.642.1.318"
  },
  "version": "1.7.0",
  "name": "Teeth Codes",
  "status": "draft",
  "experimental": true,
  "publisher": "FHIR Project team",
  "contact": [
    {
      "telecom": [
        {
          "system": "other",
          "value": "http://hl7.org/fhir"
        }
      ]
    }
  ],
  "description": "This value set includes the FDI Teeth codes.",
  "copyright": "This is an example set.",
  "caseSensitive": true,
  "valueSet": "http://hl7.org/fhir/ValueSet/teeth",
  "content": "complete",
  "concept": [
    {
      "code": "11",
      "display": "11",
      "definition": "Upper Right Tooth 1 from the central axis, permanent dentition."
    },
    {
      "code": "12",
      "display": "12",
      "definition": "Upper Right Tooth 2 from the central axis, permanent dentition."
    },
    {
      "code": "13",
      "display": "13",
      "definition": "Upper Right Tooth 3 from the central axis, permanent dentition."
    },
    {
      "code": "14",
      "display": "14",
      "definition": "Upper Right Tooth 4 from the central axis, permanent dentition."
    },
    {
      "code": "15",
      "display": "15",
      "definition": "Upper Right Tooth 5 from the central axis, permanent dentition."
    },
    {
      "code": "16",
      "display": "16",
      "definition": "Upper Right Tooth 6 from the central axis, permanent dentition."
    },
    {
      "code": "17",
      "display": "17",
      "definition": "Upper Right Tooth 7 from the central axis, permanent dentition."
    },
    {
      "code": "18",
      "display": "18",
      "definition": "Upper Right Tooth 8 from the central axis, permanent dentition."
    },
    {
      "code": "21",
      "display": "21",
      "definition": "Upper Left Tooth 1 from the central axis, permanent dentition."
    },
    {
      "code": "22",
      "display": "22",
      "definition": "Upper Left Tooth 2 from the central axis, permanent dentition."
    },
    {
      "code": "23",
      "display": "23",
      "definition": "Upper Left Tooth 3 from the central axis, permanent dentition."
    },
    {
      "code": "24",
      "display": "24",
      "definition": "Upper Left Tooth 4 from the central axis, permanent dentition."
    },
    {
      "code": "25",
      "display": "25",
      "definition": "Upper Left Tooth 5 from the central axis, permanent dentition."
    },
    {
      "code": "26",
      "display": "26",
      "definition": "Upper Left Tooth 6 from the central axis, permanent dentition."
    },
    {
      "code": "27",
      "display": "27",
      "definition": "Upper Left Tooth 7 from the central axis, permanent dentition."
    },
    {
      "code": "28",
      "display": "28",
      "definition": "Upper Left Tooth 8 from the central axis, permanent dentition."
    },
    {
      "code": "31",
      "display": "31",
      "definition": "Lower Left Tooth 1 from the central axis, permanent dentition."
    },
    {
      "code": "32",
      "display": "32",
      "definition": "Lower Left Tooth 2 from the central axis, permanent dentition."
    },
    {
      "code": "33",
      "display": "33",
      "definition": "Lower Left Tooth 3 from the central axis, permanent dentition."
    },
    {
      "code": "34",
      "display": "34",
      "definition": "Lower Left Tooth 4 from the central axis, permanent dentition."
    },
    {
      "code": "35",
      "display": "35",
      "definition": "Lower Left Tooth 5 from the central axis, permanent dentition."
    },
    {
      "code": "36",
      "display": "36",
      "definition": "Lower Left Tooth 6 from the central axis, permanent dentition."
    },
    {
      "code": "37",
      "display": "37",
      "definition": "Lower Left Tooth 7 from the central axis, permanent dentition."
    },
    {
      "code": "38",
      "display": "38",
      "definition": "Lower Left Tooth 8 from the central axis, permanent dentition."
    },
    {
      "code": "41",
      "display": "41",
      "definition": "Lower Right Tooth 1 from the central axis, permanent dentition."
    },
    {
      "code": "42",
      "display": "42",
      "definition": "Lower Right Tooth 2 from the central axis, permanent dentition."
    },
    {
      "code": "43",
      "display": "43",
      "definition": "Lower Right Tooth 3 from the central axis, permanent dentition."
    },
    {
      "code": "44",
      "display": "44",
      "definition": "Lower Right Tooth 4 from the central axis, permanent dentition."
    },
    {
      "code": "45",
      "display": "45",
      "definition": "Lower Right Tooth 5 from the central axis, permanent dentition."
    },
    {
      "code": "46",
      "display": "46",
      "definition": "Lower Right Tooth 6 from the central axis, permanent dentition."
    },
    {
      "code": "47",
      "display": "47",
      "definition": "Lower Right Tooth 7 from the central axis, permanent dentition."
    },
    {
      "code": "48",
      "display": "48",
      "definition": "Lower Right Tooth 8 from the central axis, permanent dentition."
    }
  ]
}