{
  "resourceType": "CodeSystem",
  "id": "http-verb",
  "meta": {
    "lastUpdated": "2016-11-16T23:52:25.144-05:00"
  },
  "text": {
    "status": "generated",
    "div": "<div xmlns=\"http://www.w3.org/1999/xhtml\"><h2>HTTPVerb</h2><div><p>HTTP verbs (in the HTTP command line).</p>\n</div><p>This code system http://hl7.org/fhir/http-verb defines the following codes:</p><table class=\"codes\"><tr><td><b>Code</b></td><td><b>Display</b></td><td><b>Definition</b></td></tr><tr><td>GET<a name=\"http-verb-GET\"> </a></td><td>GET</td><td>HTTP GET</td></tr><tr><td>POST<a name=\"http-verb-POST\"> </a></td><td>POST</td><td>HTTP POST</td></tr><tr><td>PUT<a name=\"http-verb-PUT\"> </a></td><td>PUT</td><td>HTTP PUT</td></tr><tr><td>DELETE<a name=\"http-verb-DELETE\"> </a></td><td>DELETE</td><td>HTTP DELETE</td></tr></table></div>"
  },
  "url": "http://hl7.org/fhir/http-verb",
  "identifier": {
    "system": "urn:ietf:rfc:3986",
    "value": "urn:oid:2.16.840.1.113883.4.642.1.329"
  },
  "version": "1.7.0",
  "name": "HTTPVerb",
  "status": "draft",
  "experimental": false,
  "publisher": "HL7 (FHIR Project)",
  "contact": [
    {
      "telecom": [
        {
          "system": "other",
          "value": "http://hl7.org/fhir"
        },
        {
          "system": "email",
          "value": "fhir@lists.hl7.org"
        }
      ]
    }
  ],
  "date": "2016-11-16T23:52:25-05:00",
  "description": "HTTP verbs (in the HTTP command line).",
  "caseSensitive": true,
  "valueSet": "http://hl7.org/fhir/ValueSet/http-verb",
  "content": "complete",
  "concept": [
    {
      "code": "GET",
      "display": "GET",
      "definition": "HTTP GET"
    },
    {
      "code": "POST",
      "display": "POST",
      "definition": "HTTP POST"
    },
    {
      "code": "PUT",
      "display": "PUT",
      "definition": "HTTP PUT"
    },
    {
      "code": "DELETE",
      "display": "DELETE",
      "definition": "HTTP DELETE"
    }
  ]
}