{
  "resourceType": "CodeSystem",
  "id": "measure-population",
  "meta": {
    "lastUpdated": "2016-12-19T23:17:56.167-05:00"
  },
  "text": {
    "status": "generated",
    "div": "<div xmlns=\"http://www.w3.org/1999/xhtml\"><h2>MeasurePopulationType</h2><div><p>The type of population</p>\n</div><p>This code system http://hl7.org/fhir/measure-population defines the following codes:</p><table class=\"codes\"><tr><td><b>Code</b></td><td><b>Display</b></td><td><b>Definition</b></td></tr><tr><td>initial-population<a name=\"measure-population-initial-population\"> </a></td><td>Initial Population</td><td>The initial population for the measure</td></tr><tr><td>numerator<a name=\"measure-population-numerator\"> </a></td><td>Numerator</td><td>The numerator for the measure</td></tr><tr><td>numerator-exclusion<a name=\"measure-population-numerator-exclusion\"> </a></td><td>Numerator Exclusion</td><td>The numerator exclusion for the measure</td></tr><tr><td>denominator<a name=\"measure-population-denominator\"> </a></td><td>Denominator</td><td>The denominator for the measure</td></tr><tr><td>denominator-exclusion<a name=\"measure-population-denominator-exclusion\"> </a></td><td>Denominator Exclusion</td><td>The denominator exclusion for the measure</td></tr><tr><td>denominator-exception<a name=\"measure-population-denominator-exception\"> </a></td><td>Denominator Exception</td><td>The denominator exception for the measure</td></tr><tr><td>measure-population<a name=\"measure-population-measure-population\"> </a></td><td>Measure Population</td><td>The measure population for the measure</td></tr><tr><td>measure-population-exclusion<a name=\"measure-population-measure-population-exclusion\"> </a></td><td>Measure Population Exclusion</td><td>The measure population exclusion for the measure</td></tr><tr><td>measure-observation<a name=\"measure-population-measure-observation\"> </a></td><td>Measure Observation</td><td>The measure observation for the measure</td></tr></table></div>"
  },
  "url": "http://hl7.org/fhir/measure-population",
  "identifier": {
    "system": "urn:ietf:rfc:3986",
    "value": "urn:oid:2.16.840.1.113883.4.642.1.508"
  },
  "version": "1.8.0",
  "name": "MeasurePopulationType",
  "status": "draft",
  "experimental": false,
  "publisher": "HL7 (FHIR Project)",
  "contact": [
    {
      "telecom": [
        {
          "system": "url",
          "value": "http://hl7.org/fhir"
        },
        {
          "system": "email",
          "value": "fhir@lists.hl7.org"
        }
      ]
    }
  ],
  "date": "2016-12-19T23:17:56-05:00",
  "description": "The type of population",
  "caseSensitive": true,
  "valueSet": "http://hl7.org/fhir/ValueSet/measure-population",
  "content": "complete",
  "concept": [
    {
      "code": "initial-population",
      "display": "Initial Population",
      "definition": "The initial population for the measure"
    },
    {
      "code": "numerator",
      "display": "Numerator",
      "definition": "The numerator for the measure"
    },
    {
      "code": "numerator-exclusion",
      "display": "Numerator Exclusion",
      "definition": "The numerator exclusion for the measure"
    },
    {
      "code": "denominator",
      "display": "Denominator",
      "definition": "The denominator for the measure"
    },
    {
      "code": "denominator-exclusion",
      "display": "Denominator Exclusion",
      "definition": "The denominator exclusion for the measure"
    },
    {
      "code": "denominator-exception",
      "display": "Denominator Exception",
      "definition": "The denominator exception for the measure"
    },
    {
      "code": "measure-population",
      "display": "Measure Population",
      "definition": "The measure population for the measure"
    },
    {
      "code": "measure-population-exclusion",
      "display": "Measure Population Exclusion",
      "definition": "The measure population exclusion for the measure"
    },
    {
      "code": "measure-observation",
      "display": "Measure Observation",
      "definition": "The measure observation for the measure"
    }
  ]
}