{
  "resourceType": "CodeSystem",
  "id": "issue-severity",
  "meta": {
    "lastUpdated": "2016-12-19T23:17:56.167-05:00"
  },
  "text": {
    "status": "generated",
    "div": "<div xmlns=\"http://www.w3.org/1999/xhtml\"><h2>IssueSeverity</h2><div><p>How the issue affects the success of the action.</p>\n</div><p>This code system http://hl7.org/fhir/issue-severity defines the following codes:</p><table class=\"codes\"><tr><td><b>Code</b></td><td><b>Display</b></td><td><b>Definition</b></td></tr><tr><td>fatal<a name=\"issue-severity-fatal\"> </a></td><td>Fatal</td><td>The issue caused the action to fail, and no further checking could be performed.</td></tr><tr><td>error<a name=\"issue-severity-error\"> </a></td><td>Error</td><td>The issue is sufficiently important to cause the action to fail.</td></tr><tr><td>warning<a name=\"issue-severity-warning\"> </a></td><td>Warning</td><td>The issue is not important enough to cause the action to fail, but may cause it to be performed suboptimally or in a way that is not as desired.</td></tr><tr><td>information<a name=\"issue-severity-information\"> </a></td><td>Information</td><td>The issue has no relation to the degree of success of the action.</td></tr></table></div>"
  },
  "url": "http://hl7.org/fhir/issue-severity",
  "identifier": {
    "system": "urn:ietf:rfc:3986",
    "value": "urn:oid:2.16.840.1.113883.4.642.1.223"
  },
  "version": "1.8.0",
  "name": "IssueSeverity",
  "status": "draft",
  "experimental": false,
  "publisher": "HL7 (FHIR Project)",
  "contact": [
    {
      "telecom": [
        {
          "system": "url",
          "value": "http://hl7.org/fhir"
        },
        {
          "system": "email",
          "value": "fhir@lists.hl7.org"
        }
      ]
    }
  ],
  "date": "2016-12-19T23:17:56-05:00",
  "description": "How the issue affects the success of the action.",
  "caseSensitive": true,
  "valueSet": "http://hl7.org/fhir/ValueSet/issue-severity",
  "content": "complete",
  "concept": [
    {
      "code": "fatal",
      "display": "Fatal",
      "definition": "The issue caused the action to fail, and no further checking could be performed."
    },
    {
      "code": "error",
      "display": "Error",
      "definition": "The issue is sufficiently important to cause the action to fail."
    },
    {
      "code": "warning",
      "display": "Warning",
      "definition": "The issue is not important enough to cause the action to fail, but may cause it to be performed suboptimally or in a way that is not as desired."
    },
    {
      "code": "information",
      "display": "Information",
      "definition": "The issue has no relation to the degree of success of the action."
    }
  ]
}