{
  "resourceType": "CodeSystem",
  "id": "audit-event-type",
  "meta": {
    "lastUpdated": "2016-12-07T14:18:58.982-05:00",
    "profile": [
      "http://hl7.org/fhir/StructureDefinition/codesystem-shareable-definition"
    ]
  },
  "text": {
    "status": "generated",
    "div": "<div xmlns=\"http://www.w3.org/1999/xhtml\"><h2>Audit Event ID</h2><div><p>Event Types for Audit Events - defined by DICOM with some FHIR specific additions.</p>\n</div><p><b>Copyright Statement:</b> These codes are excerpted from Digital Imaging and Communications in Medicine (DICOM) Standard, Part 16: Content Mapping Resource, Copyright © 2011 by the National Electrical Manufacturers Association.</p><p>This code system http://hl7.org/fhir/audit-event-type defines the following codes:</p><table class=\"codes\"><tr><td><b>Code</b></td><td><b>Display</b></td><td><b>Definition</b></td></tr><tr><td>rest<a name=\"audit-event-type-rest\"> </a></td><td>RESTful Operation</td><td>Audit Event: Execution of a RESTful operation as defined by FHIR.</td></tr></table></div>"
  },
  "url": "http://hl7.org/fhir/audit-event-type",
  "identifier": {
    "system": "urn:ietf:rfc:3986",
    "value": "urn:oid:2.16.840.1.113883.4.642.1.269"
  },
  "version": "20150326",
  "name": "Audit Event ID",
  "status": "active",
  "experimental": true,
  "publisher": "NEMA/DICOM",
  "date": "2015-03-26T15:00:00+11:00",
  "description": "Event Types for Audit Events - defined by DICOM with some FHIR specific additions.",
  "copyright": "These codes are excerpted from Digital Imaging and Communications in Medicine (DICOM) Standard, Part 16: Content Mapping Resource, Copyright © 2011 by the National Electrical Manufacturers Association.",
  "caseSensitive": true,
  "valueSet": "http://hl7.org/fhir/ValueSet/audit-event-type",
  "content": "complete",
  "concept": [
    {
      "code": "rest",
      "display": "RESTful Operation",
      "definition": "Audit Event: Execution of a RESTful operation as defined by FHIR."
    }
  ]
}