{
  "resourceType": "CodeSystem",
  "id": "detectedissue-severity",
  "meta": {
    "lastUpdated": "2016-11-28T17:29:55.664-05:00"
  },
  "text": {
    "status": "generated",
    "div": "<div xmlns=\"http://www.w3.org/1999/xhtml\"><h2>DetectedIssueSeverity</h2><div><p>Indicates the potential degree of impact of the identified issue on the patient.</p>\n</div><p>This code system http://hl7.org/fhir/detectedissue-severity defines the following codes:</p><table class=\"codes\"><tr><td><b>Code</b></td><td><b>Display</b></td><td><b>Definition</b></td></tr><tr><td>high<a name=\"detectedissue-severity-high\"> </a></td><td>High</td><td>Indicates the issue may be life-threatening or has the potential to cause permanent injury.</td></tr><tr><td>moderate<a name=\"detectedissue-severity-moderate\"> </a></td><td>Moderate</td><td>Indicates the issue may result in noticeable adverse consequences but is unlikely to be life-threatening or cause permanent injury.</td></tr><tr><td>low<a name=\"detectedissue-severity-low\"> </a></td><td>Low</td><td>Indicates the issue may result in some adverse consequences but is unlikely to substantially affect the situation of the subject.</td></tr></table></div>"
  },
  "url": "http://hl7.org/fhir/detectedissue-severity",
  "identifier": {
    "system": "urn:ietf:rfc:3986",
    "value": "urn:oid:2.16.840.1.113883.4.642.1.105"
  },
  "version": "1.7.0",
  "name": "DetectedIssueSeverity",
  "status": "draft",
  "experimental": false,
  "publisher": "HL7 (FHIR Project)",
  "contact": [
    {
      "telecom": [
        {
          "system": "other",
          "value": "http://hl7.org/fhir"
        },
        {
          "system": "email",
          "value": "fhir@lists.hl7.org"
        }
      ]
    }
  ],
  "date": "2016-11-28T17:29:55-05:00",
  "description": "Indicates the potential degree of impact of the identified issue on the patient.",
  "caseSensitive": true,
  "valueSet": "http://hl7.org/fhir/ValueSet/detectedissue-severity",
  "content": "complete",
  "concept": [
    {
      "code": "high",
      "display": "High",
      "definition": "Indicates the issue may be life-threatening or has the potential to cause permanent injury."
    },
    {
      "code": "moderate",
      "display": "Moderate",
      "definition": "Indicates the issue may result in noticeable adverse consequences but is unlikely to be life-threatening or cause permanent injury."
    },
    {
      "code": "low",
      "display": "Low",
      "definition": "Indicates the issue may result in some adverse consequences but is unlikely to substantially affect the situation of the subject."
    }
  ]
}