{
  "resourceType": "CodeSystem",
  "id": "metric-calibration-type",
  "meta": {
    "lastUpdated": "2016-11-16T21:13:00.180-05:00"
  },
  "text": {
    "status": "generated",
    "div": "<div xmlns=\"http://www.w3.org/1999/xhtml\"><h2>DeviceMetricCalibrationType</h2><div><p>Describes the type of a metric calibration.</p>\n</div><p>This code system http://hl7.org/fhir/metric-calibration-type defines the following codes:</p><table class=\"codes\"><tr><td><b>Code</b></td><td><b>Display</b></td><td><b>Definition</b></td></tr><tr><td>unspecified<a name=\"metric-calibration-type-unspecified\"> </a></td><td>Unspecified</td><td>TODO</td></tr><tr><td>offset<a name=\"metric-calibration-type-offset\"> </a></td><td>Offset</td><td>TODO</td></tr><tr><td>gain<a name=\"metric-calibration-type-gain\"> </a></td><td>Gain</td><td>TODO</td></tr><tr><td>two-point<a name=\"metric-calibration-type-two-point\"> </a></td><td>Two Point</td><td>TODO</td></tr></table></div>"
  },
  "url": "http://hl7.org/fhir/metric-calibration-type",
  "identifier": {
    "system": "urn:ietf:rfc:3986",
    "value": "urn:oid:2.16.840.1.113883.4.642.1.339"
  },
  "version": "1.7.0",
  "name": "DeviceMetricCalibrationType",
  "status": "draft",
  "experimental": false,
  "publisher": "HL7 (FHIR Project)",
  "contact": [
    {
      "telecom": [
        {
          "system": "other",
          "value": "http://hl7.org/fhir"
        },
        {
          "system": "email",
          "value": "fhir@lists.hl7.org"
        }
      ]
    }
  ],
  "date": "2016-11-16T21:13:00-05:00",
  "description": "Describes the type of a metric calibration.",
  "caseSensitive": true,
  "valueSet": "http://hl7.org/fhir/ValueSet/metric-calibration-type",
  "content": "complete",
  "concept": [
    {
      "code": "unspecified",
      "display": "Unspecified",
      "definition": "TODO"
    },
    {
      "code": "offset",
      "display": "Offset",
      "definition": "TODO"
    },
    {
      "code": "gain",
      "display": "Gain",
      "definition": "TODO"
    },
    {
      "code": "two-point",
      "display": "Two Point",
      "definition": "TODO"
    }
  ]
}