{
  "resourceType": "CodeSystem",
  "id": "payment-status",
  "meta": {
    "lastUpdated": "2016-11-16T22:02:32.937-05:00",
    "profile": [
      "http://hl7.org/fhir/StructureDefinition/codesystem-shareable-definition"
    ]
  },
  "text": {
    "status": "generated",
    "div": "<div xmlns=\"http://www.w3.org/1999/xhtml\"><h2>Payment Status Codes</h2><div><p>This value set includes a sample set of Payment Status codes.</p>\n</div><p><b>Copyright Statement:</b> This is an example set.</p><p>This code system http://hl7.org/fhir/paymentstatus defines the following codes:</p><table class=\"codes\"><tr><td><b>Code</b></td><td><b>Definition</b></td></tr><tr><td>paid<a name=\"payment-status-paid\"> </a></td><td/></tr><tr><td>cleared<a name=\"payment-status-cleared\"> </a></td><td/></tr></table></div>"
  },
  "url": "http://hl7.org/fhir/paymentstatus",
  "identifier": {
    "system": "urn:ietf:rfc:3986",
    "value": "urn:oid:2.16.840.1.113883.4.642.1.334"
  },
  "version": "1.7.0",
  "name": "Payment Status Codes",
  "status": "draft",
  "experimental": true,
  "publisher": "Financial Management",
  "contact": [
    {
      "telecom": [
        {
          "system": "other",
          "value": "http://hl7.org/fhir"
        }
      ]
    }
  ],
  "description": "This value set includes a sample set of Payment Status codes.",
  "copyright": "This is an example set.",
  "caseSensitive": true,
  "valueSet": "http://hl7.org/fhir/ValueSet/payment-status",
  "content": "complete",
  "concept": [
    {
      "code": "paid"
    },
    {
      "code": "cleared"
    }
  ]
}