{
  "resourceType": "CodeSystem",
  "id": "action-type",
  "meta": {
    "lastUpdated": "2016-12-07T14:18:58.982-05:00"
  },
  "text": {
    "status": "generated",
    "div": "<div xmlns=\"http://www.w3.org/1999/xhtml\"><h2>PlanActionType</h2><div><p>The type of action to be performed</p>\n</div><p>This code system http://hl7.org/fhir/action-type defines the following codes:</p><table class=\"codes\"><tr><td><b>Code</b></td><td><b>Display</b></td><td><b>Definition</b></td></tr><tr><td>create<a name=\"action-type-create\"> </a></td><td>Create</td><td>The action is to create a new resource</td></tr><tr><td>update<a name=\"action-type-update\"> </a></td><td>Update</td><td>The action is to update an existing resource</td></tr><tr><td>remove<a name=\"action-type-remove\"> </a></td><td>Remove</td><td>The action is to remove an existing resource</td></tr><tr><td>fire-event<a name=\"action-type-fire-event\"> </a></td><td>Fire Event</td><td>The action is to fire a specific event</td></tr></table></div>"
  },
  "url": "http://hl7.org/fhir/action-type",
  "identifier": {
    "system": "urn:ietf:rfc:3986",
    "value": "urn:oid:2.16.840.1.113883.4.642.1.993"
  },
  "version": "1.8.0",
  "name": "PlanActionType",
  "status": "draft",
  "experimental": false,
  "publisher": "HL7 (FHIR Project)",
  "contact": [
    {
      "telecom": [
        {
          "system": "url",
          "value": "http://hl7.org/fhir"
        },
        {
          "system": "email",
          "value": "fhir@lists.hl7.org"
        }
      ]
    }
  ],
  "date": "2016-12-07T14:18:58-05:00",
  "description": "The type of action to be performed",
  "caseSensitive": true,
  "valueSet": "http://hl7.org/fhir/ValueSet/action-type",
  "content": "complete",
  "concept": [
    {
      "code": "create",
      "display": "Create",
      "definition": "The action is to create a new resource"
    },
    {
      "code": "update",
      "display": "Update",
      "definition": "The action is to update an existing resource"
    },
    {
      "code": "remove",
      "display": "Remove",
      "definition": "The action is to remove an existing resource"
    },
    {
      "code": "fire-event",
      "display": "Fire Event",
      "definition": "The action is to fire a specific event"
    }
  ]
}