{
  "resourceType": "CodeSystem",
  "id": "flag-priority",
  "meta": {
    "lastUpdated": "2016-11-16T21:13:00.180-05:00",
    "profile": [
      "http://hl7.org/fhir/StructureDefinition/codesystem-shareable-definition"
    ]
  },
  "text": {
    "status": "generated",
    "div": "<div xmlns=\"http://www.w3.org/1999/xhtml\"><h2>Flag Priority Codes</h2><div><p>This value set is provided as an exemplar. The value set is driven by IHE Table B.8-4: Abnormal Flags, Alert Priority.</p>\n</div><p>This code system http://hl7.org/fhir/flag-priority-code defines the following codes:</p><table class=\"codes\"><tr><td><b>Code</b></td><td><b>Display</b></td><td><b>Definition</b></td></tr><tr><td>PN<a name=\"flag-priority-PN\"> </a></td><td>No alarm</td><td>No alarm.</td></tr><tr><td>PL<a name=\"flag-priority-PL\"> </a></td><td>Low priority</td><td>Low priority.</td></tr><tr><td>PM<a name=\"flag-priority-PM\"> </a></td><td>Medium priority</td><td>Medium priority.</td></tr><tr><td>PH<a name=\"flag-priority-PH\"> </a></td><td>High priority</td><td>High priority.</td></tr></table></div>"
  },
  "url": "http://hl7.org/fhir/flag-priority-code",
  "identifier": {
    "system": "urn:ietf:rfc:3986",
    "value": "urn:oid:2.16.840.1.113883.4.642.1.433"
  },
  "version": "1.7.0",
  "name": "Flag Priority Codes",
  "status": "draft",
  "experimental": true,
  "publisher": "FHIR Project team",
  "contact": [
    {
      "telecom": [
        {
          "system": "other",
          "value": "http://hl7.org/fhir"
        }
      ]
    }
  ],
  "description": "This value set is provided as an exemplar. The value set is driven by IHE Table B.8-4: Abnormal Flags, Alert Priority.",
  "caseSensitive": true,
  "valueSet": "http://hl7.org/fhir/ValueSet/flag-priority",
  "content": "complete",
  "concept": [
    {
      "code": "PN",
      "display": "No alarm",
      "definition": "No alarm."
    },
    {
      "code": "PL",
      "display": "Low priority",
      "definition": "Low priority."
    },
    {
      "code": "PM",
      "display": "Medium priority",
      "definition": "Medium priority."
    },
    {
      "code": "PH",
      "display": "High priority",
      "definition": "High priority."
    }
  ]
}