{
  "resourceType": "CodeSystem",
  "id": "measure-scoring",
  "meta": {
    "lastUpdated": "2016-12-07T14:18:58.982-05:00"
  },
  "text": {
    "status": "generated",
    "div": "<div xmlns=\"http://www.w3.org/1999/xhtml\"><h2>MeasureScoring</h2><div><p>The scoring type of the measure</p>\n</div><p>This code system http://hl7.org/fhir/measure-scoring defines the following codes:</p><table class=\"codes\"><tr><td><b>Code</b></td><td><b>Display</b></td><td><b>Definition</b></td></tr><tr><td>proportion<a name=\"measure-scoring-proportion\"> </a></td><td>Proportion</td><td>The measure score is defined using a proportion</td></tr><tr><td>ratio<a name=\"measure-scoring-ratio\"> </a></td><td>Ratio</td><td>The measure score is defined using a ratio</td></tr><tr><td>continuous-variable<a name=\"measure-scoring-continuous-variable\"> </a></td><td>Continuous Variable</td><td>The score is defined by a calculation of some quantity</td></tr><tr><td>cohort<a name=\"measure-scoring-cohort\"> </a></td><td>Cohort</td><td>The measure is a cohort definition</td></tr></table></div>"
  },
  "url": "http://hl7.org/fhir/measure-scoring",
  "identifier": {
    "system": "urn:ietf:rfc:3986",
    "value": "urn:oid:2.16.840.1.113883.4.642.1.539"
  },
  "version": "1.8.0",
  "name": "MeasureScoring",
  "status": "draft",
  "experimental": false,
  "publisher": "HL7 (FHIR Project)",
  "contact": [
    {
      "telecom": [
        {
          "system": "url",
          "value": "http://hl7.org/fhir"
        },
        {
          "system": "email",
          "value": "fhir@lists.hl7.org"
        }
      ]
    }
  ],
  "date": "2016-12-07T14:18:58-05:00",
  "description": "The scoring type of the measure",
  "caseSensitive": true,
  "valueSet": "http://hl7.org/fhir/ValueSet/measure-scoring",
  "content": "complete",
  "concept": [
    {
      "code": "proportion",
      "display": "Proportion",
      "definition": "The measure score is defined using a proportion"
    },
    {
      "code": "ratio",
      "display": "Ratio",
      "definition": "The measure score is defined using a ratio"
    },
    {
      "code": "continuous-variable",
      "display": "Continuous Variable",
      "definition": "The score is defined by a calculation of some quantity"
    },
    {
      "code": "cohort",
      "display": "Cohort",
      "definition": "The measure is a cohort definition"
    }
  ]
}