{
  "resourceType": "CodeSystem",
  "id": "conformance-expectation",
  "meta": {
    "lastUpdated": "2016-12-19T23:17:56.167-05:00"
  },
  "text": {
    "status": "generated",
    "div": "<div xmlns=\"http://www.w3.org/1999/xhtml\"><h2>ConformanceExpectation</h2><div><p>Indicates the degree of adherence to a specified behavior or capability expected in order for a system to be deemed conformant with a specification.</p>\n</div><p>This code system http://hl7.org/fhir/conformance-expectation defines the following codes:</p><table class=\"codes\"><tr><td><b>Code</b></td><td><b>Display</b></td><td><b>Definition</b></td></tr><tr><td>SHALL<a name=\"conformance-expectation-SHALL\"> </a></td><td>SHALL</td><td>Support for the specified capability is required to be considered conformant.</td></tr><tr><td>SHOULD<a name=\"conformance-expectation-SHOULD\"> </a></td><td>SHOULD</td><td>Support for the specified capability is strongly encouraged and failure to support it should only occur after careful consideration.</td></tr><tr><td>MAY<a name=\"conformance-expectation-MAY\"> </a></td><td>MAY</td><td>Support for the specified capability is not necessary to be considered conformant and the requirement should be considered strictly optional.</td></tr><tr><td>SHOULD-NOT<a name=\"conformance-expectation-SHOULD-NOT\"> </a></td><td>SHOULD-NOT</td><td>Support for the specified capability is strongly discouraged and should occur only after careful consideration.</td></tr></table></div>"
  },
  "url": "http://hl7.org/fhir/conformance-expectation",
  "identifier": {
    "system": "urn:ietf:rfc:3986",
    "value": "urn:oid:2.16.840.1.113883.4.642.1.381"
  },
  "version": "1.8.0",
  "name": "ConformanceExpectation",
  "status": "draft",
  "experimental": false,
  "publisher": "HL7 (FHIR Project)",
  "contact": [
    {
      "telecom": [
        {
          "system": "url",
          "value": "http://hl7.org/fhir"
        },
        {
          "system": "email",
          "value": "fhir@lists.hl7.org"
        }
      ]
    }
  ],
  "date": "2016-12-19T23:17:56-05:00",
  "description": "Indicates the degree of adherence to a specified behavior or capability expected in order for a system to be deemed conformant with a specification.",
  "caseSensitive": true,
  "valueSet": "http://hl7.org/fhir/ValueSet/conformance-expectation",
  "content": "complete",
  "concept": [
    {
      "code": "SHALL",
      "display": "SHALL",
      "definition": "Support for the specified capability is required to be considered conformant."
    },
    {
      "code": "SHOULD",
      "display": "SHOULD",
      "definition": "Support for the specified capability is strongly encouraged and failure to support it should only occur after careful consideration."
    },
    {
      "code": "MAY",
      "display": "MAY",
      "definition": "Support for the specified capability is not necessary to be considered conformant and the requirement should be considered strictly optional."
    },
    {
      "code": "SHOULD-NOT",
      "display": "SHOULD-NOT",
      "definition": "Support for the specified capability is strongly discouraged and should occur only after careful consideration."
    }
  ]
}