{
  "resourceType": "CodeSystem",
  "id": "encounter-special-arrangements",
  "meta": {
    "lastUpdated": "2016-11-16T21:13:00.180-05:00",
    "profile": [
      "http://hl7.org/fhir/StructureDefinition/codesystem-shareable-definition"
    ]
  },
  "text": {
    "status": "generated",
    "div": "<div xmlns=\"http://www.w3.org/1999/xhtml\"><h2>SpecialArrangements</h2><div><p>This value set defines a set of codes that can be used to indicate the kinds of special arrangements in place for a patients visit.</p>\n</div><p>This code system http://hl7.org/fhir/encounter-special-arrangements defines the following codes:</p><table class=\"codes\"><tr><td><b>Code</b></td><td><b>Display</b></td><td><b>Definition</b></td></tr><tr><td>wheel<a name=\"encounter-special-arrangements-wheel\"> </a></td><td>Wheelchair</td><td/></tr><tr><td>stret<a name=\"encounter-special-arrangements-stret\"> </a></td><td>Stretcher</td><td/></tr><tr><td>int<a name=\"encounter-special-arrangements-int\"> </a></td><td>Interpreter</td><td/></tr><tr><td>att<a name=\"encounter-special-arrangements-att\"> </a></td><td>Attendant</td><td/></tr><tr><td>dog<a name=\"encounter-special-arrangements-dog\"> </a></td><td>Guide dog</td><td/></tr></table></div>"
  },
  "url": "http://hl7.org/fhir/encounter-special-arrangements",
  "identifier": {
    "system": "urn:ietf:rfc:3986",
    "value": "urn:oid:2.16.840.1.113883.4.642.1.141"
  },
  "version": "1.7.0",
  "name": "SpecialArrangements",
  "status": "draft",
  "experimental": true,
  "publisher": "FHIR Project team",
  "contact": [
    {
      "telecom": [
        {
          "system": "other",
          "value": "http://hl7.org/fhir"
        }
      ]
    }
  ],
  "description": "This value set defines a set of codes that can be used to indicate the kinds of special arrangements in place for a patients visit.",
  "caseSensitive": true,
  "valueSet": "http://hl7.org/fhir/ValueSet/encounter-special-arrangements",
  "content": "complete",
  "concept": [
    {
      "code": "wheel",
      "display": "Wheelchair"
    },
    {
      "code": "stret",
      "display": "Stretcher"
    },
    {
      "code": "int",
      "display": "Interpreter"
    },
    {
      "code": "att",
      "display": "Attendant"
    },
    {
      "code": "dog",
      "display": "Guide dog"
    }
  ]
}