{
  "resourceType": "CodeSystem",
  "id": "chromosome-human",
  "meta": {
    "lastUpdated": "2016-11-16T23:52:25.144-05:00"
  },
  "text": {
    "status": "generated",
    "div": "<div xmlns=\"http://www.w3.org/1999/xhtml\"><h2>chromosome-human</h2><div><p>Chromosome number for human</p>\n</div><p>This code system http://hl7.org/fhir/chromosome-human defines the following codes:</p><table class=\"codes\"><tr><td><b>Code</b></td><td><b>Display</b></td><td><b>Definition</b></td></tr><tr><td>1<a name=\"chromosome-human-1\"> </a></td><td>chromsome 1</td><td>chromsome 1</td></tr><tr><td>2<a name=\"chromosome-human-2\"> </a></td><td>chromsome 2</td><td>chromsome 2</td></tr><tr><td>3<a name=\"chromosome-human-3\"> </a></td><td>chromsome 3</td><td>chromsome 3</td></tr><tr><td>4<a name=\"chromosome-human-4\"> </a></td><td>chromsome 4</td><td>chromsome 4</td></tr><tr><td>5<a name=\"chromosome-human-5\"> </a></td><td>chromsome 5</td><td>chromsome 5</td></tr><tr><td>6<a name=\"chromosome-human-6\"> </a></td><td>chromsome 6</td><td>chromsome 6</td></tr><tr><td>7<a name=\"chromosome-human-7\"> </a></td><td>chromsome 7</td><td>chromsome 7</td></tr><tr><td>8<a name=\"chromosome-human-8\"> </a></td><td>chromsome 8</td><td>chromsome 8</td></tr><tr><td>9<a name=\"chromosome-human-9\"> </a></td><td>chromsome 9</td><td>chromsome 9</td></tr><tr><td>10<a name=\"chromosome-human-10\"> </a></td><td>chromsome 10</td><td>chromsome 10</td></tr><tr><td>11<a name=\"chromosome-human-11\"> </a></td><td>chromsome 11</td><td>chromsome 11</td></tr><tr><td>12<a name=\"chromosome-human-12\"> </a></td><td>chromsome 12</td><td>chromsome 12</td></tr><tr><td>13<a name=\"chromosome-human-13\"> </a></td><td>chromsome 13</td><td>chromsome 13</td></tr><tr><td>14<a name=\"chromosome-human-14\"> </a></td><td>chromsome 14</td><td>chromsome 14</td></tr><tr><td>15<a name=\"chromosome-human-15\"> </a></td><td>chromsome 15</td><td>chromsome 15</td></tr><tr><td>16<a name=\"chromosome-human-16\"> </a></td><td>chromsome 16</td><td>chromsome 16</td></tr><tr><td>17<a name=\"chromosome-human-17\"> </a></td><td>chromsome 17</td><td>chromsome 17</td></tr><tr><td>18<a name=\"chromosome-human-18\"> </a></td><td>chromsome 18</td><td>chromsome 18</td></tr><tr><td>19<a name=\"chromosome-human-19\"> </a></td><td>chromsome 19</td><td>chromsome 19</td></tr><tr><td>20<a name=\"chromosome-human-20\"> </a></td><td>chromsome 20</td><td>chromsome 20</td></tr><tr><td>21<a name=\"chromosome-human-21\"> </a></td><td>chromsome 21</td><td>chromsome 21</td></tr><tr><td>22<a name=\"chromosome-human-22\"> </a></td><td>chromsome 22</td><td>chromsome 22</td></tr><tr><td>X<a name=\"chromosome-human-X\"> </a></td><td>chromsome X</td><td>chromsome X</td></tr><tr><td>Y<a name=\"chromosome-human-Y\"> </a></td><td>chromsome Y</td><td>chromsome Y</td></tr></table></div>"
  },
  "url": "http://hl7.org/fhir/chromosome-human",
  "identifier": {
    "system": "urn:ietf:rfc:3986",
    "value": "urn:oid:2.16.840.1.113883.4.642.1.523"
  },
  "version": "1.7.0",
  "name": "chromosome-human",
  "status": "draft",
  "experimental": false,
  "publisher": "HL7 (FHIR Project)",
  "contact": [
    {
      "telecom": [
        {
          "system": "other",
          "value": "http://hl7.org/fhir"
        },
        {
          "system": "email",
          "value": "fhir@lists.hl7.org"
        }
      ]
    }
  ],
  "date": "2016-11-16T23:52:25-05:00",
  "description": "Chromosome number for human",
  "caseSensitive": true,
  "valueSet": "http://hl7.org/fhir/ValueSet/chromosome-human",
  "content": "complete",
  "concept": [
    {
      "code": "1",
      "display": "chromsome 1",
      "definition": "chromsome 1"
    },
    {
      "code": "2",
      "display": "chromsome 2",
      "definition": "chromsome 2"
    },
    {
      "code": "3",
      "display": "chromsome 3",
      "definition": "chromsome 3"
    },
    {
      "code": "4",
      "display": "chromsome 4",
      "definition": "chromsome 4"
    },
    {
      "code": "5",
      "display": "chromsome 5",
      "definition": "chromsome 5"
    },
    {
      "code": "6",
      "display": "chromsome 6",
      "definition": "chromsome 6"
    },
    {
      "code": "7",
      "display": "chromsome 7",
      "definition": "chromsome 7"
    },
    {
      "code": "8",
      "display": "chromsome 8",
      "definition": "chromsome 8"
    },
    {
      "code": "9",
      "display": "chromsome 9",
      "definition": "chromsome 9"
    },
    {
      "code": "10",
      "display": "chromsome 10",
      "definition": "chromsome 10"
    },
    {
      "code": "11",
      "display": "chromsome 11",
      "definition": "chromsome 11"
    },
    {
      "code": "12",
      "display": "chromsome 12",
      "definition": "chromsome 12"
    },
    {
      "code": "13",
      "display": "chromsome 13",
      "definition": "chromsome 13"
    },
    {
      "code": "14",
      "display": "chromsome 14",
      "definition": "chromsome 14"
    },
    {
      "code": "15",
      "display": "chromsome 15",
      "definition": "chromsome 15"
    },
    {
      "code": "16",
      "display": "chromsome 16",
      "definition": "chromsome 16"
    },
    {
      "code": "17",
      "display": "chromsome 17",
      "definition": "chromsome 17"
    },
    {
      "code": "18",
      "display": "chromsome 18",
      "definition": "chromsome 18"
    },
    {
      "code": "19",
      "display": "chromsome 19",
      "definition": "chromsome 19"
    },
    {
      "code": "20",
      "display": "chromsome 20",
      "definition": "chromsome 20"
    },
    {
      "code": "21",
      "display": "chromsome 21",
      "definition": "chromsome 21"
    },
    {
      "code": "22",
      "display": "chromsome 22",
      "definition": "chromsome 22"
    },
    {
      "code": "X",
      "display": "chromsome X",
      "definition": "chromsome X"
    },
    {
      "code": "Y",
      "display": "chromsome Y",
      "definition": "chromsome Y"
    }
  ]
}