{
  "resourceType": "CodeSystem",
  "id": "operation-kind",
  "meta": {
    "lastUpdated": "2016-11-16T23:52:25.144-05:00"
  },
  "text": {
    "status": "generated",
    "div": "<div xmlns=\"http://www.w3.org/1999/xhtml\"><h2>OperationKind</h2><div><p>Whether an operation is a normal operation or a query.</p>\n</div><p>This code system http://hl7.org/fhir/operation-kind defines the following codes:</p><table class=\"codes\"><tr><td><b>Code</b></td><td><b>Display</b></td><td><b>Definition</b></td></tr><tr><td>operation<a name=\"operation-kind-operation\"> </a></td><td>Operation</td><td>This operation is invoked as an operation.</td></tr><tr><td>query<a name=\"operation-kind-query\"> </a></td><td>Query</td><td>This operation is a named query, invoked using the search mechanism.</td></tr></table></div>"
  },
  "url": "http://hl7.org/fhir/operation-kind",
  "identifier": {
    "system": "urn:ietf:rfc:3986",
    "value": "urn:oid:2.16.840.1.113883.4.642.1.297"
  },
  "version": "1.7.0",
  "name": "OperationKind",
  "status": "draft",
  "experimental": false,
  "publisher": "HL7 (FHIR Project)",
  "contact": [
    {
      "telecom": [
        {
          "system": "other",
          "value": "http://hl7.org/fhir"
        },
        {
          "system": "email",
          "value": "fhir@lists.hl7.org"
        }
      ]
    }
  ],
  "date": "2016-11-16T23:52:25-05:00",
  "description": "Whether an operation is a normal operation or a query.",
  "caseSensitive": true,
  "valueSet": "http://hl7.org/fhir/ValueSet/operation-kind",
  "content": "complete",
  "concept": [
    {
      "code": "operation",
      "display": "Operation",
      "definition": "This operation is invoked as an operation."
    },
    {
      "code": "query",
      "display": "Query",
      "definition": "This operation is a named query, invoked using the search mechanism."
    }
  ]
}