{
  "resourceType": "CodeSystem",
  "id": "claim-informationcategory",
  "meta": {
    "lastUpdated": "2016-11-16T21:13:00.180-05:00",
    "profile": [
      "http://hl7.org/fhir/StructureDefinition/codesystem-shareable-definition"
    ]
  },
  "text": {
    "status": "generated",
    "div": "<div xmlns=\"http://www.w3.org/1999/xhtml\"><h2>Claim Information Category Codes</h2><div><p>This value set includes sample Information Category codes.</p>\n</div><p><b>Copyright Statement:</b> This is an example set.</p><p>This code system http://hl7.org/fhir/claiminformationcategory defines the following codes:</p><table class=\"codes\"><tr><td><b>Code</b></td><td><b>Display</b></td><td><b>Definition</b></td></tr><tr><td>info<a name=\"claim-informationcategory-info\"> </a></td><td>Information</td><td>Codes conveying additional situation and condition information.</td></tr><tr><td>discharge<a name=\"claim-informationcategory-discharge\"> </a></td><td>Discharge</td><td>Discharge status and discharge to locations.</td></tr><tr><td>onset<a name=\"claim-informationcategory-onset\"> </a></td><td>Onset</td><td>Period, start or end dates of aspects of the Condition.</td></tr><tr><td>related<a name=\"claim-informationcategory-related\"> </a></td><td>Related Services</td><td>Nature and date of the related event eg. Last exam, service, Xray etc.</td></tr><tr><td>exceptions<a name=\"claim-informationcategory-exceptions\"> </a></td><td>Exceptions</td><td>Insurance policy exceptions..</td></tr><tr><td>material<a name=\"claim-informationcategory-material\"> </a></td><td>Materials Forwarded</td><td>Materials being forwarded, eg. Models, molds, images, documents.</td></tr><tr><td>other<a name=\"claim-informationcategory-other\"> </a></td><td>Other</td><td>Other information identified by the type.system.</td></tr></table></div>"
  },
  "url": "http://hl7.org/fhir/claiminformationcategory",
  "identifier": {
    "system": "urn:ietf:rfc:3986",
    "value": "urn:oid:2.16.840.1.113883.4.642.1.890"
  },
  "version": "1.7.0",
  "name": "Claim Information Category Codes",
  "status": "draft",
  "experimental": true,
  "publisher": "Financial Management",
  "contact": [
    {
      "telecom": [
        {
          "system": "other",
          "value": "http://hl7.org/fhir"
        }
      ]
    }
  ],
  "description": "This value set includes sample Information Category codes.",
  "copyright": "This is an example set.",
  "caseSensitive": true,
  "valueSet": "http://hl7.org/fhir/ValueSet/claim-informationcategory",
  "content": "complete",
  "concept": [
    {
      "code": "info",
      "display": "Information",
      "definition": "Codes conveying additional situation and condition information."
    },
    {
      "code": "discharge",
      "display": "Discharge",
      "definition": "Discharge status and discharge to locations."
    },
    {
      "code": "onset",
      "display": "Onset",
      "definition": "Period, start or end dates of aspects of the Condition."
    },
    {
      "code": "related",
      "display": "Related Services",
      "definition": "Nature and date of the related event eg. Last exam, service, Xray etc."
    },
    {
      "code": "exceptions",
      "display": "Exceptions",
      "definition": "Insurance policy exceptions.."
    },
    {
      "code": "material",
      "display": "Materials Forwarded",
      "definition": "Materials being forwarded, eg. Models, molds, images, documents."
    },
    {
      "code": "other",
      "display": "Other",
      "definition": "Other information identified by the type.system."
    }
  ]
}