{
  "resourceType": "CodeSystem",
  "id": "consent-status",
  "meta": {
    "lastUpdated": "2016-12-07T14:18:58.982-05:00"
  },
  "text": {
    "status": "generated",
    "div": "<div xmlns=\"http://www.w3.org/1999/xhtml\"><h2>ConsentStatus</h2><div><p>Indicates the status of the consent</p>\n</div><p>This code system http://hl7.org/fhir/consent-status defines the following codes:</p><table class=\"codes\"><tr><td><b>Code</b></td><td><b>Display</b></td><td><b>Definition</b></td></tr><tr><td>draft<a name=\"consent-status-draft\"> </a></td><td>Pending</td><td>The consent is in development or awaiting use but is not yet intended to be acted upon.</td></tr><tr><td>proposed<a name=\"consent-status-proposed\"> </a></td><td>Proposed</td><td>The consent has be proposed but not yet agreed to by all parties. The negotiation stage.</td></tr><tr><td>active<a name=\"consent-status-active\"> </a></td><td>Active</td><td>The consent is to be followed and enforced.</td></tr><tr><td>rejected<a name=\"consent-status-rejected\"> </a></td><td>Rejected</td><td>The consent has been rejected by one or more of the parties.</td></tr><tr><td>inactive<a name=\"consent-status-inactive\"> </a></td><td>Inactive</td><td>The consent is terminated or replaced.</td></tr><tr><td>entered-in-error<a name=\"consent-status-entered-in-error\"> </a></td><td>Entered in Error</td><td>The consent was created wrongly (e.g. wrong patient) and should be ignored</td></tr></table></div>"
  },
  "url": "http://hl7.org/fhir/consent-status",
  "identifier": {
    "system": "urn:ietf:rfc:3986",
    "value": "urn:oid:2.16.840.1.113883.4.642.1.904"
  },
  "version": "1.8.0",
  "name": "ConsentStatus",
  "status": "draft",
  "experimental": false,
  "publisher": "HL7 (FHIR Project)",
  "contact": [
    {
      "telecom": [
        {
          "system": "url",
          "value": "http://hl7.org/fhir"
        },
        {
          "system": "email",
          "value": "fhir@lists.hl7.org"
        }
      ]
    }
  ],
  "date": "2016-12-07T14:18:58-05:00",
  "description": "Indicates the status of the consent",
  "caseSensitive": true,
  "valueSet": "http://hl7.org/fhir/ValueSet/consent-status",
  "content": "complete",
  "concept": [
    {
      "code": "draft",
      "display": "Pending",
      "definition": "The consent is in development or awaiting use but is not yet intended to be acted upon."
    },
    {
      "code": "proposed",
      "display": "Proposed",
      "definition": "The consent has be proposed but not yet agreed to by all parties. The negotiation stage."
    },
    {
      "code": "active",
      "display": "Active",
      "definition": "The consent is to be followed and enforced."
    },
    {
      "code": "rejected",
      "display": "Rejected",
      "definition": "The consent has been rejected by one or more of the parties."
    },
    {
      "code": "inactive",
      "display": "Inactive",
      "definition": "The consent is terminated or replaced."
    },
    {
      "code": "entered-in-error",
      "display": "Entered in Error",
      "definition": "The consent was created wrongly (e.g. wrong patient) and should be ignored"
    }
  ]
}