{
  "resourceType": "CodeSystem",
  "id": "condition-clinical",
  "meta": {
    "lastUpdated": "2016-11-16T23:52:25.144-05:00",
    "profile": [
      "http://hl7.org/fhir/StructureDefinition/codesystem-shareable-definition"
    ]
  },
  "text": {
    "status": "generated",
    "div": "<div xmlns=\"http://www.w3.org/1999/xhtml\"><h2>Condition Clinical Status Codes</h2><div><p>Preferred value set for Condition Clinical Status.</p>\n</div><p>This code system http://hl7.org/fhir/condition-clinical defines the following codes:</p><table class=\"codes\"><tr><td><b>Code</b></td><td><b>Display</b></td><td><b>Definition</b></td></tr><tr><td>active<a name=\"condition-clinical-active\"> </a></td><td>Active</td><td>The subject is currently experiencing the symptoms of the condition.</td></tr><tr><td>relapse<a name=\"condition-clinical-relapse\"> </a></td><td>Relapse</td><td>The subject is re-experiencing the symptoms of the condition after a period of remission or presumed resolution.</td></tr><tr><td>remission<a name=\"condition-clinical-remission\"> </a></td><td>Remission</td><td>The subject is no longer experiencing the symptoms of the condition, but there is a risk of the symptoms returning.</td></tr><tr><td>resolved<a name=\"condition-clinical-resolved\"> </a></td><td>Resolved</td><td>The subject is no longer experiencing the symptoms of the condition and there is no perceived risk of the symptoms returning.</td></tr></table></div>"
  },
  "url": "http://hl7.org/fhir/condition-clinical",
  "identifier": {
    "system": "urn:ietf:rfc:3986",
    "value": "urn:oid:2.16.840.1.113883.4.642.1.74"
  },
  "version": "1.7.0",
  "name": "Condition Clinical Status Codes",
  "status": "draft",
  "experimental": true,
  "publisher": "FHIR Project team",
  "contact": [
    {
      "telecom": [
        {
          "system": "other",
          "value": "http://hl7.org/fhir"
        }
      ]
    }
  ],
  "description": "Preferred value set for Condition Clinical Status.",
  "caseSensitive": true,
  "valueSet": "http://hl7.org/fhir/ValueSet/condition-clinical",
  "content": "complete",
  "concept": [
    {
      "code": "active",
      "display": "Active",
      "definition": "The subject is currently experiencing the symptoms of the condition."
    },
    {
      "code": "relapse",
      "display": "Relapse",
      "definition": "The subject is re-experiencing the symptoms of the condition after a period of remission or presumed resolution."
    },
    {
      "code": "remission",
      "display": "Remission",
      "definition": "The subject is no longer experiencing the symptoms of the condition, but there is a risk of the symptoms returning."
    },
    {
      "code": "resolved",
      "display": "Resolved",
      "definition": "The subject is no longer experiencing the symptoms of the condition and there is no perceived risk of the symptoms returning."
    }
  ]
}