{
  "resourceType": "CodeSystem",
  "id": "location-status",
  "meta": {
    "lastUpdated": "2016-12-19T23:17:56.167-05:00"
  },
  "text": {
    "status": "generated",
    "div": "<div xmlns=\"http://www.w3.org/1999/xhtml\"><h2>LocationStatus</h2><div><p>Indicates whether the location is still in use.</p>\n</div><p>This code system http://hl7.org/fhir/location-status defines the following codes:</p><table class=\"codes\"><tr><td><b>Code</b></td><td><b>Display</b></td><td><b>Definition</b></td></tr><tr><td>active<a name=\"location-status-active\"> </a></td><td>Active</td><td>The location is operational.</td></tr><tr><td>suspended<a name=\"location-status-suspended\"> </a></td><td>Suspended</td><td>The location is temporarily closed.</td></tr><tr><td>inactive<a name=\"location-status-inactive\"> </a></td><td>Inactive</td><td>The location is no longer used.</td></tr></table></div>"
  },
  "url": "http://hl7.org/fhir/location-status",
  "identifier": {
    "system": "urn:ietf:rfc:3986",
    "value": "urn:oid:2.16.840.1.113883.4.642.1.182"
  },
  "version": "1.8.0",
  "name": "LocationStatus",
  "status": "draft",
  "experimental": false,
  "publisher": "HL7 (FHIR Project)",
  "contact": [
    {
      "telecom": [
        {
          "system": "url",
          "value": "http://hl7.org/fhir"
        },
        {
          "system": "email",
          "value": "fhir@lists.hl7.org"
        }
      ]
    }
  ],
  "date": "2016-12-19T23:17:56-05:00",
  "description": "Indicates whether the location is still in use.",
  "caseSensitive": true,
  "valueSet": "http://hl7.org/fhir/ValueSet/location-status",
  "content": "complete",
  "concept": [
    {
      "code": "active",
      "display": "Active",
      "definition": "The location is operational."
    },
    {
      "code": "suspended",
      "display": "Suspended",
      "definition": "The location is temporarily closed."
    },
    {
      "code": "inactive",
      "display": "Inactive",
      "definition": "The location is no longer used."
    }
  ]
}