{
  "resourceType": "CodeSystem",
  "id": "fm-conditions",
  "meta": {
    "lastUpdated": "2016-11-16T21:13:00.180-05:00",
    "profile": [
      "http://hl7.org/fhir/StructureDefinition/codesystem-shareable-definition"
    ]
  },
  "text": {
    "status": "generated",
    "div": "<div xmlns=\"http://www.w3.org/1999/xhtml\"><h2>Conditions Codes</h2><div><p>This value set includes sample Conditions codes.</p>\n</div><p><b>Copyright Statement:</b> This is an example set.</p><p>This code system http://hl7.org/fhir/fm-conditions defines the following codes:</p><table class=\"codes\"><tr><td><b>Code</b></td><td><b>Display</b></td><td><b>Definition</b></td></tr><tr><td>123987<a name=\"fm-conditions-123987\"> </a></td><td>Headache</td><td>Headache</td></tr></table></div>"
  },
  "url": "http://hl7.org/fhir/fm-conditions",
  "identifier": {
    "system": "urn:ietf:rfc:3986",
    "value": "urn:oid:2.16.840.1.113883.4.642.1.321"
  },
  "version": "1.7.0",
  "name": "Conditions Codes",
  "status": "draft",
  "experimental": true,
  "publisher": "Financial Management",
  "contact": [
    {
      "telecom": [
        {
          "system": "other",
          "value": "http://hl7.org/fhir"
        }
      ]
    }
  ],
  "description": "This value set includes sample Conditions codes.",
  "copyright": "This is an example set.",
  "caseSensitive": true,
  "valueSet": "http://hl7.org/fhir/ValueSet/fm-conditions",
  "content": "complete",
  "concept": [
    {
      "code": "123987",
      "display": "Headache",
      "definition": "Headache"
    }
  ]
}