{
  "resourceType": "CodeSystem",
  "id": "linkage-type",
  "meta": {
    "lastUpdated": "2016-11-16T21:13:00.180-05:00"
  },
  "text": {
    "status": "generated",
    "div": "<div xmlns=\"http://www.w3.org/1999/xhtml\"><h2>LinkageType</h2><div><p>Used to distinguish different roles a resource can play within a set of linked resources</p>\n</div><p>This code system http://hl7.org/fhir/linkage-type defines the following codes:</p><table class=\"codes\"><tr><td><b>Code</b></td><td><b>Display</b></td><td><b>Definition</b></td></tr><tr><td>source<a name=\"linkage-type-source\"> </a></td><td>Source of truth</td><td>The record represents the &quot;source of truth&quot; (from the perspective of this Linkage resource) for the underlying event/condition/etc.</td></tr><tr><td>alternate<a name=\"linkage-type-alternate\"> </a></td><td>Alternate record</td><td>The record represents the alternative view of the underlying event/condition/etc.  The record may still be actively maintained, even though it is not considered to be the source of truth.</td></tr><tr><td>historical<a name=\"linkage-type-historical\"> </a></td><td>Historical/obsolete record</td><td>The record represents an obsolete record of the underlyng event/condition/etc.  It is not expected to be actively maintained.</td></tr></table></div>"
  },
  "url": "http://hl7.org/fhir/linkage-type",
  "identifier": {
    "system": "urn:ietf:rfc:3986",
    "value": "urn:oid:2.16.840.1.113883.4.642.1.525"
  },
  "version": "1.7.0",
  "name": "LinkageType",
  "status": "draft",
  "experimental": false,
  "publisher": "HL7 (FHIR Project)",
  "contact": [
    {
      "telecom": [
        {
          "system": "other",
          "value": "http://hl7.org/fhir"
        },
        {
          "system": "email",
          "value": "fhir@lists.hl7.org"
        }
      ]
    }
  ],
  "date": "2016-11-16T21:13:00-05:00",
  "description": "Used to distinguish different roles a resource can play within a set of linked resources",
  "caseSensitive": true,
  "valueSet": "http://hl7.org/fhir/ValueSet/linkage-type",
  "content": "complete",
  "concept": [
    {
      "code": "source",
      "display": "Source of truth",
      "definition": "The record represents the \"source of truth\" (from the perspective of this Linkage resource) for the underlying event/condition/etc."
    },
    {
      "code": "alternate",
      "display": "Alternate record",
      "definition": "The record represents the alternative view of the underlying event/condition/etc.  The record may still be actively maintained, even though it is not considered to be the source of truth."
    },
    {
      "code": "historical",
      "display": "Historical/obsolete record",
      "definition": "The record represents an obsolete record of the underlyng event/condition/etc.  It is not expected to be actively maintained."
    }
  ]
}