{
  "resourceType": "CodeSystem",
  "id": "explanationofbenefit-status",
  "meta": {
    "lastUpdated": "2016-11-16T23:52:25.144-05:00"
  },
  "text": {
    "status": "generated",
    "div": "<div xmlns=\"http://www.w3.org/1999/xhtml\"><h2>ExplanationOfBenefitStatus</h2><div><p>A code specifying the state of the resource instance.</p>\n</div><p>This code system http://hl7.org/fhir/explanationofbenefit-status defines the following codes:</p><table class=\"codes\"><tr><td><b>Code</b></td><td><b>Display</b></td><td><b>Definition</b></td></tr><tr><td>active<a name=\"explanationofbenefit-status-active\"> </a></td><td>Active</td><td>The resource instance is currently in-force.</td></tr><tr><td>cancelled<a name=\"explanationofbenefit-status-cancelled\"> </a></td><td>Cancelled</td><td>The resource instance is withdrawn, rescinded or reversed.</td></tr><tr><td>draft<a name=\"explanationofbenefit-status-draft\"> </a></td><td>Draft</td><td>A new resource instance the contents of which is not complete.</td></tr><tr><td>entered-in-error<a name=\"explanationofbenefit-status-entered-in-error\"> </a></td><td>Entered In Error</td><td>The resource instance was entered in error.</td></tr></table></div>"
  },
  "url": "http://hl7.org/fhir/explanationofbenefit-status",
  "identifier": {
    "system": "urn:ietf:rfc:3986",
    "value": "urn:oid:2.16.840.1.113883.4.642.1.964"
  },
  "version": "1.7.0",
  "name": "ExplanationOfBenefitStatus",
  "status": "draft",
  "experimental": false,
  "publisher": "HL7 (FHIR Project)",
  "contact": [
    {
      "telecom": [
        {
          "system": "other",
          "value": "http://hl7.org/fhir"
        },
        {
          "system": "email",
          "value": "fhir@lists.hl7.org"
        }
      ]
    }
  ],
  "date": "2016-11-16T23:52:25-05:00",
  "description": "A code specifying the state of the resource instance.",
  "caseSensitive": true,
  "valueSet": "http://hl7.org/fhir/ValueSet/explanationofbenefit-status",
  "content": "complete",
  "concept": [
    {
      "code": "active",
      "display": "Active",
      "definition": "The resource instance is currently in-force."
    },
    {
      "code": "cancelled",
      "display": "Cancelled",
      "definition": "The resource instance is withdrawn, rescinded or reversed."
    },
    {
      "code": "draft",
      "display": "Draft",
      "definition": "A new resource instance the contents of which is not complete."
    },
    {
      "code": "entered-in-error",
      "display": "Entered In Error",
      "definition": "The resource instance was entered in error."
    }
  ]
}