{
  "resourceType": "CodeSystem",
  "id": "devicestatus",
  "meta": {
    "lastUpdated": "2016-11-16T23:52:25.144-05:00"
  },
  "text": {
    "status": "generated",
    "div": "<div xmlns=\"http://www.w3.org/1999/xhtml\"><h2>DeviceStatus</h2><div><p>The availability status of the device.</p>\n</div><p>This code system http://hl7.org/fhir/devicestatus defines the following codes:</p><table class=\"codes\"><tr><td><b>Code</b></td><td><b>Display</b></td><td><b>Definition</b></td></tr><tr><td>available<a name=\"devicestatus-available\"> </a></td><td>Available</td><td>The Device is available for use.</td></tr><tr><td>not-available<a name=\"devicestatus-not-available\"> </a></td><td>Not Available</td><td>The Device is no longer available for use (e.g. lost, expired, damaged).</td></tr><tr><td>entered-in-error<a name=\"devicestatus-entered-in-error\"> </a></td><td>Entered in Error</td><td>The Device was entered in error and voided.</td></tr></table></div>"
  },
  "url": "http://hl7.org/fhir/devicestatus",
  "identifier": {
    "system": "urn:ietf:rfc:3986",
    "value": "urn:oid:2.16.840.1.113883.4.642.1.107"
  },
  "version": "1.7.0",
  "name": "DeviceStatus",
  "status": "draft",
  "experimental": false,
  "publisher": "HL7 (FHIR Project)",
  "contact": [
    {
      "telecom": [
        {
          "system": "other",
          "value": "http://hl7.org/fhir"
        },
        {
          "system": "email",
          "value": "fhir@lists.hl7.org"
        }
      ]
    }
  ],
  "date": "2016-11-16T23:52:25-05:00",
  "description": "The availability status of the device.",
  "caseSensitive": true,
  "valueSet": "http://hl7.org/fhir/ValueSet/devicestatus",
  "content": "complete",
  "concept": [
    {
      "code": "available",
      "display": "Available",
      "definition": "The Device is available for use."
    },
    {
      "code": "not-available",
      "display": "Not Available",
      "definition": "The Device is no longer available for use (e.g. lost, expired, damaged)."
    },
    {
      "code": "entered-in-error",
      "display": "Entered in Error",
      "definition": "The Device was entered in error and voided."
    }
  ]
}