{
  "resourceType": "CodeSystem",
  "id": "identity-assuranceLevel",
  "meta": {
    "lastUpdated": "2016-11-16T22:02:32.937-05:00"
  },
  "text": {
    "status": "generated",
    "div": "<div xmlns=\"http://www.w3.org/1999/xhtml\"><h2>IdentityAssuranceLevel</h2><div><p>The level of confidence that this link represents the same actual person, based on NIST Authentication Levels.</p>\n</div><p>This code system http://hl7.org/fhir/identity-assuranceLevel defines the following codes:</p><table class=\"codes\"><tr><td><b>Code</b></td><td><b>Display</b></td><td><b>Definition</b></td></tr><tr><td>level1<a name=\"identity-assuranceLevel-level1\"> </a></td><td>Level 1</td><td>Little or no confidence in the asserted identity's accuracy.</td></tr><tr><td>level2<a name=\"identity-assuranceLevel-level2\"> </a></td><td>Level 2</td><td>Some confidence in the asserted identity's accuracy.</td></tr><tr><td>level3<a name=\"identity-assuranceLevel-level3\"> </a></td><td>Level 3</td><td>High confidence in the asserted identity's accuracy.</td></tr><tr><td>level4<a name=\"identity-assuranceLevel-level4\"> </a></td><td>Level 4</td><td>Very high confidence in the asserted identity's accuracy.</td></tr></table></div>"
  },
  "url": "http://hl7.org/fhir/identity-assuranceLevel",
  "identifier": {
    "system": "urn:ietf:rfc:3986",
    "value": "urn:oid:2.16.840.1.113883.4.642.1.342"
  },
  "version": "1.7.0",
  "name": "IdentityAssuranceLevel",
  "status": "draft",
  "experimental": false,
  "publisher": "HL7 (FHIR Project)",
  "contact": [
    {
      "telecom": [
        {
          "system": "other",
          "value": "http://hl7.org/fhir"
        },
        {
          "system": "email",
          "value": "fhir@lists.hl7.org"
        }
      ]
    }
  ],
  "date": "2016-11-16T22:02:32-05:00",
  "description": "The level of confidence that this link represents the same actual person, based on NIST Authentication Levels.",
  "caseSensitive": true,
  "valueSet": "http://hl7.org/fhir/ValueSet/identity-assuranceLevel",
  "content": "complete",
  "concept": [
    {
      "code": "level1",
      "display": "Level 1",
      "definition": "Little or no confidence in the asserted identity's accuracy."
    },
    {
      "code": "level2",
      "display": "Level 2",
      "definition": "Some confidence in the asserted identity's accuracy."
    },
    {
      "code": "level3",
      "display": "Level 3",
      "definition": "High confidence in the asserted identity's accuracy."
    },
    {
      "code": "level4",
      "display": "Level 4",
      "definition": "Very high confidence in the asserted identity's accuracy."
    }
  ]
}