{
  "resourceType": "CodeSystem",
  "id": "action-grouping-behavior",
  "meta": {
    "lastUpdated": "2016-11-16T21:13:00.180-05:00"
  },
  "text": {
    "status": "generated",
    "div": "<div xmlns=\"http://www.w3.org/1999/xhtml\"><h2>PlanActionGroupingBehavior</h2><div><p>Defines organization behavior of a group</p>\n</div><p>This code system http://hl7.org/fhir/action-grouping-behavior defines the following codes:</p><table class=\"codes\"><tr><td><b>Code</b></td><td><b>Display</b></td><td><b>Definition</b></td></tr><tr><td>visual-group<a name=\"action-grouping-behavior-visual-group\"> </a></td><td>Visual Group</td><td>Any group marked with this behavior should be displayed as a visual group to the end user</td></tr><tr><td>logical-group<a name=\"action-grouping-behavior-logical-group\"> </a></td><td>Logical Group</td><td>A group with this behavior logically groups its sub-elements, and may be shown as a visual group to the end user, but it is not required to do so</td></tr><tr><td>sentence-group<a name=\"action-grouping-behavior-sentence-group\"> </a></td><td>Sentence Group</td><td>A group of related alternative actions is a sentence group if the target referenced by the action is the same in all the actions and each action simply constitutes a different variation on how to specify the details for the target. For example, two actions that could be in a SentenceGroup are &quot;aspirin, 500 mg, 2 times per day&quot; and &quot;aspirin, 300 mg, 3 times per day&quot;. In both cases, aspirin is the target referenced by the action, and the two actions represent different options for how aspirin might be ordered for the patient. Note that a SentenceGroup would almost always have an associated selection behavior of &quot;AtMostOne&quot;, unless it's a required action, in which case, it would be &quot;ExactlyOne&quot;</td></tr></table></div>"
  },
  "url": "http://hl7.org/fhir/action-grouping-behavior",
  "identifier": {
    "system": "urn:ietf:rfc:3986",
    "value": "urn:oid:2.16.840.1.113883.4.642.1.988"
  },
  "version": "1.7.0",
  "name": "PlanActionGroupingBehavior",
  "status": "draft",
  "experimental": false,
  "publisher": "HL7 (FHIR Project)",
  "contact": [
    {
      "telecom": [
        {
          "system": "other",
          "value": "http://hl7.org/fhir"
        },
        {
          "system": "email",
          "value": "fhir@lists.hl7.org"
        }
      ]
    }
  ],
  "date": "2016-11-16T21:13:00-05:00",
  "description": "Defines organization behavior of a group",
  "caseSensitive": true,
  "valueSet": "http://hl7.org/fhir/ValueSet/action-grouping-behavior",
  "content": "complete",
  "concept": [
    {
      "code": "visual-group",
      "display": "Visual Group",
      "definition": "Any group marked with this behavior should be displayed as a visual group to the end user"
    },
    {
      "code": "logical-group",
      "display": "Logical Group",
      "definition": "A group with this behavior logically groups its sub-elements, and may be shown as a visual group to the end user, but it is not required to do so"
    },
    {
      "code": "sentence-group",
      "display": "Sentence Group",
      "definition": "A group of related alternative actions is a sentence group if the target referenced by the action is the same in all the actions and each action simply constitutes a different variation on how to specify the details for the target. For example, two actions that could be in a SentenceGroup are \"aspirin, 500 mg, 2 times per day\" and \"aspirin, 300 mg, 3 times per day\". In both cases, aspirin is the target referenced by the action, and the two actions represent different options for how aspirin might be ordered for the patient. Note that a SentenceGroup would almost always have an associated selection behavior of \"AtMostOne\", unless it's a required action, in which case, it would be \"ExactlyOne\""
    }
  ]
}