{
  "resourceType": "CodeSystem",
  "id": "assert-response-code-types",
  "meta": {
    "lastUpdated": "2016-11-16T21:13:00.180-05:00"
  },
  "text": {
    "status": "generated",
    "div": "<div xmlns=\"http://www.w3.org/1999/xhtml\"><h2>AssertionResponseTypes</h2><div><p>The type of response code to use for assertion.</p>\n</div><p>This code system http://hl7.org/fhir/assert-response-code-types defines the following codes:</p><table class=\"codes\"><tr><td><b>Code</b></td><td><b>Display</b></td><td><b>Definition</b></td></tr><tr><td>okay<a name=\"assert-response-code-types-okay\"> </a></td><td>okay</td><td>Response code is 200.</td></tr><tr><td>created<a name=\"assert-response-code-types-created\"> </a></td><td>created</td><td>Response code is 201.</td></tr><tr><td>noContent<a name=\"assert-response-code-types-noContent\"> </a></td><td>noContent</td><td>Response code is 204.</td></tr><tr><td>notModified<a name=\"assert-response-code-types-notModified\"> </a></td><td>notModified</td><td>Response code is 304.</td></tr><tr><td>bad<a name=\"assert-response-code-types-bad\"> </a></td><td>bad</td><td>Response code is 400.</td></tr><tr><td>forbidden<a name=\"assert-response-code-types-forbidden\"> </a></td><td>forbidden</td><td>Response code is 403.</td></tr><tr><td>notFound<a name=\"assert-response-code-types-notFound\"> </a></td><td>notFound</td><td>Response code is 404.</td></tr><tr><td>methodNotAllowed<a name=\"assert-response-code-types-methodNotAllowed\"> </a></td><td>methodNotAllowed</td><td>Response code is 405.</td></tr><tr><td>conflict<a name=\"assert-response-code-types-conflict\"> </a></td><td>conflict</td><td>Response code is 409.</td></tr><tr><td>gone<a name=\"assert-response-code-types-gone\"> </a></td><td>gone</td><td>Response code is 410.</td></tr><tr><td>preconditionFailed<a name=\"assert-response-code-types-preconditionFailed\"> </a></td><td>preconditionFailed</td><td>Response code is 412.</td></tr><tr><td>unprocessable<a name=\"assert-response-code-types-unprocessable\"> </a></td><td>unprocessable</td><td>Response code is 422.</td></tr></table></div>"
  },
  "url": "http://hl7.org/fhir/assert-response-code-types",
  "identifier": {
    "system": "urn:ietf:rfc:3986",
    "value": "urn:oid:2.16.840.1.113883.4.642.1.361"
  },
  "version": "1.7.0",
  "name": "AssertionResponseTypes",
  "status": "draft",
  "experimental": false,
  "publisher": "HL7 (FHIR Project)",
  "contact": [
    {
      "telecom": [
        {
          "system": "other",
          "value": "http://hl7.org/fhir"
        },
        {
          "system": "email",
          "value": "fhir@lists.hl7.org"
        }
      ]
    }
  ],
  "date": "2016-11-16T21:13:00-05:00",
  "description": "The type of response code to use for assertion.",
  "caseSensitive": true,
  "valueSet": "http://hl7.org/fhir/ValueSet/assert-response-code-types",
  "content": "complete",
  "concept": [
    {
      "code": "okay",
      "display": "okay",
      "definition": "Response code is 200."
    },
    {
      "code": "created",
      "display": "created",
      "definition": "Response code is 201."
    },
    {
      "code": "noContent",
      "display": "noContent",
      "definition": "Response code is 204."
    },
    {
      "code": "notModified",
      "display": "notModified",
      "definition": "Response code is 304."
    },
    {
      "code": "bad",
      "display": "bad",
      "definition": "Response code is 400."
    },
    {
      "code": "forbidden",
      "display": "forbidden",
      "definition": "Response code is 403."
    },
    {
      "code": "notFound",
      "display": "notFound",
      "definition": "Response code is 404."
    },
    {
      "code": "methodNotAllowed",
      "display": "methodNotAllowed",
      "definition": "Response code is 405."
    },
    {
      "code": "conflict",
      "display": "conflict",
      "definition": "Response code is 409."
    },
    {
      "code": "gone",
      "display": "gone",
      "definition": "Response code is 410."
    },
    {
      "code": "preconditionFailed",
      "display": "preconditionFailed",
      "definition": "Response code is 412."
    },
    {
      "code": "unprocessable",
      "display": "unprocessable",
      "definition": "Response code is 422."
    }
  ]
}