{
  "resourceType": "CodeSystem",
  "id": "task-priority",
  "meta": {
    "lastUpdated": "2016-11-16T23:52:25.144-05:00"
  },
  "text": {
    "status": "generated",
    "div": "<div xmlns=\"http://www.w3.org/1999/xhtml\"><h2>TaskPriority</h2><div><p>The task's priority</p>\n</div><p>This code system http://hl7.org/fhir/task-priority defines the following codes:</p><table class=\"codes\"><tr><td><b>Code</b></td><td><b>Display</b></td><td><b>Definition</b></td></tr><tr><td>low<a name=\"task-priority-low\"> </a></td><td>Low</td><td>This task has low priority.</td></tr><tr><td>normal<a name=\"task-priority-normal\"> </a></td><td>Normal</td><td>This task has normal priority.</td></tr><tr><td>high<a name=\"task-priority-high\"> </a></td><td>High</td><td>This task has high priority.</td></tr></table></div>"
  },
  "url": "http://hl7.org/fhir/task-priority",
  "identifier": {
    "system": "urn:ietf:rfc:3986",
    "value": "urn:oid:2.16.840.1.113883.4.642.1.561"
  },
  "version": "1.7.0",
  "name": "TaskPriority",
  "status": "draft",
  "experimental": false,
  "publisher": "HL7 (FHIR Project)",
  "contact": [
    {
      "telecom": [
        {
          "system": "other",
          "value": "http://hl7.org/fhir"
        },
        {
          "system": "email",
          "value": "fhir@lists.hl7.org"
        }
      ]
    }
  ],
  "date": "2016-11-16T23:52:25-05:00",
  "description": "The task's priority",
  "caseSensitive": true,
  "valueSet": "http://hl7.org/fhir/ValueSet/task-priority",
  "content": "complete",
  "concept": [
    {
      "code": "low",
      "display": "Low",
      "definition": "This task has low priority."
    },
    {
      "code": "normal",
      "display": "Normal",
      "definition": "This task has normal priority."
    },
    {
      "code": "high",
      "display": "High",
      "definition": "This task has high priority."
    }
  ]
}