{
  "resourceType": "CodeSystem",
  "id": "property-representation",
  "meta": {
    "lastUpdated": "2016-12-19T23:17:56.167-05:00"
  },
  "text": {
    "status": "generated",
    "div": "<div xmlns=\"http://www.w3.org/1999/xhtml\"><h2>PropertyRepresentation</h2><div><p>How a property is represented on the wire.</p>\n</div><p>This code system http://hl7.org/fhir/property-representation defines the following codes:</p><table class=\"codes\"><tr><td><b>Code</b></td><td><b>Display</b></td><td><b>Definition</b></td></tr><tr><td>xmlAttr<a name=\"property-representation-xmlAttr\"> </a></td><td>XML Attribute</td><td>In XML, this property is represented as an attribute not an element.</td></tr><tr><td>xmlText<a name=\"property-representation-xmlText\"> </a></td><td>XML Text</td><td>This element is represented using the XML text attribute (primitives only)</td></tr><tr><td>typeAttr<a name=\"property-representation-typeAttr\"> </a></td><td>Type Attribute</td><td>The type of this element is indicated using xsi:type</td></tr><tr><td>cdaText<a name=\"property-representation-cdaText\"> </a></td><td>CDA Text Format</td><td>Use CDA narrative instead of XHTML</td></tr><tr><td>xhtml<a name=\"property-representation-xhtml\"> </a></td><td>XHTML</td><td>The property is represented using XHTML</td></tr></table></div>"
  },
  "url": "http://hl7.org/fhir/property-representation",
  "identifier": {
    "system": "urn:ietf:rfc:3986",
    "value": "urn:oid:2.16.840.1.113883.4.642.1.47"
  },
  "version": "1.8.0",
  "name": "PropertyRepresentation",
  "status": "draft",
  "experimental": false,
  "publisher": "HL7 (FHIR Project)",
  "contact": [
    {
      "telecom": [
        {
          "system": "url",
          "value": "http://hl7.org/fhir"
        },
        {
          "system": "email",
          "value": "fhir@lists.hl7.org"
        }
      ]
    }
  ],
  "date": "2016-12-19T23:17:56-05:00",
  "description": "How a property is represented on the wire.",
  "caseSensitive": true,
  "valueSet": "http://hl7.org/fhir/ValueSet/property-representation",
  "content": "complete",
  "concept": [
    {
      "code": "xmlAttr",
      "display": "XML Attribute",
      "definition": "In XML, this property is represented as an attribute not an element."
    },
    {
      "code": "xmlText",
      "display": "XML Text",
      "definition": "This element is represented using the XML text attribute (primitives only)"
    },
    {
      "code": "typeAttr",
      "display": "Type Attribute",
      "definition": "The type of this element is indicated using xsi:type"
    },
    {
      "code": "cdaText",
      "display": "CDA Text Format",
      "definition": "Use CDA narrative instead of XHTML"
    },
    {
      "code": "xhtml",
      "display": "XHTML",
      "definition": "The property is represented using XHTML"
    }
  ]
}