{
  "resourceType": "CodeSystem",
  "id": "sequence-type",
  "meta": {
    "lastUpdated": "2016-11-16T22:02:32.937-05:00"
  },
  "text": {
    "status": "generated",
    "div": "<div xmlns=\"http://www.w3.org/1999/xhtml\"><h2>sequenceType</h2><div><p>Type if a sequence -- DNA, RNA, or amino acid sequence</p>\n</div><p>This code system http://hl7.org/fhir/sequence-type defines the following codes:</p><table class=\"codes\"><tr><td><b>Code</b></td><td><b>Display</b></td><td><b>Definition</b></td></tr><tr><td>AA<a name=\"sequence-type-AA\"> </a></td><td>AA Sequence</td><td>Amino acid sequence</td></tr><tr><td>DNA<a name=\"sequence-type-DNA\"> </a></td><td>DNA Sequence</td><td>DNA Sequence</td></tr><tr><td>RNA<a name=\"sequence-type-RNA\"> </a></td><td>RNA Sequence</td><td>RNA Sequence</td></tr></table></div>"
  },
  "url": "http://hl7.org/fhir/sequence-type",
  "identifier": {
    "system": "urn:ietf:rfc:3986",
    "value": "urn:oid:2.16.840.1.113883.4.642.1.473"
  },
  "version": "1.7.0",
  "name": "sequenceType",
  "status": "draft",
  "experimental": false,
  "publisher": "HL7 (FHIR Project)",
  "contact": [
    {
      "telecom": [
        {
          "system": "other",
          "value": "http://hl7.org/fhir"
        },
        {
          "system": "email",
          "value": "fhir@lists.hl7.org"
        }
      ]
    }
  ],
  "date": "2016-11-16T22:02:32-05:00",
  "description": "Type if a sequence -- DNA, RNA, or amino acid sequence",
  "caseSensitive": true,
  "valueSet": "http://hl7.org/fhir/ValueSet/sequence-type",
  "content": "complete",
  "concept": [
    {
      "code": "AA",
      "display": "AA Sequence",
      "definition": "Amino acid sequence"
    },
    {
      "code": "DNA",
      "display": "DNA Sequence",
      "definition": "DNA Sequence"
    },
    {
      "code": "RNA",
      "display": "RNA Sequence",
      "definition": "RNA Sequence"
    }
  ]
}