{
  "resourceType": "CodeSystem",
  "id": "goal-status",
  "meta": {
    "lastUpdated": "2016-11-28T17:29:55.664-05:00"
  },
  "text": {
    "status": "generated",
    "div": "<div xmlns=\"http://www.w3.org/1999/xhtml\"><h2>GoalStatus</h2><div><p>Indicates whether the goal has been met and is still being targeted</p>\n</div><p>This code system http://hl7.org/fhir/goal-status defines the following codes:</p><table class=\"codes\"><tr><td><b>Code</b></td><td><b>Display</b></td><td><b>Definition</b></td></tr><tr><td>proposed<a name=\"goal-status-proposed\"> </a></td><td>Proposed</td><td>A goal is proposed for this patient</td></tr><tr><td>planned<a name=\"goal-status-planned\"> </a></td><td>Planned</td><td>A goal is planned for this patient</td></tr><tr><td>accepted<a name=\"goal-status-accepted\"> </a></td><td>Accepted</td><td>A proposed goal was accepted</td></tr><tr><td>rejected<a name=\"goal-status-rejected\"> </a></td><td>Rejected</td><td>A proposed goal was rejected</td></tr><tr><td>in-progress<a name=\"goal-status-in-progress\"> </a></td><td>In Progress</td><td>The goal is being sought but has not yet been reached.  (Also applies if goal was reached in the past but there has been regression and goal is being sought again)</td></tr><tr><td>achieved<a name=\"goal-status-achieved\"> </a></td><td>Achieved</td><td>The goal has been met and no further action is needed</td></tr><tr><td>sustaining<a name=\"goal-status-sustaining\"> </a></td><td>Sustaining</td><td>The goal has been met, but ongoing activity is needed to sustain the goal objective</td></tr><tr><td>on-hold<a name=\"goal-status-on-hold\"> </a></td><td>On Hold</td><td>The goal remains a long term objective but is no longer being actively pursued for a temporary period of time.</td></tr><tr><td>cancelled<a name=\"goal-status-cancelled\"> </a></td><td>Cancelled</td><td>The goal is no longer being sought</td></tr><tr><td>on-target<a name=\"goal-status-on-target\"> </a></td><td>On Target</td><td>The goal is on scheduled for the planned timelines</td></tr><tr><td>ahead-of-target<a name=\"goal-status-ahead-of-target\"> </a></td><td>Ahead of Target</td><td>The goal is ahead of the planned timelines</td></tr><tr><td>behind-target<a name=\"goal-status-behind-target\"> </a></td><td>Behind Target</td><td>The goal is behind the planned timelines</td></tr><tr><td>entered-in-error<a name=\"goal-status-entered-in-error\"> </a></td><td>Entered In Error</td><td>The goal was entered in error and voided.</td></tr></table></div>"
  },
  "url": "http://hl7.org/fhir/goal-status",
  "identifier": {
    "system": "urn:ietf:rfc:3986",
    "value": "urn:oid:2.16.840.1.113883.4.642.1.150"
  },
  "version": "1.7.0",
  "name": "GoalStatus",
  "status": "draft",
  "experimental": false,
  "publisher": "HL7 (FHIR Project)",
  "contact": [
    {
      "telecom": [
        {
          "system": "other",
          "value": "http://hl7.org/fhir"
        },
        {
          "system": "email",
          "value": "fhir@lists.hl7.org"
        }
      ]
    }
  ],
  "date": "2016-11-28T17:29:55-05:00",
  "description": "Indicates whether the goal has been met and is still being targeted",
  "caseSensitive": true,
  "valueSet": "http://hl7.org/fhir/ValueSet/goal-status",
  "content": "complete",
  "concept": [
    {
      "code": "proposed",
      "display": "Proposed",
      "definition": "A goal is proposed for this patient"
    },
    {
      "code": "planned",
      "display": "Planned",
      "definition": "A goal is planned for this patient"
    },
    {
      "code": "accepted",
      "display": "Accepted",
      "definition": "A proposed goal was accepted"
    },
    {
      "code": "rejected",
      "display": "Rejected",
      "definition": "A proposed goal was rejected"
    },
    {
      "code": "in-progress",
      "display": "In Progress",
      "definition": "The goal is being sought but has not yet been reached.  (Also applies if goal was reached in the past but there has been regression and goal is being sought again)"
    },
    {
      "code": "achieved",
      "display": "Achieved",
      "definition": "The goal has been met and no further action is needed"
    },
    {
      "code": "sustaining",
      "display": "Sustaining",
      "definition": "The goal has been met, but ongoing activity is needed to sustain the goal objective"
    },
    {
      "code": "on-hold",
      "display": "On Hold",
      "definition": "The goal remains a long term objective but is no longer being actively pursued for a temporary period of time."
    },
    {
      "code": "cancelled",
      "display": "Cancelled",
      "definition": "The goal is no longer being sought"
    },
    {
      "code": "on-target",
      "display": "On Target",
      "definition": "The goal is on scheduled for the planned timelines"
    },
    {
      "code": "ahead-of-target",
      "display": "Ahead of Target",
      "definition": "The goal is ahead of the planned timelines"
    },
    {
      "code": "behind-target",
      "display": "Behind Target",
      "definition": "The goal is behind the planned timelines"
    },
    {
      "code": "entered-in-error",
      "display": "Entered In Error",
      "definition": "The goal was entered in error and voided."
    }
  ]
}