{
  "resourceType": "CodeSystem",
  "id": "action-cardinality-behavior",
  "meta": {
    "lastUpdated": "2016-11-16T22:02:32.937-05:00"
  },
  "text": {
    "status": "generated",
    "div": "<div xmlns=\"http://www.w3.org/1999/xhtml\"><h2>PlanActionCardinalityBehavior</h2><div><p>Defines behavior for an action or a group for how many times that item may be repeated</p>\n</div><p>This code system http://hl7.org/fhir/action-cardinality-behavior defines the following codes:</p><table class=\"codes\"><tr><td><b>Code</b></td><td><b>Display</b></td><td><b>Definition</b></td></tr><tr><td>single<a name=\"action-cardinality-behavior-single\"> </a></td><td>Single</td><td>The action may only be selected one time</td></tr><tr><td>multiple<a name=\"action-cardinality-behavior-multiple\"> </a></td><td>Multiple</td><td>The action may be selected multiple times</td></tr></table></div>"
  },
  "url": "http://hl7.org/fhir/action-cardinality-behavior",
  "identifier": {
    "system": "urn:ietf:rfc:3986",
    "value": "urn:oid:2.16.840.1.113883.4.642.1.992"
  },
  "version": "1.7.0",
  "name": "PlanActionCardinalityBehavior",
  "status": "draft",
  "experimental": false,
  "publisher": "HL7 (FHIR Project)",
  "contact": [
    {
      "telecom": [
        {
          "system": "other",
          "value": "http://hl7.org/fhir"
        },
        {
          "system": "email",
          "value": "fhir@lists.hl7.org"
        }
      ]
    }
  ],
  "date": "2016-11-16T22:02:32-05:00",
  "description": "Defines behavior for an action or a group for how many times that item may be repeated",
  "caseSensitive": true,
  "valueSet": "http://hl7.org/fhir/ValueSet/action-cardinality-behavior",
  "content": "complete",
  "concept": [
    {
      "code": "single",
      "display": "Single",
      "definition": "The action may only be selected one time"
    },
    {
      "code": "multiple",
      "display": "Multiple",
      "definition": "The action may be selected multiple times"
    }
  ]
}