{
  "resourceType": "CodeSystem",
  "id": "quantity-comparator",
  "meta": {
    "lastUpdated": "2016-11-16T21:13:00.180-05:00"
  },
  "text": {
    "status": "generated",
    "div": "<div xmlns=\"http://www.w3.org/1999/xhtml\"><h2>QuantityComparator</h2><div><p>How the Quantity should be understood and represented.</p>\n</div><p>This code system http://hl7.org/fhir/quantity-comparator defines the following codes:</p><table class=\"codes\"><tr><td><b>Code</b></td><td><b>Display</b></td><td><b>Definition</b></td></tr><tr><td>&lt;<a name=\"quantity-comparator-.60\"> </a></td><td>Less than</td><td>The actual value is less than the given value.</td></tr><tr><td>&lt;=<a name=\"quantity-comparator-.60.61\"> </a></td><td>Less or Equal to</td><td>The actual value is less than or equal to the given value.</td></tr><tr><td>&gt;=<a name=\"quantity-comparator-.62.61\"> </a></td><td>Greater or Equal to</td><td>The actual value is greater than or equal to the given value.</td></tr><tr><td>&gt;<a name=\"quantity-comparator-.62\"> </a></td><td>Greater than</td><td>The actual value is greater than the given value.</td></tr></table></div>"
  },
  "url": "http://hl7.org/fhir/quantity-comparator",
  "identifier": {
    "system": "urn:ietf:rfc:3986",
    "value": "urn:oid:2.16.840.1.113883.4.642.1.34"
  },
  "version": "1.7.0",
  "name": "QuantityComparator",
  "status": "draft",
  "experimental": false,
  "publisher": "HL7 (FHIR Project)",
  "contact": [
    {
      "telecom": [
        {
          "system": "other",
          "value": "http://hl7.org/fhir"
        },
        {
          "system": "email",
          "value": "fhir@lists.hl7.org"
        }
      ]
    }
  ],
  "date": "2016-11-16T21:13:00-05:00",
  "description": "How the Quantity should be understood and represented.",
  "caseSensitive": true,
  "valueSet": "http://hl7.org/fhir/ValueSet/quantity-comparator",
  "content": "complete",
  "concept": [
    {
      "code": "<",
      "display": "Less than",
      "definition": "The actual value is less than the given value."
    },
    {
      "code": "<=",
      "display": "Less or Equal to",
      "definition": "The actual value is less than or equal to the given value."
    },
    {
      "code": ">=",
      "display": "Greater or Equal to",
      "definition": "The actual value is greater than or equal to the given value."
    },
    {
      "code": ">",
      "display": "Greater than",
      "definition": "The actual value is greater than the given value."
    }
  ]
}