{
  "resourceType": "CodeSystem",
  "id": "measure-report-status",
  "meta": {
    "lastUpdated": "2016-12-19T23:17:56.167-05:00"
  },
  "text": {
    "status": "generated",
    "div": "<div xmlns=\"http://www.w3.org/1999/xhtml\"><h2>MeasureReportStatus</h2><div><p>The status of the measure report</p>\n</div><p>This code system http://hl7.org/fhir/measure-report-status defines the following codes:</p><table class=\"codes\"><tr><td><b>Code</b></td><td><b>Display</b></td><td><b>Definition</b></td></tr><tr><td>complete<a name=\"measure-report-status-complete\"> </a></td><td>Complete</td><td>The report is complete and ready for use</td></tr><tr><td>pending<a name=\"measure-report-status-pending\"> </a></td><td>Pending</td><td>The report is currently being generated</td></tr><tr><td>error<a name=\"measure-report-status-error\"> </a></td><td>Error</td><td>An error occurred attempting to generate the report</td></tr></table></div>"
  },
  "url": "http://hl7.org/fhir/measure-report-status",
  "identifier": {
    "system": "urn:ietf:rfc:3986",
    "value": "urn:oid:2.16.840.1.113883.4.642.1.541"
  },
  "version": "1.8.0",
  "name": "MeasureReportStatus",
  "status": "draft",
  "experimental": false,
  "publisher": "HL7 (FHIR Project)",
  "contact": [
    {
      "telecom": [
        {
          "system": "url",
          "value": "http://hl7.org/fhir"
        },
        {
          "system": "email",
          "value": "fhir@lists.hl7.org"
        }
      ]
    }
  ],
  "date": "2016-12-19T23:17:56-05:00",
  "description": "The status of the measure report",
  "caseSensitive": true,
  "valueSet": "http://hl7.org/fhir/ValueSet/measure-report-status",
  "content": "complete",
  "concept": [
    {
      "code": "complete",
      "display": "Complete",
      "definition": "The report is complete and ready for use"
    },
    {
      "code": "pending",
      "display": "Pending",
      "definition": "The report is currently being generated"
    },
    {
      "code": "error",
      "display": "Error",
      "definition": "An error occurred attempting to generate the report"
    }
  ]
}