{
  "resourceType": "CodeSystem",
  "id": "location-physical-type",
  "meta": {
    "lastUpdated": "2016-12-07T14:18:58.982-05:00",
    "profile": [
      "http://hl7.org/fhir/StructureDefinition/codesystem-shareable-definition"
    ]
  },
  "text": {
    "status": "generated",
    "div": "<div xmlns=\"http://www.w3.org/1999/xhtml\"><h2>LocationType</h2><div><p>This example value set defines a set of codes that can be used to indicate the physical form of the Location.</p>\n</div><p>This code system http://hl7.org/fhir/location-physical-type defines the following codes:</p><table class=\"codes\"><tr><td><b>Code</b></td><td><b>Display</b></td><td><b>Definition</b></td></tr><tr><td>si<a name=\"location-physical-type-si\"> </a></td><td>Site</td><td>A collection of buildings or other locations such as a site or a campus.</td></tr><tr><td>bu<a name=\"location-physical-type-bu\"> </a></td><td>Building</td><td>Any Building or structure. This may contain rooms, corridors, wings, etc. It may not have walls, or a roof, but is considered a defined/allocated space.</td></tr><tr><td>wi<a name=\"location-physical-type-wi\"> </a></td><td>Wing</td><td>A Wing within a Building, this often contains levels, rooms and corridors.</td></tr><tr><td>wa<a name=\"location-physical-type-wa\"> </a></td><td>Ward</td><td>A Ward is a section of a medical facility that may contain rooms and other types of location.</td></tr><tr><td>lvl<a name=\"location-physical-type-lvl\"> </a></td><td>Level</td><td>A Level in a multi-level Building/Structure.</td></tr><tr><td>co<a name=\"location-physical-type-co\"> </a></td><td>Corridor</td><td>Any corridor within a Building, that may connect rooms.</td></tr><tr><td>ro<a name=\"location-physical-type-ro\"> </a></td><td>Room</td><td>A space that is allocated as a room, it may have walls/roof etc., but does not require these.</td></tr><tr><td>bd<a name=\"location-physical-type-bd\"> </a></td><td>Bed</td><td>A space that is allocated for sleeping/laying on. This is not the physical bed/trolley that may be moved about, but the space it may occupy.</td></tr><tr><td>ve<a name=\"location-physical-type-ve\"> </a></td><td>Vehicle</td><td>A means of transportation.</td></tr><tr><td>ho<a name=\"location-physical-type-ho\"> </a></td><td>House</td><td>A residential dwelling. Usually used to reference a location that a person/patient may reside.</td></tr><tr><td>ca<a name=\"location-physical-type-ca\"> </a></td><td>Cabinet</td><td>A container that can store goods, equipment, medications or other items.</td></tr><tr><td>rd<a name=\"location-physical-type-rd\"> </a></td><td>Road</td><td>A defined path to travel between 2 points that has a known name.</td></tr><tr><td>area<a name=\"location-physical-type-area\"> </a></td><td>Area</td><td>A defined physical boundary of something, such as a flood risk zone, region, postcode</td></tr><tr><td>jdn<a name=\"location-physical-type-jdn\"> </a></td><td>Jurisdiction</td><td>A wide scope that covers a conceptual domain, such as a Nation (Country wide community or Federal Government - e.g. Ministry of Health),  Province or State (community or Government), Business (throughout the enterprise), Nation with a business scope of an agency (e.g. CDC, FDA etc.) or a Business segment (UK Pharmacy), not just an physical boundry</td></tr></table></div>"
  },
  "url": "http://hl7.org/fhir/location-physical-type",
  "identifier": {
    "system": "urn:ietf:rfc:3986",
    "value": "urn:oid:2.16.840.1.113883.4.642.1.179"
  },
  "version": "1.8.0",
  "name": "LocationType",
  "status": "draft",
  "experimental": true,
  "publisher": "FHIR Project team",
  "contact": [
    {
      "telecom": [
        {
          "system": "url",
          "value": "http://hl7.org/fhir"
        }
      ]
    }
  ],
  "description": "This example value set defines a set of codes that can be used to indicate the physical form of the Location.",
  "caseSensitive": true,
  "valueSet": "http://hl7.org/fhir/ValueSet/location-physical-type",
  "content": "complete",
  "concept": [
    {
      "code": "si",
      "display": "Site",
      "definition": "A collection of buildings or other locations such as a site or a campus."
    },
    {
      "code": "bu",
      "display": "Building",
      "definition": "Any Building or structure. This may contain rooms, corridors, wings, etc. It may not have walls, or a roof, but is considered a defined/allocated space."
    },
    {
      "code": "wi",
      "display": "Wing",
      "definition": "A Wing within a Building, this often contains levels, rooms and corridors."
    },
    {
      "code": "wa",
      "display": "Ward",
      "definition": "A Ward is a section of a medical facility that may contain rooms and other types of location."
    },
    {
      "code": "lvl",
      "display": "Level",
      "definition": "A Level in a multi-level Building/Structure."
    },
    {
      "code": "co",
      "display": "Corridor",
      "definition": "Any corridor within a Building, that may connect rooms."
    },
    {
      "code": "ro",
      "display": "Room",
      "definition": "A space that is allocated as a room, it may have walls/roof etc., but does not require these."
    },
    {
      "code": "bd",
      "display": "Bed",
      "definition": "A space that is allocated for sleeping/laying on. This is not the physical bed/trolley that may be moved about, but the space it may occupy."
    },
    {
      "code": "ve",
      "display": "Vehicle",
      "definition": "A means of transportation."
    },
    {
      "code": "ho",
      "display": "House",
      "definition": "A residential dwelling. Usually used to reference a location that a person/patient may reside."
    },
    {
      "code": "ca",
      "display": "Cabinet",
      "definition": "A container that can store goods, equipment, medications or other items."
    },
    {
      "code": "rd",
      "display": "Road",
      "definition": "A defined path to travel between 2 points that has a known name."
    },
    {
      "code": "area",
      "display": "Area",
      "definition": "A defined physical boundary of something, such as a flood risk zone, region, postcode"
    },
    {
      "code": "jdn",
      "display": "Jurisdiction",
      "definition": "A wide scope that covers a conceptual domain, such as a Nation (Country wide community or Federal Government - e.g. Ministry of Health),  Province or State (community or Government), Business (throughout the enterprise), Nation with a business scope of an agency (e.g. CDC, FDA etc.) or a Business segment (UK Pharmacy), not just an physical boundry"
    }
  ]
}