{
  "resourceType": "CodeSystem",
  "id": "map-list-mode",
  "meta": {
    "lastUpdated": "2016-11-28T17:29:55.664-05:00"
  },
  "text": {
    "status": "generated",
    "div": "<div xmlns=\"http://www.w3.org/1999/xhtml\"><h2>StructureMapListMode</h2><div><p>If field is a list, how to manage the list</p>\n</div><p>This code system http://hl7.org/fhir/map-list-mode defines the following codes:</p><table class=\"codes\"><tr><td><b>Code</b></td><td><b>Display</b></td><td><b>Definition</b></td></tr><tr><td>first<a name=\"map-list-mode-first\"> </a></td><td>First</td><td>when the target list is being assembled, the items for this rule go first. If more that one rule defines a first item (for a given instance of mapping) then this is an error</td></tr><tr><td>share<a name=\"map-list-mode-share\"> </a></td><td>Share</td><td>the target instance is shared with the target instances generated by another rule (up to the first common n items, then create new ones)</td></tr><tr><td>last<a name=\"map-list-mode-last\"> </a></td><td>Last</td><td>when the target list is being assembled, the items for this rule go last. If more that one rule defines a last item (for a given instance of mapping) then this is an error</td></tr></table></div>"
  },
  "url": "http://hl7.org/fhir/map-list-mode",
  "identifier": {
    "system": "urn:ietf:rfc:3986",
    "value": "urn:oid:2.16.840.1.113883.4.642.1.538"
  },
  "version": "1.7.0",
  "name": "StructureMapListMode",
  "status": "draft",
  "experimental": false,
  "publisher": "HL7 (FHIR Project)",
  "contact": [
    {
      "telecom": [
        {
          "system": "other",
          "value": "http://hl7.org/fhir"
        },
        {
          "system": "email",
          "value": "fhir@lists.hl7.org"
        }
      ]
    }
  ],
  "date": "2016-11-28T17:29:55-05:00",
  "description": "If field is a list, how to manage the list",
  "caseSensitive": true,
  "valueSet": "http://hl7.org/fhir/ValueSet/map-list-mode",
  "content": "complete",
  "concept": [
    {
      "code": "first",
      "display": "First",
      "definition": "when the target list is being assembled, the items for this rule go first. If more that one rule defines a first item (for a given instance of mapping) then this is an error"
    },
    {
      "code": "share",
      "display": "Share",
      "definition": "the target instance is shared with the target instances generated by another rule (up to the first common n items, then create new ones)"
    },
    {
      "code": "last",
      "display": "Last",
      "definition": "when the target list is being assembled, the items for this rule go last. If more that one rule defines a last item (for a given instance of mapping) then this is an error"
    }
  ]
}