{
  "resourceType": "CodeSystem",
  "id": "cqif-recommendation-strength",
  "meta": {
    "lastUpdated": "2016-11-16T21:13:00.180-05:00"
  },
  "text": {
    "status": "generated",
    "div": "<div xmlns=\"http://www.w3.org/1999/xhtml\"><h2>StrengthOfRecommendationRating</h2><div><p>A rating system that describes the strength of the recommendation, such as the GRADE, DynaMed, or HGPS systems</p>\n</div><p>This code system http://hl7.org/fhir/recommendation-strength defines the following codes:</p><table class=\"codes\"><tr><td><b>Code</b></td><td><b>Display</b></td><td><b>Definition</b></td></tr><tr><td>strong<a name=\"cqif-recommendation-strength-strong\"> </a></td><td>Strong</td><td>Strong recommendation</td></tr><tr><td>weak<a name=\"cqif-recommendation-strength-weak\"> </a></td><td>Weak</td><td>Weak recommendation</td></tr></table></div>"
  },
  "url": "http://hl7.org/fhir/recommendation-strength",
  "identifier": {
    "system": "urn:ietf:rfc:3986",
    "value": "urn:oid:2.16.840.1.113883.4.642.1.1002"
  },
  "version": "1.7.0",
  "name": "StrengthOfRecommendationRating",
  "status": "draft",
  "experimental": false,
  "publisher": "HL7 (FHIR Project)",
  "contact": [
    {
      "telecom": [
        {
          "system": "other",
          "value": "http://hl7.org/fhir"
        },
        {
          "system": "email",
          "value": "fhir@lists.hl7.org"
        }
      ]
    }
  ],
  "date": "2016-11-16T21:13:00-05:00",
  "description": "A rating system that describes the strength of the recommendation, such as the GRADE, DynaMed, or HGPS systems",
  "caseSensitive": true,
  "valueSet": "http://hl7.org/fhir/ValueSet/cqif-recommendation-strength",
  "content": "complete",
  "concept": [
    {
      "code": "strong",
      "display": "Strong",
      "definition": "Strong recommendation"
    },
    {
      "code": "weak",
      "display": "Weak",
      "definition": "Weak recommendation"
    }
  ]
}