{
  "resourceType": "CodeSystem",
  "id": "namingsystem-type",
  "meta": {
    "lastUpdated": "2016-12-07T14:18:58.982-05:00"
  },
  "text": {
    "status": "generated",
    "div": "<div xmlns=\"http://www.w3.org/1999/xhtml\"><h2>NamingSystemType</h2><div><p>Identifies the purpose of the naming system.</p>\n</div><p>This code system http://hl7.org/fhir/namingsystem-type defines the following codes:</p><table class=\"codes\"><tr><td><b>Code</b></td><td><b>Display</b></td><td><b>Definition</b></td></tr><tr><td>codesystem<a name=\"namingsystem-type-codesystem\"> </a></td><td>Code System</td><td>The naming system is used to define concepts and symbols to represent those concepts; e.g. UCUM, LOINC, NDC code, local lab codes, etc.</td></tr><tr><td>identifier<a name=\"namingsystem-type-identifier\"> </a></td><td>Identifier</td><td>The naming system is used to manage identifiers (e.g. license numbers, order numbers, etc.).</td></tr><tr><td>root<a name=\"namingsystem-type-root\"> </a></td><td>Root</td><td>The naming system is used as the root for other identifiers and naming systems.</td></tr></table></div>"
  },
  "url": "http://hl7.org/fhir/namingsystem-type",
  "identifier": {
    "system": "urn:ietf:rfc:3986",
    "value": "urn:oid:2.16.840.1.113883.4.642.1.290"
  },
  "version": "1.8.0",
  "name": "NamingSystemType",
  "status": "draft",
  "experimental": false,
  "publisher": "HL7 (FHIR Project)",
  "contact": [
    {
      "telecom": [
        {
          "system": "url",
          "value": "http://hl7.org/fhir"
        },
        {
          "system": "email",
          "value": "fhir@lists.hl7.org"
        }
      ]
    }
  ],
  "date": "2016-12-07T14:18:58-05:00",
  "description": "Identifies the purpose of the naming system.",
  "caseSensitive": true,
  "valueSet": "http://hl7.org/fhir/ValueSet/namingsystem-type",
  "content": "complete",
  "concept": [
    {
      "code": "codesystem",
      "display": "Code System",
      "definition": "The naming system is used to define concepts and symbols to represent those concepts; e.g. UCUM, LOINC, NDC code, local lab codes, etc."
    },
    {
      "code": "identifier",
      "display": "Identifier",
      "definition": "The naming system is used to manage identifiers (e.g. license numbers, order numbers, etc.)."
    },
    {
      "code": "root",
      "display": "Root",
      "definition": "The naming system is used as the root for other identifiers and naming systems."
    }
  ]
}