{
  "resourceType": "CodeSystem",
  "id": "map-input-mode",
  "meta": {
    "lastUpdated": "2016-12-19T23:17:56.167-05:00"
  },
  "text": {
    "status": "generated",
    "div": "<div xmlns=\"http://www.w3.org/1999/xhtml\"><h2>StructureMapInputMode</h2><div><p>Mode for this instance of data</p>\n</div><p>This code system http://hl7.org/fhir/map-input-mode defines the following codes:</p><table class=\"codes\"><tr><td><b>Code</b></td><td><b>Display</b></td><td><b>Definition</b></td></tr><tr><td>source<a name=\"map-input-mode-source\"> </a></td><td>Source Instance</td><td>Names an input instance used a source for mapping</td></tr><tr><td>target<a name=\"map-input-mode-target\"> </a></td><td>Target Instance</td><td>Names an instance that is being populated</td></tr></table></div>"
  },
  "url": "http://hl7.org/fhir/map-input-mode",
  "identifier": {
    "system": "urn:ietf:rfc:3986",
    "value": "urn:oid:2.16.840.1.113883.4.642.1.535"
  },
  "version": "1.8.0",
  "name": "StructureMapInputMode",
  "status": "draft",
  "experimental": false,
  "publisher": "HL7 (FHIR Project)",
  "contact": [
    {
      "telecom": [
        {
          "system": "url",
          "value": "http://hl7.org/fhir"
        },
        {
          "system": "email",
          "value": "fhir@lists.hl7.org"
        }
      ]
    }
  ],
  "date": "2016-12-19T23:17:56-05:00",
  "description": "Mode for this instance of data",
  "caseSensitive": true,
  "valueSet": "http://hl7.org/fhir/ValueSet/map-input-mode",
  "content": "complete",
  "concept": [
    {
      "code": "source",
      "display": "Source Instance",
      "definition": "Names an input instance used a source for mapping"
    },
    {
      "code": "target",
      "display": "Target Instance",
      "definition": "Names an instance that is being populated"
    }
  ]
}