{
  "resourceType": "CodeSystem",
  "id": "claim-use",
  "meta": {
    "lastUpdated": "2016-12-07T14:18:58.982-05:00"
  },
  "text": {
    "status": "generated",
    "div": "<div xmlns=\"http://www.w3.org/1999/xhtml\"><h2>Use</h2><div><p>Complete, proposed, exploratory, other</p>\n</div><p>This code system http://hl7.org/fhir/claim-use defines the following codes:</p><table class=\"codes\"><tr><td><b>Code</b></td><td><b>Display</b></td><td><b>Definition</b></td></tr><tr><td>complete<a name=\"claim-use-complete\"> </a></td><td>Complete</td><td>The treatment is complete and this represents a Claim for the services.</td></tr><tr><td>proposed<a name=\"claim-use-proposed\"> </a></td><td>Proposed</td><td>The treatment is proposed and this represents a Pre-authorization for the services.</td></tr><tr><td>exploratory<a name=\"claim-use-exploratory\"> </a></td><td>Exploratory</td><td>The treatment is proposed and this represents a Pre-determination for the services.</td></tr><tr><td>other<a name=\"claim-use-other\"> </a></td><td>Other</td><td>A locally defined or otherwise resolved status.</td></tr></table></div>"
  },
  "url": "http://hl7.org/fhir/claim-use",
  "identifier": {
    "system": "urn:ietf:rfc:3986",
    "value": "urn:oid:2.16.840.1.113883.4.642.1.315"
  },
  "version": "1.8.0",
  "name": "Use",
  "status": "draft",
  "experimental": false,
  "publisher": "HL7 (FHIR Project)",
  "contact": [
    {
      "telecom": [
        {
          "system": "url",
          "value": "http://hl7.org/fhir"
        },
        {
          "system": "email",
          "value": "fhir@lists.hl7.org"
        }
      ]
    }
  ],
  "date": "2016-12-07T14:18:58-05:00",
  "description": "Complete, proposed, exploratory, other",
  "caseSensitive": true,
  "valueSet": "http://hl7.org/fhir/ValueSet/claim-use",
  "content": "complete",
  "concept": [
    {
      "code": "complete",
      "display": "Complete",
      "definition": "The treatment is complete and this represents a Claim for the services."
    },
    {
      "code": "proposed",
      "display": "Proposed",
      "definition": "The treatment is proposed and this represents a Pre-authorization for the services."
    },
    {
      "code": "exploratory",
      "display": "Exploratory",
      "definition": "The treatment is proposed and this represents a Pre-determination for the services."
    },
    {
      "code": "other",
      "display": "Other",
      "definition": "A locally defined or otherwise resolved status."
    }
  ]
}