{
  "resourceType": "CodeSystem",
  "id": "marital-status",
  "meta": {
    "lastUpdated": "2016-12-07T14:18:58.982-05:00",
    "profile": [
      "http://hl7.org/fhir/StructureDefinition/codesystem-shareable-definition"
    ]
  },
  "text": {
    "status": "generated",
    "div": "<div xmlns=\"http://www.w3.org/1999/xhtml\"><h2>Marital Status Codes</h2><div><p>This value set defines the set of codes that can be used to indicate the marital status of a person.</p>\n</div><p>This code system http://hl7.org/fhir/marital-status defines the following codes:</p><table class=\"codes\"><tr><td><b>Code</b></td><td><b>Display</b></td><td><b>Definition</b></td></tr><tr><td>U<a name=\"marital-status-U\"> </a></td><td>Unmarried</td><td>The person is not presently married. The marital history is not known or stated.</td></tr></table></div>"
  },
  "url": "http://hl7.org/fhir/marital-status",
  "identifier": {
    "system": "urn:ietf:rfc:3986",
    "value": "urn:oid:2.16.840.1.113883.4.642.1.marital-status"
  },
  "version": "1.8.0",
  "name": "Marital Status Codes",
  "status": "draft",
  "experimental": true,
  "publisher": "FHIR Project team",
  "contact": [
    {
      "telecom": [
        {
          "system": "url",
          "value": "http://hl7.org/fhir"
        }
      ]
    }
  ],
  "description": "This value set defines the set of codes that can be used to indicate the marital status of a person.",
  "caseSensitive": true,
  "valueSet": "http://hl7.org/fhir/ValueSet/marital-status",
  "content": "complete",
  "concept": [
    {
      "code": "U",
      "display": "Unmarried",
      "definition": "The person is not presently married. The marital history is not known or stated."
    }
  ]
}