{
  "resourceType": "CodeSystem",
  "id": "concept-property-type",
  "meta": {
    "lastUpdated": "2016-12-19T23:17:56.167-05:00"
  },
  "text": {
    "status": "generated",
    "div": "<div xmlns=\"http://www.w3.org/1999/xhtml\"><h2>PropertyType</h2><div><p>The type of a property value</p>\n</div><p>This code system http://hl7.org/fhir/concept-property-type defines the following codes:</p><table class=\"codes\"><tr><td><b>Code</b></td><td><b>Display</b></td><td><b>Definition</b></td></tr><tr><td>code<a name=\"concept-property-type-code\"> </a></td><td>code (internal reference)</td><td>The property value is a code that identifies a concept defined in the code system</td></tr><tr><td>Coding<a name=\"concept-property-type-Coding\"> </a></td><td>Coding (external reference)</td><td>The property  value is a code defined in an external code system. This may be used for translations, but is not the intent</td></tr><tr><td>string<a name=\"concept-property-type-string\"> </a></td><td>string</td><td>The property value is a string</td></tr><tr><td>integer<a name=\"concept-property-type-integer\"> </a></td><td>integer</td><td>The property value is a string (often used to assign ranking values to concepts for supporting score assessments)</td></tr><tr><td>boolean<a name=\"concept-property-type-boolean\"> </a></td><td>boolean</td><td>The property value is a boolean true | false</td></tr><tr><td>dateTime<a name=\"concept-property-type-dateTime\"> </a></td><td>dateTime</td><td>The property is a date or a date + time</td></tr></table></div>"
  },
  "url": "http://hl7.org/fhir/concept-property-type",
  "identifier": {
    "system": "urn:ietf:rfc:3986",
    "value": "urn:oid:2.16.840.1.113883.4.642.1.549"
  },
  "version": "1.8.0",
  "name": "PropertyType",
  "status": "draft",
  "experimental": false,
  "publisher": "HL7 (FHIR Project)",
  "contact": [
    {
      "telecom": [
        {
          "system": "url",
          "value": "http://hl7.org/fhir"
        },
        {
          "system": "email",
          "value": "fhir@lists.hl7.org"
        }
      ]
    }
  ],
  "date": "2016-12-19T23:17:56-05:00",
  "description": "The type of a property value",
  "caseSensitive": true,
  "valueSet": "http://hl7.org/fhir/ValueSet/concept-property-type",
  "content": "complete",
  "concept": [
    {
      "code": "code",
      "display": "code (internal reference)",
      "definition": "The property value is a code that identifies a concept defined in the code system"
    },
    {
      "code": "Coding",
      "display": "Coding (external reference)",
      "definition": "The property  value is a code defined in an external code system. This may be used for translations, but is not the intent"
    },
    {
      "code": "string",
      "display": "string",
      "definition": "The property value is a string"
    },
    {
      "code": "integer",
      "display": "integer",
      "definition": "The property value is a string (often used to assign ranking values to concepts for supporting score assessments)"
    },
    {
      "code": "boolean",
      "display": "boolean",
      "definition": "The property value is a boolean true | false"
    },
    {
      "code": "dateTime",
      "display": "dateTime",
      "definition": "The property is a date or a date + time"
    }
  ]
}