{
  "resourceType": "CodeSystem",
  "id": "related-claim-relationship",
  "meta": {
    "lastUpdated": "2016-11-28T17:29:55.664-05:00",
    "profile": [
      "http://hl7.org/fhir/StructureDefinition/codesystem-shareable-definition"
    ]
  },
  "text": {
    "status": "generated",
    "div": "<div xmlns=\"http://www.w3.org/1999/xhtml\"><h2>Example Related Claim Relationship Codes</h2><div><p>This value set includes sample Related Claim Relationship codes.</p>\n</div><p><b>Copyright Statement:</b> This is an example set.</p><p>This code system http://hl7.org/fhir/ex-relatedclaimrelationship defines the following codes:</p><table class=\"codes\"><tr><td><b>Code</b></td><td><b>Display</b></td><td><b>Definition</b></td></tr><tr><td>prior<a name=\"related-claim-relationship-prior\"> </a></td><td>Prior Claim</td><td>A prior claim instance for the same intended suite of services.</td></tr><tr><td>associated<a name=\"related-claim-relationship-associated\"> </a></td><td>Associated Claim</td><td>A claim for a different suite of services which is related the the suite claimed here.</td></tr></table></div>"
  },
  "url": "http://hl7.org/fhir/ex-relatedclaimrelationship",
  "identifier": {
    "system": "urn:ietf:rfc:3986",
    "value": "urn:oid:2.16.840.1.113883.4.642.1.527"
  },
  "version": "1.7.0",
  "name": "Example Related Claim Relationship Codes",
  "status": "draft",
  "experimental": true,
  "publisher": "Financial Management",
  "contact": [
    {
      "telecom": [
        {
          "system": "other",
          "value": "http://hl7.org/fhir"
        }
      ]
    }
  ],
  "description": "This value set includes sample Related Claim Relationship codes.",
  "copyright": "This is an example set.",
  "caseSensitive": true,
  "valueSet": "http://hl7.org/fhir/ValueSet/related-claim-relationship",
  "content": "complete",
  "concept": [
    {
      "code": "prior",
      "display": "Prior Claim",
      "definition": "A prior claim instance for the same intended suite of services."
    },
    {
      "code": "associated",
      "display": "Associated Claim",
      "definition": "A claim for a different suite of services which is related the the suite claimed here."
    }
  ]
}