{
  "resourceType": "CodeSystem",
  "id": "contract-term-type",
  "meta": {
    "lastUpdated": "2016-12-07T14:18:58.982-05:00",
    "profile": [
      "http://hl7.org/fhir/StructureDefinition/codesystem-shareable-definition"
    ]
  },
  "text": {
    "status": "generated",
    "div": "<div xmlns=\"http://www.w3.org/1999/xhtml\"><h2>Contract Term Type Codes</h2><div><p>This value set includes sample Contract Term Type codes.</p>\n</div><p><b>Copyright Statement:</b> This is an example set.</p><p>This code system http://hl7.org/fhir/contracttermtypecodes defines the following codes:</p><table class=\"codes\"><tr><td><b>Code</b></td><td><b>Display</b></td><td><b>Definition</b></td></tr><tr><td>oralhealth<a name=\"contract-term-type-oralhealth\"> </a></td><td>OralHealth</td><td>Oral Health insurance terms and conditions.</td></tr><tr><td>vision<a name=\"contract-term-type-vision\"> </a></td><td>Vision</td><td>Vision insuracne terms and conditions.</td></tr></table></div>"
  },
  "url": "http://hl7.org/fhir/contracttermtypecodes",
  "identifier": {
    "system": "urn:ietf:rfc:3986",
    "value": "urn:oid:2.16.840.1.113883.4.642.1.97"
  },
  "version": "1.8.0",
  "name": "Contract Term Type Codes",
  "status": "draft",
  "experimental": true,
  "publisher": "Financial Management",
  "contact": [
    {
      "telecom": [
        {
          "system": "url",
          "value": "http://hl7.org/fhir"
        }
      ]
    }
  ],
  "description": "This value set includes sample Contract Term Type codes.",
  "copyright": "This is an example set.",
  "caseSensitive": true,
  "valueSet": "http://hl7.org/fhir/ValueSet/contract-term-type",
  "content": "complete",
  "concept": [
    {
      "code": "oralhealth",
      "display": "OralHealth",
      "definition": "Oral Health insurance terms and conditions."
    },
    {
      "code": "vision",
      "display": "Vision",
      "definition": "Vision insuracne terms and conditions."
    }
  ]
}