{
  "resourceType": "CodeSystem",
  "id": "days-of-week",
  "meta": {
    "lastUpdated": "2016-11-16T22:02:32.937-05:00"
  },
  "text": {
    "status": "generated",
    "div": "<div xmlns=\"http://www.w3.org/1999/xhtml\"><h2>DaysOfWeek</h2><div><p>The days of the week.</p>\n</div><p>This code system http://hl7.org/fhir/days-of-week defines the following codes:</p><table class=\"codes\"><tr><td><b>Code</b></td><td><b>Display</b></td><td><b>Definition</b></td></tr><tr><td>mon<a name=\"days-of-week-mon\"> </a></td><td>Monday</td><td>Monday</td></tr><tr><td>tue<a name=\"days-of-week-tue\"> </a></td><td>Tuesday</td><td>Tuesday</td></tr><tr><td>wed<a name=\"days-of-week-wed\"> </a></td><td>Wednesday</td><td>Wednesday</td></tr><tr><td>thu<a name=\"days-of-week-thu\"> </a></td><td>Thursday</td><td>Thursday</td></tr><tr><td>fri<a name=\"days-of-week-fri\"> </a></td><td>Friday</td><td>Friday</td></tr><tr><td>sat<a name=\"days-of-week-sat\"> </a></td><td>Saturday</td><td>Saturday</td></tr><tr><td>sun<a name=\"days-of-week-sun\"> </a></td><td>Sunday</td><td>Sunday</td></tr></table></div>"
  },
  "url": "http://hl7.org/fhir/days-of-week",
  "identifier": {
    "system": "urn:ietf:rfc:3986",
    "value": "urn:oid:2.16.840.1.113883.4.642.1.302"
  },
  "version": "1.7.0",
  "name": "DaysOfWeek",
  "status": "draft",
  "experimental": false,
  "publisher": "HL7 (FHIR Project)",
  "contact": [
    {
      "telecom": [
        {
          "system": "other",
          "value": "http://hl7.org/fhir"
        },
        {
          "system": "email",
          "value": "fhir@lists.hl7.org"
        }
      ]
    }
  ],
  "date": "2016-11-16T22:02:32-05:00",
  "description": "The days of the week.",
  "caseSensitive": true,
  "valueSet": "http://hl7.org/fhir/ValueSet/days-of-week",
  "content": "complete",
  "concept": [
    {
      "code": "mon",
      "display": "Monday",
      "definition": "Monday"
    },
    {
      "code": "tue",
      "display": "Tuesday",
      "definition": "Tuesday"
    },
    {
      "code": "wed",
      "display": "Wednesday",
      "definition": "Wednesday"
    },
    {
      "code": "thu",
      "display": "Thursday",
      "definition": "Thursday"
    },
    {
      "code": "fri",
      "display": "Friday",
      "definition": "Friday"
    },
    {
      "code": "sat",
      "display": "Saturday",
      "definition": "Saturday"
    },
    {
      "code": "sun",
      "display": "Sunday",
      "definition": "Sunday"
    }
  ]
}