{
  "resourceType": "CodeSystem",
  "id": "metric-category",
  "meta": {
    "lastUpdated": "2016-12-19T23:17:56.167-05:00"
  },
  "text": {
    "status": "generated",
    "div": "<div xmlns=\"http://www.w3.org/1999/xhtml\"><h2>DeviceMetricCategory</h2><div><p>Describes the category of the metric.</p>\n</div><p>This code system http://hl7.org/fhir/metric-category defines the following codes:</p><table class=\"codes\"><tr><td><b>Code</b></td><td><b>Display</b></td><td><b>Definition</b></td></tr><tr><td>measurement<a name=\"metric-category-measurement\"> </a></td><td>Measurement</td><td>DeviceObservations generated for this DeviceMetric are measured.</td></tr><tr><td>setting<a name=\"metric-category-setting\"> </a></td><td>Setting</td><td>DeviceObservations generated for this DeviceMetric is a setting that will influence the behavior of the Device.</td></tr><tr><td>calculation<a name=\"metric-category-calculation\"> </a></td><td>Calculation</td><td>DeviceObservations generated for this DeviceMetric are calculated.</td></tr><tr><td>unspecified<a name=\"metric-category-unspecified\"> </a></td><td>Unspecified</td><td>The category of this DeviceMetric is unspecified.</td></tr></table></div>"
  },
  "url": "http://hl7.org/fhir/metric-category",
  "identifier": {
    "system": "urn:ietf:rfc:3986",
    "value": "urn:oid:2.16.840.1.113883.4.642.1.338"
  },
  "version": "1.8.0",
  "name": "DeviceMetricCategory",
  "status": "draft",
  "experimental": false,
  "publisher": "HL7 (FHIR Project)",
  "contact": [
    {
      "telecom": [
        {
          "system": "url",
          "value": "http://hl7.org/fhir"
        },
        {
          "system": "email",
          "value": "fhir@lists.hl7.org"
        }
      ]
    }
  ],
  "date": "2016-12-19T23:17:56-05:00",
  "description": "Describes the category of the metric.",
  "caseSensitive": true,
  "valueSet": "http://hl7.org/fhir/ValueSet/metric-category",
  "content": "complete",
  "concept": [
    {
      "code": "measurement",
      "display": "Measurement",
      "definition": "DeviceObservations generated for this DeviceMetric are measured."
    },
    {
      "code": "setting",
      "display": "Setting",
      "definition": "DeviceObservations generated for this DeviceMetric is a setting that will influence the behavior of the Device."
    },
    {
      "code": "calculation",
      "display": "Calculation",
      "definition": "DeviceObservations generated for this DeviceMetric are calculated."
    },
    {
      "code": "unspecified",
      "display": "Unspecified",
      "definition": "The category of this DeviceMetric is unspecified."
    }
  ]
}