{
  "resourceType": "CodeSystem",
  "id": "message-significance-category",
  "meta": {
    "lastUpdated": "2016-11-16T21:13:00.180-05:00"
  },
  "text": {
    "status": "generated",
    "div": "<div xmlns=\"http://www.w3.org/1999/xhtml\"><h2>MessageSignificanceCategory</h2><div><p>The impact of the content of a message.</p>\n</div><p>This code system http://hl7.org/fhir/message-significance-category defines the following codes:</p><table class=\"codes\"><tr><td><b>Code</b></td><td><b>Display</b></td><td><b>Definition</b></td></tr><tr><td>Consequence<a name=\"message-significance-category-Consequence\"> </a></td><td>Consequence</td><td>The message represents/requests a change that should not be processed more than once; e.g. Making a booking for an appointment.</td></tr><tr><td>Currency<a name=\"message-significance-category-Currency\"> </a></td><td>Currency</td><td>The message represents a response to query for current information. Retrospective processing is wrong and/or wasteful.</td></tr><tr><td>Notification<a name=\"message-significance-category-Notification\"> </a></td><td>Notification</td><td>The content is not necessarily intended to be current, and it can be reprocessed, though there may be version issues created by processing old notifications.</td></tr></table></div>"
  },
  "url": "http://hl7.org/fhir/message-significance-category",
  "identifier": {
    "system": "urn:ietf:rfc:3986",
    "value": "urn:oid:2.16.840.1.113883.4.642.1.88"
  },
  "version": "1.7.0",
  "name": "MessageSignificanceCategory",
  "status": "draft",
  "experimental": false,
  "publisher": "HL7 (FHIR Project)",
  "contact": [
    {
      "telecom": [
        {
          "system": "other",
          "value": "http://hl7.org/fhir"
        },
        {
          "system": "email",
          "value": "fhir@lists.hl7.org"
        }
      ]
    }
  ],
  "date": "2016-11-16T21:13:00-05:00",
  "description": "The impact of the content of a message.",
  "caseSensitive": true,
  "valueSet": "http://hl7.org/fhir/ValueSet/message-significance-category",
  "content": "complete",
  "concept": [
    {
      "code": "Consequence",
      "display": "Consequence",
      "definition": "The message represents/requests a change that should not be processed more than once; e.g. Making a booking for an appointment."
    },
    {
      "code": "Currency",
      "display": "Currency",
      "definition": "The message represents a response to query for current information. Retrospective processing is wrong and/or wasteful."
    },
    {
      "code": "Notification",
      "display": "Notification",
      "definition": "The content is not necessarily intended to be current, and it can be reprocessed, though there may be version issues created by processing old notifications."
    }
  ]
}