{
  "resourceType": "CodeSystem",
  "id": "goal-relationship-type",
  "meta": {
    "lastUpdated": "2016-11-16T21:13:00.180-05:00"
  },
  "text": {
    "status": "generated",
    "div": "<div xmlns=\"http://www.w3.org/1999/xhtml\"><h2>GoalRelationshipType</h2><div><p>Types of relationships between two goals</p>\n</div><p>This code system http://hl7.org/fhir/goal-relationship-type defines the following codes:</p><table class=\"codes\"><tr><td><b>Code</b></td><td><b>Display</b></td><td><b>Definition</b></td></tr><tr><td>predecessor<a name=\"goal-relationship-type-predecessor\"> </a></td><td>Predecessor</td><td>Indicates that the target goal is one which must be met before striving for the current goal</td></tr><tr><td>successor<a name=\"goal-relationship-type-successor\"> </a></td><td>Successor</td><td>Indicates that the target goal is a desired objective once the current goal is met</td></tr><tr><td>replacement<a name=\"goal-relationship-type-replacement\"> </a></td><td>Replacement</td><td>Indicates that this goal has been replaced by the target goal</td></tr><tr><td>component<a name=\"goal-relationship-type-component\"> </a></td><td>Component</td><td>Indicates that the target goal is considered to be a &quot;piece&quot; of attaining this goal.</td></tr><tr><td>other<a name=\"goal-relationship-type-other\"> </a></td><td>Other</td><td>Indicates that the relationship is not covered by one of the pre-defined codes.  (An extension may convey more information about the meaning of the relationship.)</td></tr></table></div>"
  },
  "url": "http://hl7.org/fhir/goal-relationship-type",
  "identifier": {
    "system": "urn:ietf:rfc:3986",
    "value": "urn:oid:2.16.840.1.113883.4.642.1.390"
  },
  "version": "1.7.0",
  "name": "GoalRelationshipType",
  "status": "draft",
  "experimental": false,
  "publisher": "HL7 (FHIR Project)",
  "contact": [
    {
      "telecom": [
        {
          "system": "other",
          "value": "http://hl7.org/fhir"
        },
        {
          "system": "email",
          "value": "fhir@lists.hl7.org"
        }
      ]
    }
  ],
  "date": "2016-11-16T21:13:00-05:00",
  "description": "Types of relationships between two goals",
  "caseSensitive": true,
  "valueSet": "http://hl7.org/fhir/ValueSet/goal-relationship-type",
  "content": "complete",
  "concept": [
    {
      "code": "predecessor",
      "display": "Predecessor",
      "definition": "Indicates that the target goal is one which must be met before striving for the current goal"
    },
    {
      "code": "successor",
      "display": "Successor",
      "definition": "Indicates that the target goal is a desired objective once the current goal is met"
    },
    {
      "code": "replacement",
      "display": "Replacement",
      "definition": "Indicates that this goal has been replaced by the target goal"
    },
    {
      "code": "component",
      "display": "Component",
      "definition": "Indicates that the target goal is considered to be a \"piece\" of attaining this goal."
    },
    {
      "code": "other",
      "display": "Other",
      "definition": "Indicates that the relationship is not covered by one of the pre-defined codes.  (An extension may convey more information about the meaning of the relationship.)"
    }
  ]
}