{
  "resourceType": "CodeSystem",
  "id": "procedure-request-priority",
  "meta": {
    "lastUpdated": "2016-12-19T23:17:56.167-05:00"
  },
  "text": {
    "status": "generated",
    "div": "<div xmlns=\"http://www.w3.org/1999/xhtml\"><h2>ProcedureRequestPriority</h2><div><p>The priority of the request.</p>\n</div><p>This code system http://hl7.org/fhir/procedure-request-priority defines the following codes:</p><table class=\"codes\"><tr><td><b>Code</b></td><td><b>Display</b></td><td><b>Definition</b></td></tr><tr><td>routine<a name=\"procedure-request-priority-routine\"> </a></td><td>Routine</td><td>The request has a normal priority.</td></tr><tr><td>urgent<a name=\"procedure-request-priority-urgent\"> </a></td><td>Urgent</td><td>The request should be done urgently.</td></tr><tr><td>stat<a name=\"procedure-request-priority-stat\"> </a></td><td>Stat</td><td>The request is time-critical.</td></tr><tr><td>asap<a name=\"procedure-request-priority-asap\"> </a></td><td>ASAP</td><td>The request should be acted on as soon as possible.</td></tr></table></div>"
  },
  "url": "http://hl7.org/fhir/procedure-request-priority",
  "identifier": {
    "system": "urn:ietf:rfc:3986",
    "value": "urn:oid:2.16.840.1.113883.4.642.1.243"
  },
  "version": "1.8.0",
  "name": "ProcedureRequestPriority",
  "status": "draft",
  "experimental": false,
  "publisher": "HL7 (FHIR Project)",
  "contact": [
    {
      "telecom": [
        {
          "system": "url",
          "value": "http://hl7.org/fhir"
        },
        {
          "system": "email",
          "value": "fhir@lists.hl7.org"
        }
      ]
    }
  ],
  "date": "2016-12-19T23:17:56-05:00",
  "description": "The priority of the request.",
  "caseSensitive": true,
  "valueSet": "http://hl7.org/fhir/ValueSet/procedure-request-priority",
  "content": "complete",
  "concept": [
    {
      "code": "routine",
      "display": "Routine",
      "definition": "The request has a normal priority."
    },
    {
      "code": "urgent",
      "display": "Urgent",
      "definition": "The request should be done urgently."
    },
    {
      "code": "stat",
      "display": "Stat",
      "definition": "The request is time-critical."
    },
    {
      "code": "asap",
      "display": "ASAP",
      "definition": "The request should be acted on as soon as possible."
    }
  ]
}