{
  "resourceType": "CodeSystem",
  "id": "research-study-status",
  "meta": {
    "lastUpdated": "2016-11-28T17:29:55.664-05:00"
  },
  "text": {
    "status": "generated",
    "div": "<div xmlns=\"http://www.w3.org/1999/xhtml\"><h2>ResearchStudyStatus</h2><div><p>Codes that convey the current status of the research study</p>\n</div><p>This code system http://hl7.org/fhir/research-study-status defines the following codes:</p><table class=\"codes\"><tr><td><b>Code</b></td><td><b>Display</b></td><td><b>Definition</b></td></tr><tr><td>draft<a name=\"research-study-status-draft\"> </a></td><td>draft</td><td>The study is undergoing design but the process of selecting study subjects and capturing data has not yet begun.</td></tr><tr><td>in-progress<a name=\"research-study-status-in-progress\"> </a></td><td>in-progress</td><td>The study is currently being executed</td></tr><tr><td>suspended<a name=\"research-study-status-suspended\"> </a></td><td>suspended</td><td>Execution of the study has been temporarily paused</td></tr><tr><td>stopped<a name=\"research-study-status-stopped\"> </a></td><td>stopped</td><td>The study was terminated prior to the final determination of results</td></tr><tr><td>completed<a name=\"research-study-status-completed\"> </a></td><td>completed</td><td>The information sought by the study has been gathered and compiled and no further work is being performed</td></tr><tr><td>entered-in-error<a name=\"research-study-status-entered-in-error\"> </a></td><td>entered in error</td><td>This study never actually existed.  The record is retained for tracking purposes in the event decisions may have been made based on this erroneous information.</td></tr></table></div>"
  },
  "url": "http://hl7.org/fhir/research-study-status",
  "identifier": {
    "system": "urn:ietf:rfc:3986",
    "value": "urn:oid:2.16.840.1.113883.4.642.1.0"
  },
  "version": "1.7.0",
  "name": "ResearchStudyStatus",
  "status": "draft",
  "experimental": false,
  "publisher": "HL7 (FHIR Project)",
  "contact": [
    {
      "telecom": [
        {
          "system": "other",
          "value": "http://hl7.org/fhir"
        },
        {
          "system": "email",
          "value": "fhir@lists.hl7.org"
        }
      ]
    }
  ],
  "date": "2016-11-28T17:29:55-05:00",
  "description": "Codes that convey the current status of the research study",
  "caseSensitive": true,
  "valueSet": "http://hl7.org/fhir/ValueSet/research-study-status",
  "content": "complete",
  "concept": [
    {
      "code": "draft",
      "display": "draft",
      "definition": "The study is undergoing design but the process of selecting study subjects and capturing data has not yet begun."
    },
    {
      "code": "in-progress",
      "display": "in-progress",
      "definition": "The study is currently being executed"
    },
    {
      "code": "suspended",
      "display": "suspended",
      "definition": "Execution of the study has been temporarily paused"
    },
    {
      "code": "stopped",
      "display": "stopped",
      "definition": "The study was terminated prior to the final determination of results"
    },
    {
      "code": "completed",
      "display": "completed",
      "definition": "The information sought by the study has been gathered and compiled and no further work is being performed"
    },
    {
      "code": "entered-in-error",
      "display": "entered in error",
      "definition": "This study never actually existed.  The record is retained for tracking purposes in the event decisions may have been made based on this erroneous information."
    }
  ]
}