{
  "resourceType": "CodeSystem",
  "id": "capability-statement-kind",
  "meta": {
    "lastUpdated": "2016-11-28T17:29:55.664-05:00"
  },
  "text": {
    "status": "extensions",
    "div": "<div xmlns=\"http://www.w3.org/1999/xhtml\"><h2>CapabilityStatementKind</h2><div><p>How a capability statement is intended to be used.</p>\n</div><p>This code system http://hl7.org/fhir/capability-statement-kind defines the following codes:</p><table class=\"codes\"><tr><td><b>Code</b></td><td><b>Display</b></td><td><b>Definition</b></td><td><b>Comments</b></td></tr><tr><td>instance<a name=\"capability-statement-kind-instance\"> </a></td><td>Instance</td><td>The CapabilityStatement instance represents the present capabilities of a specific system instance.  This is the kind returned by OPTIONS for a FHIR server end-point.</td><td/></tr><tr><td>capability<a name=\"capability-statement-kind-capability\"> </a></td><td>Capability</td><td>The CapabilityStatement instance represents the capabilities of a system or piece of software, independent of a particular installation.</td><td>Elements marked as 'optional' represent configurable capabilities</td></tr><tr><td>requirements<a name=\"capability-statement-kind-requirements\"> </a></td><td>Requirements</td><td>The CapabilityStatement instance represents a set of requirements for other systems to meet; e.g. as part of an implementation guide or 'request for proposal'.</td><td/></tr></table></div>"
  },
  "url": "http://hl7.org/fhir/capability-statement-kind",
  "identifier": {
    "system": "urn:ietf:rfc:3986",
    "value": "urn:oid:2.16.840.1.113883.4.642.1.0"
  },
  "version": "1.7.0",
  "name": "CapabilityStatementKind",
  "status": "draft",
  "experimental": false,
  "publisher": "HL7 (FHIR Project)",
  "contact": [
    {
      "telecom": [
        {
          "system": "other",
          "value": "http://hl7.org/fhir"
        },
        {
          "system": "email",
          "value": "fhir@lists.hl7.org"
        }
      ]
    }
  ],
  "date": "2016-11-28T17:29:55-05:00",
  "description": "How a capability statement is intended to be used.",
  "caseSensitive": true,
  "valueSet": "http://hl7.org/fhir/ValueSet/capability-statement-kind",
  "content": "complete",
  "concept": [
    {
      "code": "instance",
      "display": "Instance",
      "definition": "The CapabilityStatement instance represents the present capabilities of a specific system instance.  This is the kind returned by OPTIONS for a FHIR server end-point."
    },
    {
      "extension": [
        {
          "url": "http://hl7.org/fhir/StructureDefinition/valueset-comments",
          "valueString": "Elements marked as 'optional' represent configurable capabilities"
        }
      ],
      "code": "capability",
      "display": "Capability",
      "definition": "The CapabilityStatement instance represents the capabilities of a system or piece of software, independent of a particular installation."
    },
    {
      "code": "requirements",
      "display": "Requirements",
      "definition": "The CapabilityStatement instance represents a set of requirements for other systems to meet; e.g. as part of an implementation guide or 'request for proposal'."
    }
  ]
}