{
  "resourceType": "CodeSystem",
  "id": "library-type",
  "meta": {
    "lastUpdated": "2016-12-07T14:18:58.982-05:00"
  },
  "text": {
    "status": "generated",
    "div": "<div xmlns=\"http://www.w3.org/1999/xhtml\"><h2>LibraryType</h2><div><p>The type of knowledge asset this library contains</p>\n</div><p>This code system http://hl7.org/fhir/library-type defines the following codes:</p><table class=\"codes\"><tr><td><b>Code</b></td><td><b>Display</b></td><td><b>Definition</b></td></tr><tr><td>logic-library<a name=\"library-type-logic-library\"> </a></td><td>Logic Library</td><td>The resource is a shareable library of formalized knowledge</td></tr><tr><td>model-definition<a name=\"library-type-model-definition\"> </a></td><td>Model Definition</td><td>The resource is a definition of an information model</td></tr><tr><td>asset-collection<a name=\"library-type-asset-collection\"> </a></td><td>Asset Collection</td><td>The resource is a collection of knowledge assets</td></tr><tr><td>module-definition<a name=\"library-type-module-definition\"> </a></td><td>Module Definition</td><td>The resource defines the dependencies, parameters, and data requirements for a particular module or evaluation context</td></tr></table></div>"
  },
  "url": "http://hl7.org/fhir/library-type",
  "identifier": {
    "system": "urn:ietf:rfc:3986",
    "value": "urn:oid:2.16.840.1.113883.4.642.1.978"
  },
  "version": "1.8.0",
  "name": "LibraryType",
  "status": "draft",
  "experimental": false,
  "publisher": "HL7 (FHIR Project)",
  "contact": [
    {
      "telecom": [
        {
          "system": "url",
          "value": "http://hl7.org/fhir"
        },
        {
          "system": "email",
          "value": "fhir@lists.hl7.org"
        }
      ]
    }
  ],
  "date": "2016-12-07T14:18:58-05:00",
  "description": "The type of knowledge asset this library contains",
  "caseSensitive": true,
  "valueSet": "http://hl7.org/fhir/ValueSet/library-type",
  "content": "complete",
  "concept": [
    {
      "code": "logic-library",
      "display": "Logic Library",
      "definition": "The resource is a shareable library of formalized knowledge"
    },
    {
      "code": "model-definition",
      "display": "Model Definition",
      "definition": "The resource is a definition of an information model"
    },
    {
      "code": "asset-collection",
      "display": "Asset Collection",
      "definition": "The resource is a collection of knowledge assets"
    },
    {
      "code": "module-definition",
      "display": "Module Definition",
      "definition": "The resource defines the dependencies, parameters, and data requirements for a particular module or evaluation context"
    }
  ]
}