{
  "resourceType": "CodeSystem",
  "id": "encounter-status",
  "meta": {
    "lastUpdated": "2016-11-16T23:52:25.144-05:00"
  },
  "text": {
    "status": "generated",
    "div": "<div xmlns=\"http://www.w3.org/1999/xhtml\"><h2>EncounterStatus</h2><div><p>Current state of the encounter</p>\n</div><p>This code system http://hl7.org/fhir/encounter-status defines the following codes:</p><table class=\"codes\"><tr><td><b>Code</b></td><td><b>Display</b></td><td><b>Definition</b></td></tr><tr><td>planned<a name=\"encounter-status-planned\"> </a></td><td>Planned</td><td>The Encounter has not yet started.</td></tr><tr><td>arrived<a name=\"encounter-status-arrived\"> </a></td><td>Arrived</td><td>The Patient is present for the encounter, however is not currently meeting with a practitioner.</td></tr><tr><td>in-progress<a name=\"encounter-status-in-progress\"> </a></td><td>In Progress</td><td>The Encounter has begun and the patient is present / the practitioner and the patient are meeting.</td></tr><tr><td>onleave<a name=\"encounter-status-onleave\"> </a></td><td>On Leave</td><td>The Encounter has begun, but the patient is temporarily on leave.</td></tr><tr><td>finished<a name=\"encounter-status-finished\"> </a></td><td>Finished</td><td>The Encounter has ended.</td></tr><tr><td>cancelled<a name=\"encounter-status-cancelled\"> </a></td><td>Cancelled</td><td>The Encounter has ended before it has begun.</td></tr><tr><td>entered-in-error<a name=\"encounter-status-entered-in-error\"> </a></td><td>Entered in Error</td><td>This instance should not have been part of this patient's medical record.</td></tr></table></div>"
  },
  "url": "http://hl7.org/fhir/encounter-status",
  "identifier": {
    "system": "urn:ietf:rfc:3986",
    "value": "urn:oid:2.16.840.1.113883.4.642.1.948"
  },
  "version": "1.7.0",
  "name": "EncounterStatus",
  "status": "draft",
  "experimental": false,
  "publisher": "HL7 (FHIR Project)",
  "contact": [
    {
      "telecom": [
        {
          "system": "other",
          "value": "http://hl7.org/fhir"
        },
        {
          "system": "email",
          "value": "fhir@lists.hl7.org"
        }
      ]
    }
  ],
  "date": "2016-11-16T23:52:25-05:00",
  "description": "Current state of the encounter",
  "caseSensitive": true,
  "valueSet": "http://hl7.org/fhir/ValueSet/encounter-status",
  "content": "complete",
  "concept": [
    {
      "code": "planned",
      "display": "Planned",
      "definition": "The Encounter has not yet started."
    },
    {
      "code": "arrived",
      "display": "Arrived",
      "definition": "The Patient is present for the encounter, however is not currently meeting with a practitioner."
    },
    {
      "code": "in-progress",
      "display": "In Progress",
      "definition": "The Encounter has begun and the patient is present / the practitioner and the patient are meeting."
    },
    {
      "code": "onleave",
      "display": "On Leave",
      "definition": "The Encounter has begun, but the patient is temporarily on leave."
    },
    {
      "code": "finished",
      "display": "Finished",
      "definition": "The Encounter has ended."
    },
    {
      "code": "cancelled",
      "display": "Cancelled",
      "definition": "The Encounter has ended before it has begun."
    },
    {
      "code": "entered-in-error",
      "display": "Entered in Error",
      "definition": "This instance should not have been part of this patient's medical record."
    }
  ]
}