{
  "resourceType": "CodeSystem",
  "id": "search-entry-mode",
  "meta": {
    "lastUpdated": "2016-12-07T14:18:58.982-05:00"
  },
  "text": {
    "status": "generated",
    "div": "<div xmlns=\"http://www.w3.org/1999/xhtml\"><h2>SearchEntryMode</h2><div><p>Why an entry is in the result set - whether it's included as a match or because of an _include requirement.</p>\n</div><p>This code system http://hl7.org/fhir/search-entry-mode defines the following codes:</p><table class=\"codes\"><tr><td><b>Code</b></td><td><b>Display</b></td><td><b>Definition</b></td></tr><tr><td>match<a name=\"search-entry-mode-match\"> </a></td><td>Match</td><td>This resource matched the search specification.</td></tr><tr><td>include<a name=\"search-entry-mode-include\"> </a></td><td>Include</td><td>This resource is returned because it is referred to from another resource in the search set.</td></tr><tr><td>outcome<a name=\"search-entry-mode-outcome\"> </a></td><td>Outcome</td><td>An OperationOutcome that provides additional information about the processing of a search.</td></tr></table></div>"
  },
  "url": "http://hl7.org/fhir/search-entry-mode",
  "identifier": {
    "system": "urn:ietf:rfc:3986",
    "value": "urn:oid:2.16.840.1.113883.4.642.1.328"
  },
  "version": "1.8.0",
  "name": "SearchEntryMode",
  "status": "draft",
  "experimental": false,
  "publisher": "HL7 (FHIR Project)",
  "contact": [
    {
      "telecom": [
        {
          "system": "url",
          "value": "http://hl7.org/fhir"
        },
        {
          "system": "email",
          "value": "fhir@lists.hl7.org"
        }
      ]
    }
  ],
  "date": "2016-12-07T14:18:58-05:00",
  "description": "Why an entry is in the result set - whether it's included as a match or because of an _include requirement.",
  "caseSensitive": true,
  "valueSet": "http://hl7.org/fhir/ValueSet/search-entry-mode",
  "content": "complete",
  "concept": [
    {
      "code": "match",
      "display": "Match",
      "definition": "This resource matched the search specification."
    },
    {
      "code": "include",
      "display": "Include",
      "definition": "This resource is returned because it is referred to from another resource in the search set."
    },
    {
      "code": "outcome",
      "display": "Outcome",
      "definition": "An OperationOutcome that provides additional information about the processing of a search."
    }
  ]
}