{
  "resourceType": "CodeSystem",
  "id": "assert-direction-codes",
  "meta": {
    "lastUpdated": "2016-11-16T22:02:32.937-05:00"
  },
  "text": {
    "status": "generated",
    "div": "<div xmlns=\"http://www.w3.org/1999/xhtml\"><h2>AssertionDirectionType</h2><div><p>The type of direction to use for assertion.</p>\n</div><p>This code system http://hl7.org/fhir/assert-direction-codes defines the following codes:</p><table class=\"codes\"><tr><td><b>Code</b></td><td><b>Display</b></td><td><b>Definition</b></td></tr><tr><td>response<a name=\"assert-direction-codes-response\"> </a></td><td>response</td><td>The assertion is evaluated on the response. This is the default value.</td></tr><tr><td>request<a name=\"assert-direction-codes-request\"> </a></td><td>request</td><td>The assertion is evaluated on the request.</td></tr></table></div>"
  },
  "url": "http://hl7.org/fhir/assert-direction-codes",
  "identifier": {
    "system": "urn:ietf:rfc:3986",
    "value": "urn:oid:2.16.840.1.113883.4.642.1.359"
  },
  "version": "1.7.0",
  "name": "AssertionDirectionType",
  "status": "draft",
  "experimental": false,
  "publisher": "HL7 (FHIR Project)",
  "contact": [
    {
      "telecom": [
        {
          "system": "other",
          "value": "http://hl7.org/fhir"
        },
        {
          "system": "email",
          "value": "fhir@lists.hl7.org"
        }
      ]
    }
  ],
  "date": "2016-11-16T22:02:32-05:00",
  "description": "The type of direction to use for assertion.",
  "caseSensitive": true,
  "valueSet": "http://hl7.org/fhir/ValueSet/assert-direction-codes",
  "content": "complete",
  "concept": [
    {
      "code": "response",
      "display": "response",
      "definition": "The assertion is evaluated on the response. This is the default value."
    },
    {
      "code": "request",
      "display": "request",
      "definition": "The assertion is evaluated on the request."
    }
  ]
}