{
  "resourceType": "CodeSystem",
  "id": "quality-type",
  "meta": {
    "lastUpdated": "2016-12-19T23:17:56.167-05:00"
  },
  "text": {
    "status": "generated",
    "div": "<div xmlns=\"http://www.w3.org/1999/xhtml\"><h2>qualityType</h2><div><p>Type for quality report</p>\n</div><p>This code system http://hl7.org/fhir/quality-type defines the following codes:</p><table class=\"codes\"><tr><td><b>Code</b></td><td><b>Display</b></td><td><b>Definition</b></td></tr><tr><td>indel<a name=\"quality-type-indel\"> </a></td><td>INDEL Comparison</td><td>INDEL Comparison</td></tr><tr><td>snp<a name=\"quality-type-snp\"> </a></td><td>SNP Comparison</td><td>SNP Comparison</td></tr><tr><td>unknown<a name=\"quality-type-unknown\"> </a></td><td>UNKNOWN Comparison</td><td>UNKNOWN Comparison</td></tr></table></div>"
  },
  "url": "http://hl7.org/fhir/quality-type",
  "identifier": {
    "system": "urn:ietf:rfc:3986",
    "value": "urn:oid:2.16.840.1.113883.4.642.1.0"
  },
  "version": "1.8.0",
  "name": "qualityType",
  "status": "draft",
  "experimental": false,
  "publisher": "HL7 (FHIR Project)",
  "contact": [
    {
      "telecom": [
        {
          "system": "url",
          "value": "http://hl7.org/fhir"
        },
        {
          "system": "email",
          "value": "fhir@lists.hl7.org"
        }
      ]
    }
  ],
  "date": "2016-12-19T23:17:56-05:00",
  "description": "Type for quality report",
  "caseSensitive": true,
  "valueSet": "http://hl7.org/fhir/ValueSet/quality-type",
  "content": "complete",
  "concept": [
    {
      "code": "indel",
      "display": "INDEL Comparison",
      "definition": "INDEL Comparison"
    },
    {
      "code": "snp",
      "display": "SNP Comparison",
      "definition": "SNP Comparison"
    },
    {
      "code": "unknown",
      "display": "UNKNOWN Comparison",
      "definition": "UNKNOWN Comparison"
    }
  ]
}