{
  "resourceType": "CodeSystem",
  "id": "list-status",
  "meta": {
    "lastUpdated": "2016-11-28T17:29:55.664-05:00"
  },
  "text": {
    "status": "generated",
    "div": "<div xmlns=\"http://www.w3.org/1999/xhtml\"><h2>ListStatus</h2><div><p>The current state of the list</p>\n</div><p>This code system http://hl7.org/fhir/list-status defines the following codes:</p><table class=\"codes\"><tr><td><b>Code</b></td><td><b>Display</b></td><td><b>Definition</b></td></tr><tr><td>current<a name=\"list-status-current\"> </a></td><td>Current</td><td>The list is considered to be an active part of the patient's record.</td></tr><tr><td>retired<a name=\"list-status-retired\"> </a></td><td>Retired</td><td>The list is &quot;old&quot; and should no longer be considered accurate or relevant.</td></tr><tr><td>entered-in-error<a name=\"list-status-entered-in-error\"> </a></td><td>Entered In Error</td><td>The list was never accurate.  It is retained for medico-legal purposes only.</td></tr></table></div>"
  },
  "url": "http://hl7.org/fhir/list-status",
  "identifier": {
    "system": "urn:ietf:rfc:3986",
    "value": "urn:oid:2.16.840.1.113883.4.642.1.178"
  },
  "version": "1.7.0",
  "name": "ListStatus",
  "status": "draft",
  "experimental": false,
  "publisher": "HL7 (FHIR Project)",
  "contact": [
    {
      "telecom": [
        {
          "system": "other",
          "value": "http://hl7.org/fhir"
        },
        {
          "system": "email",
          "value": "fhir@lists.hl7.org"
        }
      ]
    }
  ],
  "date": "2016-11-28T17:29:55-05:00",
  "description": "The current state of the list",
  "caseSensitive": true,
  "valueSet": "http://hl7.org/fhir/ValueSet/list-status",
  "content": "complete",
  "concept": [
    {
      "code": "current",
      "display": "Current",
      "definition": "The list is considered to be an active part of the patient's record."
    },
    {
      "code": "retired",
      "display": "Retired",
      "definition": "The list is \"old\" and should no longer be considered accurate or relevant."
    },
    {
      "code": "entered-in-error",
      "display": "Entered In Error",
      "definition": "The list was never accurate.  It is retained for medico-legal purposes only."
    }
  ]
}