{
  "resourceType": "CodeSystem",
  "id": "care-plan-relationship",
  "meta": {
    "lastUpdated": "2016-12-07T14:18:58.982-05:00"
  },
  "text": {
    "status": "generated",
    "div": "<div xmlns=\"http://www.w3.org/1999/xhtml\"><h2>CarePlanRelationship</h2><div><p>Codes identifying the types of relationships between two plans.</p>\n</div><p>This code system http://hl7.org/fhir/care-plan-relationship defines the following codes:</p><table class=\"codes\"><tr><td><b>Code</b></td><td><b>Display</b></td><td><b>Definition</b></td></tr><tr><td>includes<a name=\"care-plan-relationship-includes\"> </a></td><td>Includes</td><td>The referenced plan is considered to be part of this plan.</td></tr><tr><td>replaces<a name=\"care-plan-relationship-replaces\"> </a></td><td>Replaces</td><td>This plan takes the places of the referenced plan.</td></tr><tr><td>fulfills<a name=\"care-plan-relationship-fulfills\"> </a></td><td>Fulfills</td><td>This plan provides details about how to perform activities defined at a higher level by the referenced plan.</td></tr></table></div>"
  },
  "url": "http://hl7.org/fhir/care-plan-relationship",
  "identifier": {
    "system": "urn:ietf:rfc:3986",
    "value": "urn:oid:2.16.840.1.113883.4.642.1.406"
  },
  "version": "1.8.0",
  "name": "CarePlanRelationship",
  "status": "draft",
  "experimental": false,
  "publisher": "HL7 (FHIR Project)",
  "contact": [
    {
      "telecom": [
        {
          "system": "url",
          "value": "http://hl7.org/fhir"
        },
        {
          "system": "email",
          "value": "fhir@lists.hl7.org"
        }
      ]
    }
  ],
  "date": "2016-12-07T14:18:58-05:00",
  "description": "Codes identifying the types of relationships between two plans.",
  "caseSensitive": true,
  "valueSet": "http://hl7.org/fhir/ValueSet/care-plan-relationship",
  "content": "complete",
  "concept": [
    {
      "code": "includes",
      "display": "Includes",
      "definition": "The referenced plan is considered to be part of this plan."
    },
    {
      "code": "replaces",
      "display": "Replaces",
      "definition": "This plan takes the places of the referenced plan."
    },
    {
      "code": "fulfills",
      "display": "Fulfills",
      "definition": "This plan provides details about how to perform activities defined at a higher level by the referenced plan."
    }
  ]
}