{
  "resourceType": "CodeSystem",
  "id": "participationstatus",
  "meta": {
    "lastUpdated": "2016-11-16T23:52:25.144-05:00"
  },
  "text": {
    "status": "generated",
    "div": "<div xmlns=\"http://www.w3.org/1999/xhtml\"><h2>ParticipationStatus</h2><div><p>The Participation status of an appointment.</p>\n</div><p>This code system http://hl7.org/fhir/participationstatus defines the following codes:</p><table class=\"codes\"><tr><td><b>Code</b></td><td><b>Display</b></td><td><b>Definition</b></td></tr><tr><td>accepted<a name=\"participationstatus-accepted\"> </a></td><td>Accepted</td><td>The participant has accepted the appointment.</td></tr><tr><td>declined<a name=\"participationstatus-declined\"> </a></td><td>Declined</td><td>The participant has declined the appointment and will not participate in the appointment.</td></tr><tr><td>tentative<a name=\"participationstatus-tentative\"> </a></td><td>Tentative</td><td>The participant has  tentatively accepted the appointment. This could be automatically created by a system and requires further processing before it can be accepted. There is no commitment that attendance will occur.</td></tr><tr><td>needs-action<a name=\"participationstatus-needs-action\"> </a></td><td>Needs Action</td><td>The participant needs to indicate if they accept the appointment by changing this status to one of the other statuses.</td></tr></table></div>"
  },
  "url": "http://hl7.org/fhir/participationstatus",
  "identifier": {
    "system": "urn:ietf:rfc:3986",
    "value": "urn:oid:2.16.840.1.113883.4.642.1.285"
  },
  "version": "1.7.0",
  "name": "ParticipationStatus",
  "status": "draft",
  "experimental": false,
  "publisher": "HL7 (FHIR Project)",
  "contact": [
    {
      "telecom": [
        {
          "system": "other",
          "value": "http://hl7.org/fhir"
        },
        {
          "system": "email",
          "value": "fhir@lists.hl7.org"
        }
      ]
    }
  ],
  "date": "2016-11-16T23:52:25-05:00",
  "description": "The Participation status of an appointment.",
  "caseSensitive": true,
  "valueSet": "http://hl7.org/fhir/ValueSet/participationstatus",
  "content": "complete",
  "concept": [
    {
      "code": "accepted",
      "display": "Accepted",
      "definition": "The participant has accepted the appointment."
    },
    {
      "code": "declined",
      "display": "Declined",
      "definition": "The participant has declined the appointment and will not participate in the appointment."
    },
    {
      "code": "tentative",
      "display": "Tentative",
      "definition": "The participant has  tentatively accepted the appointment. This could be automatically created by a system and requires further processing before it can be accepted. There is no commitment that attendance will occur."
    },
    {
      "code": "needs-action",
      "display": "Needs Action",
      "definition": "The participant needs to indicate if they accept the appointment by changing this status to one of the other statuses."
    }
  ]
}