{
  "resourceType": "CodeSystem",
  "id": "payment-type",
  "meta": {
    "lastUpdated": "2016-12-07T14:18:58.982-05:00",
    "profile": [
      "http://hl7.org/fhir/StructureDefinition/codesystem-shareable-definition"
    ]
  },
  "text": {
    "status": "generated",
    "div": "<div xmlns=\"http://www.w3.org/1999/xhtml\"><h2>Payment Type Codes</h2><div><p>This value set includes sample Payment Type codes.</p>\n</div><p><b>Copyright Statement:</b> This is an example set.</p><p>This code system http://hl7.org/fhir/payment-type defines the following codes:</p><table class=\"codes\"><tr><td><b>Code</b></td><td><b>Display</b></td><td><b>Definition</b></td></tr><tr><td>payment<a name=\"payment-type-payment\"> </a></td><td>Payment</td><td>The amount is partial or complete settlement of the amounts due.</td></tr><tr><td>adjustment<a name=\"payment-type-adjustment\"> </a></td><td>Adjustment</td><td>The amount is an adjustment regarding claims already paid.</td></tr><tr><td>advance<a name=\"payment-type-advance\"> </a></td><td>Advance</td><td>The amount is an advance against future claims.</td></tr></table></div>"
  },
  "url": "http://hl7.org/fhir/payment-type",
  "identifier": {
    "system": "urn:ietf:rfc:3986",
    "value": "urn:oid:2.16.840.1.113883.4.642.1.333"
  },
  "version": "1.8.0",
  "name": "Payment Type Codes",
  "status": "draft",
  "experimental": true,
  "publisher": "Financial Management",
  "contact": [
    {
      "telecom": [
        {
          "system": "url",
          "value": "http://hl7.org/fhir"
        }
      ]
    }
  ],
  "description": "This value set includes sample Payment Type codes.",
  "copyright": "This is an example set.",
  "caseSensitive": true,
  "valueSet": "http://hl7.org/fhir/ValueSet/payment-type",
  "content": "complete",
  "concept": [
    {
      "code": "payment",
      "display": "Payment",
      "definition": "The amount is partial or complete settlement of the amounts due."
    },
    {
      "code": "adjustment",
      "display": "Adjustment",
      "definition": "The amount is an adjustment regarding claims already paid."
    },
    {
      "code": "advance",
      "display": "Advance",
      "definition": "The amount is an advance against future claims."
    }
  ]
}