{
  "resourceType": "CodeSystem",
  "id": "action-selection-behavior",
  "meta": {
    "lastUpdated": "2016-11-16T22:02:32.937-05:00"
  },
  "text": {
    "status": "generated",
    "div": "<div xmlns=\"http://www.w3.org/1999/xhtml\"><h2>PlanActionSelectionBehavior</h2><div><p>Defines selection behavior of a group</p>\n</div><p>This code system http://hl7.org/fhir/action-selection-behavior defines the following codes:</p><table class=\"codes\"><tr><td><b>Code</b></td><td><b>Display</b></td><td><b>Definition</b></td></tr><tr><td>any<a name=\"action-selection-behavior-any\"> </a></td><td>Any</td><td>Any number of the actions in the group may be chosen, from zero to all</td></tr><tr><td>all<a name=\"action-selection-behavior-all\"> </a></td><td>All</td><td>All the actions in the group must be selected as a single unit</td></tr><tr><td>all-or-none<a name=\"action-selection-behavior-all-or-none\"> </a></td><td>All Or None</td><td>All the actions in the group are meant to be chosen as a single unit: either all must be selected by the end user, or none may be selected</td></tr><tr><td>exactly-one<a name=\"action-selection-behavior-exactly-one\"> </a></td><td>Exactly One</td><td>The end user must choose one and only one of the selectable actions in the group. The user may not choose none of the actions in the group</td></tr><tr><td>at-most-one<a name=\"action-selection-behavior-at-most-one\"> </a></td><td>At Most One</td><td>The end user may choose zero or at most one of the actions in the group</td></tr><tr><td>one-or-more<a name=\"action-selection-behavior-one-or-more\"> </a></td><td>One Or More</td><td>The end user must choose a minimum of one, and as many additional as desired</td></tr></table></div>"
  },
  "url": "http://hl7.org/fhir/action-selection-behavior",
  "identifier": {
    "system": "urn:ietf:rfc:3986",
    "value": "urn:oid:2.16.840.1.113883.4.642.1.989"
  },
  "version": "1.7.0",
  "name": "PlanActionSelectionBehavior",
  "status": "draft",
  "experimental": false,
  "publisher": "HL7 (FHIR Project)",
  "contact": [
    {
      "telecom": [
        {
          "system": "other",
          "value": "http://hl7.org/fhir"
        },
        {
          "system": "email",
          "value": "fhir@lists.hl7.org"
        }
      ]
    }
  ],
  "date": "2016-11-16T22:02:32-05:00",
  "description": "Defines selection behavior of a group",
  "caseSensitive": true,
  "valueSet": "http://hl7.org/fhir/ValueSet/action-selection-behavior",
  "content": "complete",
  "concept": [
    {
      "code": "any",
      "display": "Any",
      "definition": "Any number of the actions in the group may be chosen, from zero to all"
    },
    {
      "code": "all",
      "display": "All",
      "definition": "All the actions in the group must be selected as a single unit"
    },
    {
      "code": "all-or-none",
      "display": "All Or None",
      "definition": "All the actions in the group are meant to be chosen as a single unit: either all must be selected by the end user, or none may be selected"
    },
    {
      "code": "exactly-one",
      "display": "Exactly One",
      "definition": "The end user must choose one and only one of the selectable actions in the group. The user may not choose none of the actions in the group"
    },
    {
      "code": "at-most-one",
      "display": "At Most One",
      "definition": "The end user may choose zero or at most one of the actions in the group"
    },
    {
      "code": "one-or-more",
      "display": "One Or More",
      "definition": "The end user must choose a minimum of one, and as many additional as desired"
    }
  ]
}