{
  "resourceType": "CodeSystem",
  "id": "location-mode",
  "meta": {
    "lastUpdated": "2016-12-19T23:17:56.167-05:00"
  },
  "text": {
    "status": "generated",
    "div": "<div xmlns=\"http://www.w3.org/1999/xhtml\"><h2>LocationMode</h2><div><p>Indicates whether a resource instance represents a specific location or a class of locations.</p>\n</div><p>This code system http://hl7.org/fhir/location-mode defines the following codes:</p><table class=\"codes\"><tr><td><b>Code</b></td><td><b>Display</b></td><td><b>Definition</b></td></tr><tr><td>instance<a name=\"location-mode-instance\"> </a></td><td>Instance</td><td>The Location resource represents a specific instance of a location (e.g. Operating Theatre 1A).</td></tr><tr><td>kind<a name=\"location-mode-kind\"> </a></td><td>Kind</td><td>The Location represents a class of locations (e.g. Any Operating Theatre) although this class of locations could be constrained within a specific boundary (such as organization, or parent location, address etc.).</td></tr></table></div>"
  },
  "url": "http://hl7.org/fhir/location-mode",
  "identifier": {
    "system": "urn:ietf:rfc:3986",
    "value": "urn:oid:2.16.840.1.113883.4.642.1.181"
  },
  "version": "1.8.0",
  "name": "LocationMode",
  "status": "draft",
  "experimental": false,
  "publisher": "HL7 (FHIR Project)",
  "contact": [
    {
      "telecom": [
        {
          "system": "url",
          "value": "http://hl7.org/fhir"
        },
        {
          "system": "email",
          "value": "fhir@lists.hl7.org"
        }
      ]
    }
  ],
  "date": "2016-12-19T23:17:56-05:00",
  "description": "Indicates whether a resource instance represents a specific location or a class of locations.",
  "caseSensitive": true,
  "valueSet": "http://hl7.org/fhir/ValueSet/location-mode",
  "content": "complete",
  "concept": [
    {
      "code": "instance",
      "display": "Instance",
      "definition": "The Location resource represents a specific instance of a location (e.g. Operating Theatre 1A)."
    },
    {
      "code": "kind",
      "display": "Kind",
      "definition": "The Location represents a class of locations (e.g. Any Operating Theatre) although this class of locations could be constrained within a specific boundary (such as organization, or parent location, address etc.)."
    }
  ]
}