{
  "resourceType": "CodeSystem",
  "id": "event-status",
  "meta": {
    "lastUpdated": "2016-11-16T23:52:25.144-05:00"
  },
  "text": {
    "status": "generated",
    "div": "<div xmlns=\"http://www.w3.org/1999/xhtml\"><h2>EventStatus</h2><div><p>Codes identifying the stage lifecycle stage of a event</p>\n</div><p>This code system http://hl7.org/fhir/event-status defines the following codes:</p><table class=\"codes\"><tr><td><b>Code</b></td><td><b>Display</b></td><td><b>Definition</b></td></tr><tr><td>preparation<a name=\"event-status-preparation\"> </a></td><td>Preparation</td><td>The core event has not started yet, but some staging activities have begun (e.g. surgical suite preparation).  Preparation stages may be tracked for billing purposes.</td></tr><tr><td>in-progress<a name=\"event-status-in-progress\"> </a></td><td>In Progress</td><td>The event is currently occurring</td></tr><tr><td>suspended<a name=\"event-status-suspended\"> </a></td><td>Suspended</td><td>The event has been temporarily stopped but is expected to resume in the future</td></tr><tr><td>aborted<a name=\"event-status-aborted\"> </a></td><td>Aborted</td><td>The event was  prior to the full completion of the intended actions</td></tr><tr><td>completed<a name=\"event-status-completed\"> </a></td><td>Completed</td><td>The event has now concluded</td></tr><tr><td>entered-in-error<a name=\"event-status-entered-in-error\"> </a></td><td>Entered in Error</td><td>This electronic record should never have existed, though it is possible that real-world decisions were based on it.  (If real-world activity has occurred, the status should be &quot;cancelled&quot; rather than &quot;entered-in-error&quot;.)</td></tr></table></div>"
  },
  "url": "http://hl7.org/fhir/event-status",
  "identifier": {
    "system": "urn:ietf:rfc:3986",
    "value": "urn:oid:2.16.840.1.113883.4.642.1.929"
  },
  "version": "1.7.0",
  "name": "EventStatus",
  "status": "draft",
  "experimental": false,
  "publisher": "HL7 (FHIR Project)",
  "contact": [
    {
      "telecom": [
        {
          "system": "other",
          "value": "http://hl7.org/fhir"
        },
        {
          "system": "email",
          "value": "fhir@lists.hl7.org"
        }
      ]
    }
  ],
  "date": "2016-11-16T23:52:25-05:00",
  "description": "Codes identifying the stage lifecycle stage of a event",
  "caseSensitive": true,
  "valueSet": "http://hl7.org/fhir/ValueSet/event-status",
  "content": "complete",
  "concept": [
    {
      "code": "preparation",
      "display": "Preparation",
      "definition": "The core event has not started yet, but some staging activities have begun (e.g. surgical suite preparation).  Preparation stages may be tracked for billing purposes."
    },
    {
      "code": "in-progress",
      "display": "In Progress",
      "definition": "The event is currently occurring"
    },
    {
      "code": "suspended",
      "display": "Suspended",
      "definition": "The event has been temporarily stopped but is expected to resume in the future"
    },
    {
      "code": "aborted",
      "display": "Aborted",
      "definition": "The event was  prior to the full completion of the intended actions"
    },
    {
      "code": "completed",
      "display": "Completed",
      "definition": "The event has now concluded"
    },
    {
      "code": "entered-in-error",
      "display": "Entered in Error",
      "definition": "This electronic record should never have existed, though it is possible that real-world decisions were based on it.  (If real-world activity has occurred, the status should be \"cancelled\" rather than \"entered-in-error\".)"
    }
  ]
}