{
  "resourceType": "CodeSystem",
  "id": "binding-strength",
  "meta": {
    "lastUpdated": "2016-12-19T23:17:56.167-05:00"
  },
  "text": {
    "status": "generated",
    "div": "<div xmlns=\"http://www.w3.org/1999/xhtml\"><h2>BindingStrength</h2><div><p>Indication of the degree of conformance expectations associated with a binding.</p>\n</div><p>This code system http://hl7.org/fhir/binding-strength defines the following codes:</p><table class=\"codes\"><tr><td><b>Code</b></td><td><b>Display</b></td><td><b>Definition</b></td></tr><tr><td>required<a name=\"binding-strength-required\"> </a></td><td>Required</td><td>To be conformant, instances of this element SHALL include a code from the specified value set.</td></tr><tr><td>extensible<a name=\"binding-strength-extensible\"> </a></td><td>Extensible</td><td>To be conformant, instances of this element SHALL include a code from the specified value set if any of the codes within the value set can apply to the concept being communicated.  If the value set does not cover the concept (based on human review), alternate codings (or, data type allowing, text) may be included instead.</td></tr><tr><td>preferred<a name=\"binding-strength-preferred\"> </a></td><td>Preferred</td><td>Instances are encouraged to draw from the specified codes for interoperability purposes but are not required to do so to be considered conformant.</td></tr><tr><td>example<a name=\"binding-strength-example\"> </a></td><td>Example</td><td>Instances are not expected or even encouraged to draw from the specified value set.  The value set merely provides examples of the types of concepts intended to be included.</td></tr></table></div>"
  },
  "url": "http://hl7.org/fhir/binding-strength",
  "identifier": {
    "system": "urn:ietf:rfc:3986",
    "value": "urn:oid:2.16.840.1.113883.4.642.1.binding-strength"
  },
  "version": "1.8.0",
  "name": "BindingStrength",
  "status": "draft",
  "experimental": false,
  "date": "2016-12-19T23:17:56-05:00",
  "description": "Indication of the degree of conformance expectations associated with a binding.",
  "caseSensitive": true,
  "valueSet": "http://hl7.org/fhir/ValueSet/binding-strength",
  "content": "complete",
  "concept": [
    {
      "code": "required",
      "display": "Required",
      "definition": "To be conformant, instances of this element SHALL include a code from the specified value set."
    },
    {
      "code": "extensible",
      "display": "Extensible",
      "definition": "To be conformant, instances of this element SHALL include a code from the specified value set if any of the codes within the value set can apply to the concept being communicated.  If the value set does not cover the concept (based on human review), alternate codings (or, data type allowing, text) may be included instead."
    },
    {
      "code": "preferred",
      "display": "Preferred",
      "definition": "Instances are encouraged to draw from the specified codes for interoperability purposes but are not required to do so to be considered conformant."
    },
    {
      "code": "example",
      "display": "Example",
      "definition": "Instances are not expected or even encouraged to draw from the specified value set.  The value set merely provides examples of the types of concepts intended to be included."
    }
  ]
}