{
  "resourceType": "CodeSystem",
  "id": "reaction-event-severity",
  "meta": {
    "lastUpdated": "2016-11-28T17:29:55.664-05:00"
  },
  "text": {
    "status": "generated",
    "div": "<div xmlns=\"http://www.w3.org/1999/xhtml\"><h2>AllergyIntoleranceSeverity</h2><div><p>Clinical assessment of the severity of a reaction event as a whole, potentially considering multiple different manifestations.</p>\n</div><p>This code system http://hl7.org/fhir/reaction-event-severity defines the following codes:</p><table class=\"codes\"><tr><td><b>Code</b></td><td><b>Display</b></td><td><b>Definition</b></td></tr><tr><td>mild<a name=\"reaction-event-severity-mild\"> </a></td><td>Mild</td><td>Causes mild physiological effects.</td></tr><tr><td>moderate<a name=\"reaction-event-severity-moderate\"> </a></td><td>Moderate</td><td>Causes moderate physiological effects.</td></tr><tr><td>severe<a name=\"reaction-event-severity-severe\"> </a></td><td>Severe</td><td>Causes severe physiological effects.</td></tr></table></div>"
  },
  "url": "http://hl7.org/fhir/reaction-event-severity",
  "identifier": {
    "system": "urn:ietf:rfc:3986",
    "value": "urn:oid:2.16.840.1.113883.4.642.1.56"
  },
  "version": "1.7.0",
  "name": "AllergyIntoleranceSeverity",
  "status": "draft",
  "experimental": false,
  "publisher": "HL7 (FHIR Project)",
  "contact": [
    {
      "telecom": [
        {
          "system": "other",
          "value": "http://hl7.org/fhir"
        },
        {
          "system": "email",
          "value": "fhir@lists.hl7.org"
        }
      ]
    }
  ],
  "date": "2016-11-28T17:29:55-05:00",
  "description": "Clinical assessment of the severity of a reaction event as a whole, potentially considering multiple different manifestations.",
  "caseSensitive": true,
  "valueSet": "http://hl7.org/fhir/ValueSet/reaction-event-severity",
  "content": "complete",
  "concept": [
    {
      "code": "mild",
      "display": "Mild",
      "definition": "Causes mild physiological effects."
    },
    {
      "code": "moderate",
      "display": "Moderate",
      "definition": "Causes moderate physiological effects."
    },
    {
      "code": "severe",
      "display": "Severe",
      "definition": "Causes severe physiological effects."
    }
  ]
}