{
  "resourceType": "CodeSystem",
  "id": "service-product",
  "meta": {
    "lastUpdated": "2016-11-16T23:52:25.144-05:00",
    "profile": [
      "http://hl7.org/fhir/StructureDefinition/codesystem-shareable-definition"
    ]
  },
  "text": {
    "status": "generated",
    "div": "<div xmlns=\"http://www.w3.org/1999/xhtml\"><h2>Example Service/Product Codes</h2><div><p>This value set includes a smattering of Service/Product codes.</p>\n</div><p><b>Copyright Statement:</b> This is an example set.</p><p>This code system http://hl7.org/fhir/ex-serviceproduct defines the following codes:</p><table class=\"codes\"><tr><td><b>Code</b></td><td><b>Display</b></td><td><b>Definition</b></td></tr><tr><td>exam<a name=\"service-product-exam\"> </a></td><td>Exam</td><td>Exam</td></tr><tr><td>flushot<a name=\"service-product-flushot\"> </a></td><td>Flu shot</td><td>Flu shot</td></tr></table></div>"
  },
  "url": "http://hl7.org/fhir/ex-serviceproduct",
  "identifier": {
    "system": "urn:ietf:rfc:3986",
    "value": "urn:oid:2.16.840.1.113883.4.642.1.323"
  },
  "version": "1.7.0",
  "name": "Example Service/Product Codes",
  "status": "draft",
  "experimental": true,
  "publisher": "Financial Management",
  "contact": [
    {
      "telecom": [
        {
          "system": "other",
          "value": "http://hl7.org/fhir"
        }
      ]
    }
  ],
  "description": "This value set includes a smattering of Service/Product codes.",
  "copyright": "This is an example set.",
  "caseSensitive": true,
  "valueSet": "http://hl7.org/fhir/ValueSet/service-product",
  "content": "complete",
  "concept": [
    {
      "code": "exam",
      "display": "Exam",
      "definition": "Exam"
    },
    {
      "code": "flushot",
      "display": "Flu shot",
      "definition": "Flu shot"
    }
  ]
}