{
  "resourceType": "CodeSystem",
  "id": "list-mode",
  "meta": {
    "lastUpdated": "2016-12-19T23:17:56.167-05:00"
  },
  "text": {
    "status": "generated",
    "div": "<div xmlns=\"http://www.w3.org/1999/xhtml\"><h2>ListMode</h2><div><p>The processing mode that applies to this list</p>\n</div><p>This code system http://hl7.org/fhir/list-mode defines the following codes:</p><table class=\"codes\"><tr><td><b>Code</b></td><td><b>Display</b></td><td><b>Definition</b></td></tr><tr><td>working<a name=\"list-mode-working\"> </a></td><td>Working List</td><td>This list is the master list, maintained in an ongoing fashion with regular updates as the real world list it is tracking changes</td></tr><tr><td>snapshot<a name=\"list-mode-snapshot\"> </a></td><td>Snapshot List</td><td>This list was prepared as a snapshot. It should not be assumed to be current</td></tr><tr><td>changes<a name=\"list-mode-changes\"> </a></td><td>Change List</td><td>A list that indicates where changes have been made or recommended</td></tr></table></div>"
  },
  "url": "http://hl7.org/fhir/list-mode",
  "identifier": {
    "system": "urn:ietf:rfc:3986",
    "value": "urn:oid:2.16.840.1.113883.4.642.1.174"
  },
  "version": "1.8.0",
  "name": "ListMode",
  "status": "draft",
  "experimental": false,
  "publisher": "HL7 (FHIR Project)",
  "contact": [
    {
      "telecom": [
        {
          "system": "url",
          "value": "http://hl7.org/fhir"
        },
        {
          "system": "email",
          "value": "fhir@lists.hl7.org"
        }
      ]
    }
  ],
  "date": "2016-12-19T23:17:56-05:00",
  "description": "The processing mode that applies to this list",
  "caseSensitive": true,
  "valueSet": "http://hl7.org/fhir/ValueSet/list-mode",
  "content": "complete",
  "concept": [
    {
      "code": "working",
      "display": "Working List",
      "definition": "This list is the master list, maintained in an ongoing fashion with regular updates as the real world list it is tracking changes"
    },
    {
      "code": "snapshot",
      "display": "Snapshot List",
      "definition": "This list was prepared as a snapshot. It should not be assumed to be current"
    },
    {
      "code": "changes",
      "display": "Change List",
      "definition": "A list that indicates where changes have been made or recommended"
    }
  ]
}