{
  "resourceType": "CodeSystem",
  "id": "audit-event-outcome",
  "meta": {
    "lastUpdated": "2016-12-07T14:18:58.982-05:00"
  },
  "text": {
    "status": "generated",
    "div": "<div xmlns=\"http://www.w3.org/1999/xhtml\"><h2>AuditEventOutcome</h2><div><p>Indicates whether the event succeeded or failed</p>\n</div><p>This code system http://hl7.org/fhir/audit-event-outcome defines the following codes:</p><table class=\"codes\"><tr><td><b>Code</b></td><td><b>Display</b></td><td><b>Definition</b></td></tr><tr><td>0<a name=\"audit-event-outcome-0\"> </a></td><td>Success</td><td>The operation completed successfully (whether with warnings or not).</td></tr><tr><td>4<a name=\"audit-event-outcome-4\"> </a></td><td>Minor failure</td><td>The action was not successful due to some kind of catered for error (often equivalent to an HTTP 400 response).</td></tr><tr><td>8<a name=\"audit-event-outcome-8\"> </a></td><td>Serious failure</td><td>The action was not successful due to some kind of unexpected error (often equivalent to an HTTP 500 response).</td></tr><tr><td>12<a name=\"audit-event-outcome-12\"> </a></td><td>Major failure</td><td>An error of such magnitude occurred that the system is no longer available for use (i.e. the system died).</td></tr></table></div>"
  },
  "url": "http://hl7.org/fhir/audit-event-outcome",
  "identifier": {
    "system": "urn:ietf:rfc:3986",
    "value": "urn:oid:2.16.840.1.113883.4.642.1.264"
  },
  "version": "1.8.0",
  "name": "AuditEventOutcome",
  "status": "draft",
  "experimental": false,
  "publisher": "HL7 (FHIR Project)",
  "contact": [
    {
      "telecom": [
        {
          "system": "url",
          "value": "http://hl7.org/fhir"
        },
        {
          "system": "email",
          "value": "fhir@lists.hl7.org"
        }
      ]
    }
  ],
  "date": "2016-12-07T14:18:58-05:00",
  "description": "Indicates whether the event succeeded or failed",
  "caseSensitive": true,
  "valueSet": "http://hl7.org/fhir/ValueSet/audit-event-outcome",
  "content": "complete",
  "concept": [
    {
      "code": "0",
      "display": "Success",
      "definition": "The operation completed successfully (whether with warnings or not)."
    },
    {
      "code": "4",
      "display": "Minor failure",
      "definition": "The action was not successful due to some kind of catered for error (often equivalent to an HTTP 400 response)."
    },
    {
      "code": "8",
      "display": "Serious failure",
      "definition": "The action was not successful due to some kind of unexpected error (often equivalent to an HTTP 500 response)."
    },
    {
      "code": "12",
      "display": "Major failure",
      "definition": "An error of such magnitude occurred that the system is no longer available for use (i.e. the system died)."
    }
  ]
}