{
  "resourceType": "CodeSystem",
  "id": "common-tags",
  "meta": {
    "lastUpdated": "2016-11-16T23:52:25.144-05:00",
    "profile": [
      "http://hl7.org/fhir/StructureDefinition/codesystem-shareable-definition"
    ]
  },
  "text": {
    "status": "generated",
    "div": "<div xmlns=\"http://www.w3.org/1999/xhtml\"><h2>Common Tags</h2><div><p>Common Tag Codes defined by FHIR project</p>\n</div><p>This code system http://hl7.org/fhir/common-tags defines the following codes:</p><table class=\"codes\"><tr><td><b>Code</b></td><td><b>Display</b></td><td><b>Definition</b></td></tr><tr><td>actionable<a name=\"common-tags-actionable\"> </a></td><td>Actionable</td><td>This request is intended to be acted upon, not merely stored</td></tr></table></div>"
  },
  "url": "http://hl7.org/fhir/common-tags",
  "identifier": {
    "system": "urn:ietf:rfc:3986",
    "value": "urn:oid:2.16.840.1.113883.4.642.1.435"
  },
  "version": "1.7.0",
  "name": "Common Tags",
  "status": "draft",
  "experimental": true,
  "publisher": "FHIR Project team",
  "contact": [
    {
      "telecom": [
        {
          "system": "other",
          "value": "http://hl7.org/fhir"
        }
      ]
    }
  ],
  "description": "Common Tag Codes defined by FHIR project",
  "caseSensitive": true,
  "valueSet": "http://hl7.org/fhir/ValueSet/common-tags",
  "content": "complete",
  "concept": [
    {
      "code": "actionable",
      "display": "Actionable",
      "definition": "This request is intended to be acted upon, not merely stored"
    }
  ]
}