{
  "resourceType": "CodeSystem",
  "id": "supplydelivery-status",
  "meta": {
    "lastUpdated": "2016-11-16T21:13:00.180-05:00"
  },
  "text": {
    "status": "generated",
    "div": "<div xmlns=\"http://www.w3.org/1999/xhtml\"><h2>SupplyDeliveryStatus</h2><div><p>Status of the supply delivery.</p>\n</div><p>This code system http://hl7.org/fhir/supplydelivery-status defines the following codes:</p><table class=\"codes\"><tr><td><b>Code</b></td><td><b>Display</b></td><td><b>Definition</b></td></tr><tr><td>in-progress<a name=\"supplydelivery-status-in-progress\"> </a></td><td>In Progress</td><td>Supply has been requested, but not delivered.</td></tr><tr><td>completed<a name=\"supplydelivery-status-completed\"> </a></td><td>Delivered</td><td>Supply has been delivered (&quot;completed&quot;).</td></tr><tr><td>abandoned<a name=\"supplydelivery-status-abandoned\"> </a></td><td>Abandoned</td><td>Dispensing was not completed.</td></tr></table></div>"
  },
  "url": "http://hl7.org/fhir/supplydelivery-status",
  "identifier": {
    "system": "urn:ietf:rfc:3986",
    "value": "urn:oid:2.16.840.1.113883.4.642.1.355"
  },
  "version": "1.7.0",
  "name": "SupplyDeliveryStatus",
  "status": "draft",
  "experimental": false,
  "publisher": "HL7 (FHIR Project)",
  "contact": [
    {
      "telecom": [
        {
          "system": "other",
          "value": "http://hl7.org/fhir"
        },
        {
          "system": "email",
          "value": "fhir@lists.hl7.org"
        }
      ]
    }
  ],
  "date": "2016-11-16T21:13:00-05:00",
  "description": "Status of the supply delivery.",
  "caseSensitive": true,
  "valueSet": "http://hl7.org/fhir/ValueSet/supplydelivery-status",
  "content": "complete",
  "concept": [
    {
      "code": "in-progress",
      "display": "In Progress",
      "definition": "Supply has been requested, but not delivered."
    },
    {
      "code": "completed",
      "display": "Delivered",
      "definition": "Supply has been delivered (\"completed\")."
    },
    {
      "code": "abandoned",
      "display": "Abandoned",
      "definition": "Dispensing was not completed."
    }
  ]
}