{
  "resourceType": "CodeSystem",
  "id": "composite-measure-scoring",
  "meta": {
    "lastUpdated": "2016-12-07T14:18:58.982-05:00"
  },
  "text": {
    "status": "generated",
    "div": "<div xmlns=\"http://www.w3.org/1999/xhtml\"><h2>CompositeMeasureScoring</h2><div><p>The composite scoring method of the measure</p>\n</div><p>This code system http://hl7.org/fhir/composite-measure-scoring defines the following codes:</p><table class=\"codes\"><tr><td><b>Code</b></td><td><b>Display</b></td><td><b>Definition</b></td></tr><tr><td>opportunity<a name=\"composite-measure-scoring-opportunity\"> </a></td><td>Opportunity</td><td>Opportunity scoring combines the scores from component measures by combining the numerators and denominators for each component</td></tr><tr><td>all-or-nothing<a name=\"composite-measure-scoring-all-or-nothing\"> </a></td><td>All-or-nothing</td><td>All-or-nothing scoring includes an individual in the numerator of the composite measure if they are in the numerators of all of the component measures in which they are in the denominator</td></tr><tr><td>linear<a name=\"composite-measure-scoring-linear\"> </a></td><td>Linear</td><td>Linear scoring gives an individual a score based on the number of numerators in which they appear</td></tr><tr><td>weighted<a name=\"composite-measure-scoring-weighted\"> </a></td><td>Weighted</td><td>Weighted scoring gives an individual a score based on a weigthed factor for each component numerator in which they appear</td></tr></table></div>"
  },
  "url": "http://hl7.org/fhir/composite-measure-scoring",
  "identifier": {
    "system": "urn:ietf:rfc:3986",
    "value": "urn:oid:2.16.840.1.113883.4.642.1.0"
  },
  "version": "1.8.0",
  "name": "CompositeMeasureScoring",
  "status": "draft",
  "experimental": false,
  "publisher": "HL7 (FHIR Project)",
  "contact": [
    {
      "telecom": [
        {
          "system": "url",
          "value": "http://hl7.org/fhir"
        },
        {
          "system": "email",
          "value": "fhir@lists.hl7.org"
        }
      ]
    }
  ],
  "date": "2016-12-07T14:18:58-05:00",
  "description": "The composite scoring method of the measure",
  "caseSensitive": true,
  "valueSet": "http://hl7.org/fhir/ValueSet/composite-measure-scoring",
  "content": "complete",
  "concept": [
    {
      "code": "opportunity",
      "display": "Opportunity",
      "definition": "Opportunity scoring combines the scores from component measures by combining the numerators and denominators for each component"
    },
    {
      "code": "all-or-nothing",
      "display": "All-or-nothing",
      "definition": "All-or-nothing scoring includes an individual in the numerator of the composite measure if they are in the numerators of all of the component measures in which they are in the denominator"
    },
    {
      "code": "linear",
      "display": "Linear",
      "definition": "Linear scoring gives an individual a score based on the number of numerators in which they appear"
    },
    {
      "code": "weighted",
      "display": "Weighted",
      "definition": "Weighted scoring gives an individual a score based on a weigthed factor for each component numerator in which they appear"
    }
  ]
}