{
  "resourceType": "CodeSystem",
  "id": "fm-itemtype",
  "meta": {
    "lastUpdated": "2016-11-16T21:13:00.180-05:00",
    "profile": [
      "http://hl7.org/fhir/StructureDefinition/codesystem-shareable-definition"
    ]
  },
  "text": {
    "status": "generated",
    "div": "<div xmlns=\"http://www.w3.org/1999/xhtml\"><h2>Item Type Codes</h2><div><p>This value set includes sample Item Type codes.</p>\n</div><p><b>Copyright Statement:</b> This is an example set.</p><p>This code system http://hl7.org/fhir/ex-claimitemtype defines the following codes:</p><table class=\"codes\"><tr><td><b>Code</b></td><td><b>Display</b></td><td><b>Definition</b></td></tr><tr><td>group<a name=\"fm-itemtype-group\"> </a></td><td>Group</td><td>A group of products and/or Services, amount ar the summary or detail level products and services.</td></tr><tr><td>product<a name=\"fm-itemtype-product\"> </a></td><td>Product</td><td>A billed product line item.</td></tr><tr><td>service<a name=\"fm-itemtype-service\"> </a></td><td>Service</td><td>A billed service line item.</td></tr></table></div>"
  },
  "url": "http://hl7.org/fhir/ex-claimitemtype",
  "identifier": {
    "system": "urn:ietf:rfc:3986",
    "value": "urn:oid:2.16.840.1.113883.4.642.1.317"
  },
  "version": "1.7.0",
  "name": "Item Type Codes",
  "status": "draft",
  "experimental": true,
  "publisher": "Financial Management",
  "contact": [
    {
      "telecom": [
        {
          "system": "other",
          "value": "http://hl7.org/fhir"
        }
      ]
    }
  ],
  "description": "This value set includes sample Item Type codes.",
  "copyright": "This is an example set.",
  "caseSensitive": true,
  "valueSet": "http://hl7.org/fhir/ValueSet/fm-itemtype",
  "content": "complete",
  "concept": [
    {
      "code": "group",
      "display": "Group",
      "definition": "A group of products and/or Services, amount ar the summary or detail level products and services."
    },
    {
      "code": "product",
      "display": "Product",
      "definition": "A billed product line item."
    },
    {
      "code": "service",
      "display": "Service",
      "definition": "A billed service line item."
    }
  ]
}