{
  "resourceType": "CodeSystem",
  "id": "observation-statistics",
  "meta": {
    "lastUpdated": "2016-12-07T14:18:58.982-05:00"
  },
  "text": {
    "status": "generated",
    "div": "<div xmlns=\"http://www.w3.org/1999/xhtml\"><h2>StatisticsCode</h2><div><p>The statistical operation parameter -&quot;statistic&quot; -  codes</p>\n</div><p>This code system http://hl7.org/fhir/observation-statistics defines the following codes:</p><table class=\"codes\"><tr><td><b>Code</b></td><td><b>Display</b></td><td><b>Definition</b></td></tr><tr><td>average<a name=\"observation-statistics-average\"> </a></td><td>Average</td><td>The [mean](https://en.wikipedia.org/wiki/Arithmetic_mean) of N measurements over the stated period</td></tr><tr><td>maximum<a name=\"observation-statistics-maximum\"> </a></td><td>Maximum</td><td>The [maximum](https://en.wikipedia.org/wiki/Maximal_element) value of N measurements over the stated period</td></tr><tr><td>minimum<a name=\"observation-statistics-minimum\"> </a></td><td>Minimum</td><td>The [minimum](https://en.wikipedia.org/wiki/Minimal_element) value of N measurements over the stated period</td></tr><tr><td>count<a name=\"observation-statistics-count\"> </a></td><td>Count</td><td>The [number] of valid measurements over the stated period that contributed to the other statistical outputs</td></tr><tr><td>totalcount<a name=\"observation-statistics-totalcount\"> </a></td><td>Total Count</td><td>The total [number] of valid measurements over the stated period, including observations that were ignored because they did not contain valid result values</td></tr><tr><td>median<a name=\"observation-statistics-median\"> </a></td><td>Median</td><td>The [median](https://en.wikipedia.org/wiki/Median) of N measurements over the stated period</td></tr><tr><td>std-dev<a name=\"observation-statistics-std-dev\"> </a></td><td>standard deviation</td><td>The [standard deviation](https://en.wikipedia.org/wiki/Standard_deviation) of N measurements over the stated period</td></tr><tr><td>sum<a name=\"observation-statistics-sum\"> </a></td><td>sum</td><td>The [sum](https://en.wikipedia.org/wiki/Summation) of N measurements over the stated period</td></tr><tr><td>variance<a name=\"observation-statistics-variance\"> </a></td><td>variance</td><td>The [variance](https://en.wikipedia.org/wiki/Variance) of N measurements over the stated period</td></tr><tr><td>%20<a name=\"observation-statistics-.3720\"> </a></td><td>20th percentile</td><td>The 20th [Percentile](https://en.wikipedia.org/wiki/Percentile) of N measurements over the stated period</td></tr><tr><td>%80<a name=\"observation-statistics-.3780\"> </a></td><td>80th percentile</td><td>The 80th [Percentile](https://en.wikipedia.org/wiki/Percentile) of N measurements over the stated period</td></tr><tr><td>4-lower<a name=\"observation-statistics-4-lower\"> </a></td><td>lower quartile</td><td>The lower [Quartile](https://en.wikipedia.org/wiki/Quartile) Boundary of N measurements over the stated period</td></tr><tr><td>4-upper<a name=\"observation-statistics-4-upper\"> </a></td><td>upper quartile</td><td>The upper [Quartile](https://en.wikipedia.org/wiki/Quartile) Boundary of N measurements over the stated period</td></tr><tr><td>4-dev<a name=\"observation-statistics-4-dev\"> </a></td><td>quartile deviation</td><td>The difference between the upper and lower [Quartiles](https://en.wikipedia.org/wiki/Quartile) is called the Interquartile range. (IQR = Q3-Q1) Quartile deviation or Semi-interquartile range is one-half the difference between the first and the third quartiles.</td></tr><tr><td>5-1<a name=\"observation-statistics-5-1\"> </a></td><td>1st quintile</td><td>The lowest of four values that divide the N measurementsinto a frequency distribution of five classes with each containing one fifth of the total population</td></tr><tr><td>5-2<a name=\"observation-statistics-5-2\"> </a></td><td>2nd quintile</td><td>The second of four values that divide the N measurementsinto a frequency distribution of five classes with each containing one fifth of the total population</td></tr><tr><td>5-3<a name=\"observation-statistics-5-3\"> </a></td><td>3rd quintile</td><td>The third of four values that divide the N measurementsinto a frequency distribution of five classes with each containing one fifth of the total population</td></tr><tr><td>5-4<a name=\"observation-statistics-5-4\"> </a></td><td>4th quintile</td><td>The fourth of four values that divide the N measurementsinto a frequency distribution of five classes with each containing one fifth of the total population</td></tr></table></div>"
  },
  "url": "http://hl7.org/fhir/observation-statistics",
  "identifier": {
    "system": "urn:ietf:rfc:3986",
    "value": "urn:oid:2.16.840.1.113883.4.642.1.0"
  },
  "version": "1.8.0",
  "name": "StatisticsCode",
  "status": "draft",
  "experimental": false,
  "publisher": "HL7 (FHIR Project)",
  "contact": [
    {
      "telecom": [
        {
          "system": "url",
          "value": "http://hl7.org/fhir"
        },
        {
          "system": "email",
          "value": "fhir@lists.hl7.org"
        }
      ]
    }
  ],
  "date": "2016-12-07T14:18:58-05:00",
  "description": "The statistical operation parameter -\"statistic\" -  codes",
  "caseSensitive": true,
  "valueSet": "http://hl7.org/fhir/ValueSet/observation-statistics",
  "content": "complete",
  "concept": [
    {
      "code": "average",
      "display": "Average",
      "definition": "The [mean](https://en.wikipedia.org/wiki/Arithmetic_mean) of N measurements over the stated period"
    },
    {
      "code": "maximum",
      "display": "Maximum",
      "definition": "The [maximum](https://en.wikipedia.org/wiki/Maximal_element) value of N measurements over the stated period"
    },
    {
      "code": "minimum",
      "display": "Minimum",
      "definition": "The [minimum](https://en.wikipedia.org/wiki/Minimal_element) value of N measurements over the stated period"
    },
    {
      "code": "count",
      "display": "Count",
      "definition": "The [number] of valid measurements over the stated period that contributed to the other statistical outputs"
    },
    {
      "code": "totalcount",
      "display": "Total Count",
      "definition": "The total [number] of valid measurements over the stated period, including observations that were ignored because they did not contain valid result values"
    },
    {
      "code": "median",
      "display": "Median",
      "definition": "The [median](https://en.wikipedia.org/wiki/Median) of N measurements over the stated period"
    },
    {
      "code": "std-dev",
      "display": "standard deviation",
      "definition": "The [standard deviation](https://en.wikipedia.org/wiki/Standard_deviation) of N measurements over the stated period"
    },
    {
      "code": "sum",
      "display": "sum",
      "definition": "The [sum](https://en.wikipedia.org/wiki/Summation) of N measurements over the stated period"
    },
    {
      "code": "variance",
      "display": "variance",
      "definition": "The [variance](https://en.wikipedia.org/wiki/Variance) of N measurements over the stated period"
    },
    {
      "code": "%20",
      "display": "20th percentile",
      "definition": "The 20th [Percentile](https://en.wikipedia.org/wiki/Percentile) of N measurements over the stated period"
    },
    {
      "code": "%80",
      "display": "80th percentile",
      "definition": "The 80th [Percentile](https://en.wikipedia.org/wiki/Percentile) of N measurements over the stated period"
    },
    {
      "code": "4-lower",
      "display": "lower quartile",
      "definition": "The lower [Quartile](https://en.wikipedia.org/wiki/Quartile) Boundary of N measurements over the stated period"
    },
    {
      "code": "4-upper",
      "display": "upper quartile",
      "definition": "The upper [Quartile](https://en.wikipedia.org/wiki/Quartile) Boundary of N measurements over the stated period"
    },
    {
      "code": "4-dev",
      "display": "quartile deviation",
      "definition": "The difference between the upper and lower [Quartiles](https://en.wikipedia.org/wiki/Quartile) is called the Interquartile range. (IQR = Q3-Q1) Quartile deviation or Semi-interquartile range is one-half the difference between the first and the third quartiles."
    },
    {
      "code": "5-1",
      "display": "1st quintile",
      "definition": "The lowest of four values that divide the N measurementsinto a frequency distribution of five classes with each containing one fifth of the total population"
    },
    {
      "code": "5-2",
      "display": "2nd quintile",
      "definition": "The second of four values that divide the N measurementsinto a frequency distribution of five classes with each containing one fifth of the total population"
    },
    {
      "code": "5-3",
      "display": "3rd quintile",
      "definition": "The third of four values that divide the N measurementsinto a frequency distribution of five classes with each containing one fifth of the total population"
    },
    {
      "code": "5-4",
      "display": "4th quintile",
      "definition": "The fourth of four values that divide the N measurementsinto a frequency distribution of five classes with each containing one fifth of the total population"
    }
  ]
}