{
  "resourceType": "CodeSystem",
  "id": "animal-genderstatus",
  "meta": {
    "lastUpdated": "2016-12-07T14:18:58.982-05:00",
    "profile": [
      "http://hl7.org/fhir/StructureDefinition/codesystem-shareable-definition"
    ]
  },
  "text": {
    "status": "generated",
    "div": "<div xmlns=\"http://www.w3.org/1999/xhtml\"><h2>GenderStatus</h2><div><p>This example value set defines a set of codes that can be used to indicate the current state of the animal's reproductive organs.</p>\n</div><p>This code system http://hl7.org/fhir/animal-genderstatus defines the following codes:</p><table class=\"codes\"><tr><td><b>Code</b></td><td><b>Display</b></td><td><b>Definition</b></td></tr><tr><td>neutered<a name=\"animal-genderstatus-neutered\"> </a></td><td>Neutered</td><td>The animal has been sterilized, castrated or otherwise made infertile.</td></tr><tr><td>intact<a name=\"animal-genderstatus-intact\"> </a></td><td>Intact</td><td>The animal's reproductive organs are intact.</td></tr><tr><td>unknown<a name=\"animal-genderstatus-unknown\"> </a></td><td>Unknown</td><td>Unable to determine whether the animal has been neutered.</td></tr></table><p><b>Additional Language Displays</b></p><table class=\"codes\"><tr><td><b>Code</b></td><td><b>Nederlands (Dutch, nl)</b></td></tr><tr><td>neutered</td><td>gesteriliseerd</td></tr><tr><td>intact</td><td>intact</td></tr><tr><td>unknown</td><td>onbekend</td></tr></table></div>"
  },
  "url": "http://hl7.org/fhir/animal-genderstatus",
  "identifier": {
    "system": "urn:ietf:rfc:3986",
    "value": "urn:oid:2.16.840.1.113883.4.642.1.230"
  },
  "version": "1.8.0",
  "name": "GenderStatus",
  "status": "draft",
  "experimental": true,
  "publisher": "FHIR Project team",
  "contact": [
    {
      "telecom": [
        {
          "system": "url",
          "value": "http://hl7.org/fhir"
        }
      ]
    }
  ],
  "description": "This example value set defines a set of codes that can be used to indicate the current state of the animal's reproductive organs.",
  "caseSensitive": true,
  "valueSet": "http://hl7.org/fhir/ValueSet/animal-genderstatus",
  "content": "complete",
  "concept": [
    {
      "code": "neutered",
      "display": "Neutered",
      "definition": "The animal has been sterilized, castrated or otherwise made infertile.",
      "designation": [
        {
          "language": "nl",
          "value": "gesteriliseerd"
        }
      ]
    },
    {
      "code": "intact",
      "display": "Intact",
      "definition": "The animal's reproductive organs are intact.",
      "designation": [
        {
          "language": "nl",
          "value": "intact"
        }
      ]
    },
    {
      "code": "unknown",
      "display": "Unknown",
      "definition": "Unable to determine whether the animal has been neutered.",
      "designation": [
        {
          "language": "nl",
          "value": "onbekend"
        }
      ]
    }
  ]
}