{
  "resourceType": "CodeSystem",
  "id": "procedure-status",
  "meta": {
    "lastUpdated": "2016-12-07T14:18:58.982-05:00"
  },
  "text": {
    "status": "generated",
    "div": "<div xmlns=\"http://www.w3.org/1999/xhtml\"><h2>ProcedureStatus</h2><div><p>A code specifying the state of the procedure.</p>\n</div><p>This code system http://hl7.org/fhir/procedure-status defines the following codes:</p><table class=\"codes\"><tr><td><b>Code</b></td><td><b>Display</b></td><td><b>Definition</b></td></tr><tr><td>in-progress<a name=\"procedure-status-in-progress\"> </a></td><td>In Progress</td><td>The procedure is still occurring.</td></tr><tr><td>aborted<a name=\"procedure-status-aborted\"> </a></td><td>Aboted</td><td>The procedure was terminated without completing successfully.</td></tr><tr><td>completed<a name=\"procedure-status-completed\"> </a></td><td>Completed</td><td>All actions involved in the procedure have taken place.</td></tr><tr><td>entered-in-error<a name=\"procedure-status-entered-in-error\"> </a></td><td>Entered in Error</td><td>The statement was entered in error and Is not valid.</td></tr><tr><td>unknown<a name=\"procedure-status-unknown\"> </a></td><td>Unknown</td><td>The authoring system doesn't know the current state of the procedure.</td></tr></table></div>"
  },
  "url": "http://hl7.org/fhir/procedure-status",
  "identifier": {
    "system": "urn:ietf:rfc:3986",
    "value": "urn:oid:2.16.840.1.113883.4.642.1.237"
  },
  "version": "1.8.0",
  "name": "ProcedureStatus",
  "status": "draft",
  "experimental": false,
  "publisher": "HL7 (FHIR Project)",
  "contact": [
    {
      "telecom": [
        {
          "system": "url",
          "value": "http://hl7.org/fhir"
        },
        {
          "system": "email",
          "value": "fhir@lists.hl7.org"
        }
      ]
    }
  ],
  "date": "2016-12-07T14:18:58-05:00",
  "description": "A code specifying the state of the procedure.",
  "caseSensitive": true,
  "valueSet": "http://hl7.org/fhir/ValueSet/procedure-status",
  "content": "complete",
  "concept": [
    {
      "code": "in-progress",
      "display": "In Progress",
      "definition": "The procedure is still occurring."
    },
    {
      "code": "aborted",
      "display": "Aboted",
      "definition": "The procedure was terminated without completing successfully."
    },
    {
      "code": "completed",
      "display": "Completed",
      "definition": "All actions involved in the procedure have taken place."
    },
    {
      "code": "entered-in-error",
      "display": "Entered in Error",
      "definition": "The statement was entered in error and Is not valid."
    },
    {
      "code": "unknown",
      "display": "Unknown",
      "definition": "The authoring system doesn't know the current state of the procedure."
    }
  ]
}