{
  "resourceType": "CodeSystem",
  "id": "claim-subtype",
  "meta": {
    "lastUpdated": "2016-11-16T23:52:25.144-05:00",
    "profile": [
      "http://hl7.org/fhir/StructureDefinition/codesystem-shareable-definition"
    ]
  },
  "text": {
    "status": "generated",
    "div": "<div xmlns=\"http://www.w3.org/1999/xhtml\"><h2>Example Claim SubType Codes</h2><div><p>This value set includes sample Claim SubType codes.</p>\n</div><p><b>Copyright Statement:</b> This is an example set.</p><p>This code system http://hl7.org/fhir/ex-claimsubtype defines the following codes:</p><table class=\"codes\"><tr><td><b>Code</b></td><td><b>Display</b></td><td><b>Definition</b></td></tr><tr><td>ortho<a name=\"claim-subtype-ortho\"> </a></td><td>Orthodontic Claim</td><td>A claim for Orthodontic Services.</td></tr><tr><td>emergency<a name=\"claim-subtype-emergency\"> </a></td><td>Emergency Claim</td><td>A claim for emergency services.</td></tr></table></div>"
  },
  "url": "http://hl7.org/fhir/ex-claimsubtype",
  "identifier": {
    "system": "urn:ietf:rfc:3986",
    "value": "urn:oid:2.16.840.1.113883.4.642.1.526"
  },
  "version": "1.7.0",
  "name": "Example Claim SubType Codes",
  "status": "draft",
  "experimental": true,
  "publisher": "Financial Management",
  "contact": [
    {
      "telecom": [
        {
          "system": "other",
          "value": "http://hl7.org/fhir"
        }
      ]
    }
  ],
  "description": "This value set includes sample Claim SubType codes.",
  "copyright": "This is an example set.",
  "caseSensitive": true,
  "valueSet": "http://hl7.org/fhir/ValueSet/claim-subtype",
  "content": "complete",
  "concept": [
    {
      "code": "ortho",
      "display": "Orthodontic Claim",
      "definition": "A claim for Orthodontic Services."
    },
    {
      "code": "emergency",
      "display": "Emergency Claim",
      "definition": "A claim for emergency services."
    }
  ]
}