{
  "resourceType": "CodeSystem",
  "id": "map-model-mode",
  "meta": {
    "lastUpdated": "2016-11-16T22:02:32.937-05:00"
  },
  "text": {
    "status": "generated",
    "div": "<div xmlns=\"http://www.w3.org/1999/xhtml\"><h2>StructureMapModelMode</h2><div><p>How the referenced structure is used in this mapping</p>\n</div><p>This code system http://hl7.org/fhir/map-model-mode defines the following codes:</p><table class=\"codes\"><tr><td><b>Code</b></td><td><b>Display</b></td><td><b>Definition</b></td></tr><tr><td>source<a name=\"map-model-mode-source\"> </a></td><td>Source Structure Definition</td><td>This structure describes an instance passed to the mapping engine that is used a source of data</td></tr><tr><td>queried<a name=\"map-model-mode-queried\"> </a></td><td>Queried Structure Definition</td><td>This structure describes an instance that the mapping engine may ask for that is used a source of data</td></tr><tr><td>target<a name=\"map-model-mode-target\"> </a></td><td>Target Structure Definition</td><td>This structure describes an instance passed to the mapping engine that is used a target of data</td></tr><tr><td>produced<a name=\"map-model-mode-produced\"> </a></td><td>Produced Structure Definition</td><td>This structure describes an instance that the mapping engine may ask to create that is used a target of data</td></tr></table></div>"
  },
  "url": "http://hl7.org/fhir/map-model-mode",
  "identifier": {
    "system": "urn:ietf:rfc:3986",
    "value": "urn:oid:2.16.840.1.113883.4.642.1.534"
  },
  "version": "1.7.0",
  "name": "StructureMapModelMode",
  "status": "draft",
  "experimental": false,
  "publisher": "HL7 (FHIR Project)",
  "contact": [
    {
      "telecom": [
        {
          "system": "other",
          "value": "http://hl7.org/fhir"
        },
        {
          "system": "email",
          "value": "fhir@lists.hl7.org"
        }
      ]
    }
  ],
  "date": "2016-11-16T22:02:32-05:00",
  "description": "How the referenced structure is used in this mapping",
  "caseSensitive": true,
  "valueSet": "http://hl7.org/fhir/ValueSet/map-model-mode",
  "content": "complete",
  "concept": [
    {
      "code": "source",
      "display": "Source Structure Definition",
      "definition": "This structure describes an instance passed to the mapping engine that is used a source of data"
    },
    {
      "code": "queried",
      "display": "Queried Structure Definition",
      "definition": "This structure describes an instance that the mapping engine may ask for that is used a source of data"
    },
    {
      "code": "target",
      "display": "Target Structure Definition",
      "definition": "This structure describes an instance passed to the mapping engine that is used a target of data"
    },
    {
      "code": "produced",
      "display": "Produced Structure Definition",
      "definition": "This structure describes an instance that the mapping engine may ask to create that is used a target of data"
    }
  ]
}