{
  "resourceType": "CodeSystem",
  "id": "reaction-event-certainty",
  "meta": {
    "lastUpdated": "2016-11-16T21:13:00.180-05:00"
  },
  "text": {
    "status": "generated",
    "div": "<div xmlns=\"http://www.w3.org/1999/xhtml\"><h2>AllergyIntoleranceCertainty</h2><div><p>Statement about the degree of clinical certainty that a specific substance was the cause of the manifestation in an reaction event.</p>\n</div><p>This code system http://hl7.org/fhir/reaction-event-certainty defines the following codes:</p><table class=\"codes\"><tr><td><b>Code</b></td><td><b>Display</b></td><td><b>Definition</b></td></tr><tr><td>unlikely<a name=\"reaction-event-certainty-unlikely\"> </a></td><td>Unlikely</td><td>There is a low level of clinical certainty that the reaction was caused by the identified substance.</td></tr><tr><td>likely<a name=\"reaction-event-certainty-likely\"> </a></td><td>Likely</td><td>There is a high level of clinical certainty that the reaction was caused by the identified substance.</td></tr><tr><td>confirmed<a name=\"reaction-event-certainty-confirmed\"> </a></td><td>Confirmed</td><td>There is a very high level of clinical certainty that the reaction was due to the identified substance, which may include clinical evidence by testing or rechallenge.</td></tr><tr><td>unknown<a name=\"reaction-event-certainty-unknown\"> </a></td><td>Unknown</td><td>The clinical certainty that the reaction was caused by the identified substance is unknown.  It is an explicit assertion that certainty is not known.</td></tr></table></div>"
  },
  "url": "http://hl7.org/fhir/reaction-event-certainty",
  "identifier": {
    "system": "urn:ietf:rfc:3986",
    "value": "urn:oid:2.16.840.1.113883.4.642.1.54"
  },
  "version": "1.7.0",
  "name": "AllergyIntoleranceCertainty",
  "status": "draft",
  "experimental": false,
  "publisher": "HL7 (FHIR Project)",
  "contact": [
    {
      "telecom": [
        {
          "system": "other",
          "value": "http://hl7.org/fhir"
        },
        {
          "system": "email",
          "value": "fhir@lists.hl7.org"
        }
      ]
    }
  ],
  "date": "2016-11-16T21:13:00-05:00",
  "description": "Statement about the degree of clinical certainty that a specific substance was the cause of the manifestation in an reaction event.",
  "caseSensitive": true,
  "valueSet": "http://hl7.org/fhir/ValueSet/reaction-event-certainty",
  "content": "complete",
  "concept": [
    {
      "code": "unlikely",
      "display": "Unlikely",
      "definition": "There is a low level of clinical certainty that the reaction was caused by the identified substance."
    },
    {
      "code": "likely",
      "display": "Likely",
      "definition": "There is a high level of clinical certainty that the reaction was caused by the identified substance."
    },
    {
      "code": "confirmed",
      "display": "Confirmed",
      "definition": "There is a very high level of clinical certainty that the reaction was due to the identified substance, which may include clinical evidence by testing or rechallenge."
    },
    {
      "code": "unknown",
      "display": "Unknown",
      "definition": "The clinical certainty that the reaction was caused by the identified substance is unknown.  It is an explicit assertion that certainty is not known."
    }
  ]
}