{
  "resourceType": "CodeSystem",
  "id": "address-use",
  "meta": {
    "lastUpdated": "2016-11-16T21:13:00.180-05:00"
  },
  "text": {
    "status": "generated",
    "div": "<div xmlns=\"http://www.w3.org/1999/xhtml\"><h2>AddressUse</h2><div><p>The use of an address</p>\n</div><p>This code system http://hl7.org/fhir/address-use defines the following codes:</p><table class=\"codes\"><tr><td><b>Code</b></td><td><b>Display</b></td><td><b>Definition</b></td></tr><tr><td>home<a name=\"address-use-home\"> </a></td><td>Home</td><td>A communication address at a home.</td></tr><tr><td>work<a name=\"address-use-work\"> </a></td><td>Work</td><td>An office address. First choice for business related contacts during business hours.</td></tr><tr><td>temp<a name=\"address-use-temp\"> </a></td><td>Temporary</td><td>A temporary address. The period can provide more detailed information.</td></tr><tr><td>old<a name=\"address-use-old\"> </a></td><td>Old / Incorrect</td><td>This address is no longer in use (or was never correct, but retained for records).</td></tr></table></div>"
  },
  "url": "http://hl7.org/fhir/address-use",
  "identifier": {
    "system": "urn:ietf:rfc:3986",
    "value": "urn:oid:2.16.840.1.113883.4.642.1.37"
  },
  "version": "1.7.0",
  "name": "AddressUse",
  "status": "draft",
  "experimental": false,
  "publisher": "HL7 (FHIR Project)",
  "contact": [
    {
      "telecom": [
        {
          "system": "other",
          "value": "http://hl7.org/fhir"
        },
        {
          "system": "email",
          "value": "fhir@lists.hl7.org"
        }
      ]
    }
  ],
  "date": "2016-11-16T21:13:00-05:00",
  "description": "The use of an address",
  "caseSensitive": true,
  "valueSet": "http://hl7.org/fhir/ValueSet/address-use",
  "content": "complete",
  "concept": [
    {
      "code": "home",
      "display": "Home",
      "definition": "A communication address at a home."
    },
    {
      "code": "work",
      "display": "Work",
      "definition": "An office address. First choice for business related contacts during business hours."
    },
    {
      "code": "temp",
      "display": "Temporary",
      "definition": "A temporary address. The period can provide more detailed information."
    },
    {
      "code": "old",
      "display": "Old / Incorrect",
      "definition": "This address is no longer in use (or was never correct, but retained for records)."
    }
  ]
}