{
  "resourceType": "CodeSystem",
  "id": "benefit-term",
  "meta": {
    "lastUpdated": "2016-12-07T14:18:58.982-05:00",
    "profile": [
      "http://hl7.org/fhir/StructureDefinition/codesystem-shareable-definition"
    ]
  },
  "text": {
    "status": "generated",
    "div": "<div xmlns=\"http://www.w3.org/1999/xhtml\"><h2>Benefit Term Codes</h2><div><p>This value set includes a smattering of Benefit Term codes.</p>\n</div><p><b>Copyright Statement:</b> This is an example set.</p><p>This code system http://hl7.org/fhir/benefit-term defines the following codes:</p><table class=\"codes\"><tr><td><b>Code</b></td><td><b>Display</b></td><td><b>Definition</b></td></tr><tr><td>annual<a name=\"benefit-term-annual\"> </a></td><td>Annual</td><td>Annual, renewing on the anniversary</td></tr><tr><td>day<a name=\"benefit-term-day\"> </a></td><td>Day</td><td>Per day</td></tr><tr><td>lifetime<a name=\"benefit-term-lifetime\"> </a></td><td>Lifetime</td><td>For the total term, lifetime, of the policy or coverage</td></tr></table></div>"
  },
  "url": "http://hl7.org/fhir/benefit-term",
  "identifier": {
    "system": "urn:ietf:rfc:3986",
    "value": "urn:oid:2.16.840.1.113883.4.642.1.486"
  },
  "version": "1.8.0",
  "name": "Benefit Term Codes",
  "status": "draft",
  "experimental": true,
  "publisher": "Financial Management",
  "contact": [
    {
      "telecom": [
        {
          "system": "url",
          "value": "http://hl7.org/fhir"
        }
      ]
    }
  ],
  "description": "This value set includes a smattering of Benefit Term codes.",
  "copyright": "This is an example set.",
  "caseSensitive": true,
  "valueSet": "http://hl7.org/fhir/ValueSet/benefit-term",
  "content": "complete",
  "concept": [
    {
      "code": "annual",
      "display": "Annual",
      "definition": "Annual, renewing on the anniversary"
    },
    {
      "code": "day",
      "display": "Day",
      "definition": "Per day"
    },
    {
      "code": "lifetime",
      "display": "Lifetime",
      "definition": "For the total term, lifetime, of the policy or coverage"
    }
  ]
}