{
  "resourceType": "CodeSystem",
  "id": "choice-list-orientation",
  "meta": {
    "lastUpdated": "2016-11-16T22:02:32.937-05:00"
  },
  "text": {
    "status": "generated",
    "div": "<div xmlns=\"http://www.w3.org/1999/xhtml\"><h2>ChoiceListOrientation</h2><div><p>Direction in which lists of question options should be displayed</p>\n</div><p>This code system http://hl7.org/fhir/choice-list-orientation defines the following codes:</p><table class=\"codes\"><tr><td><b>Code</b></td><td><b>Display</b></td><td><b>Definition</b></td></tr><tr><td>horizontal<a name=\"choice-list-orientation-horizontal\"> </a></td><td>Horizontal</td><td>List choices along the horizontal axis</td></tr><tr><td>vertical<a name=\"choice-list-orientation-vertical\"> </a></td><td>Vertical</td><td>List choices down the vertical axis</td></tr></table></div>"
  },
  "url": "http://hl7.org/fhir/choice-list-orientation",
  "identifier": {
    "system": "urn:ietf:rfc:3986",
    "value": "urn:oid:2.16.840.1.113883.4.642.1.429"
  },
  "version": "1.7.0",
  "name": "ChoiceListOrientation",
  "status": "draft",
  "experimental": false,
  "publisher": "HL7 (FHIR Project)",
  "contact": [
    {
      "telecom": [
        {
          "system": "other",
          "value": "http://hl7.org/fhir"
        },
        {
          "system": "email",
          "value": "fhir@lists.hl7.org"
        }
      ]
    }
  ],
  "date": "2016-11-16T22:02:32-05:00",
  "description": "Direction in which lists of question options should be displayed",
  "caseSensitive": true,
  "valueSet": "http://hl7.org/fhir/ValueSet/choice-list-orientation",
  "content": "complete",
  "concept": [
    {
      "code": "horizontal",
      "display": "Horizontal",
      "definition": "List choices along the horizontal axis"
    },
    {
      "code": "vertical",
      "display": "Vertical",
      "definition": "List choices down the vertical axis"
    }
  ]
}