{
  "resourceType": "CodeSystem",
  "id": "digital-media-subtype",
  "meta": {
    "lastUpdated": "2016-12-19T23:17:56.167-05:00",
    "profile": [
      "http://hl7.org/fhir/StructureDefinition/codesystem-shareable-definition"
    ]
  },
  "text": {
    "status": "generated",
    "div": "<div xmlns=\"http://www.w3.org/1999/xhtml\"><h2>Media SubType</h2><div><p>Detailed information about the type of the image - its kind, purpose, or the kind of equipment used to generate it.</p>\n</div><p><b>Copyright Statement:</b> This value set includes content from SNOMED CT, which is copyright © 2002+ International Health Terminology Standards Development Organisation (IHTSDO), and distributed by agreement between IHTSDO and HL7. Implementer use of SNOMED CT is not covered by this agreement.</p><p>This code system http://hl7.org/fhir/media-subtype defines the following codes:</p><table class=\"codes\"><tr><td><b>Code</b></td><td><b>Display</b></td><td><b>Definition</b></td></tr><tr><td>diagram<a name=\"digital-media-subtype-diagram\"> </a></td><td>Diagram</td><td>A diagram. Often used in diagnostic reports</td></tr><tr><td>fax<a name=\"digital-media-subtype-fax\"> </a></td><td>Fax</td><td>A digital record of a fax document</td></tr><tr><td>scan<a name=\"digital-media-subtype-scan\"> </a></td><td>Scanned Document</td><td>A digital scan of a document. This is reserved for when there is not enough metadata to create a document reference</td></tr><tr><td>retina<a name=\"digital-media-subtype-retina\"> </a></td><td>Retina scan</td><td>A retinal image used for identification purposes</td></tr><tr><td>fingerprint<a name=\"digital-media-subtype-fingerprint\"> </a></td><td>Fingerprint</td><td>A finger print scan used for identification purposes</td></tr><tr><td>iris<a name=\"digital-media-subtype-iris\"> </a></td><td>Iris</td><td>An iris scan used for identification purposes</td></tr><tr><td>palm<a name=\"digital-media-subtype-palm\"> </a></td><td>Palm</td><td>A palm scan used for identification purposes</td></tr><tr><td>face<a name=\"digital-media-subtype-face\"> </a></td><td>Face</td><td>A face scan used for identification purposes</td></tr></table></div>"
  },
  "url": "http://hl7.org/fhir/media-subtype",
  "identifier": {
    "system": "urn:ietf:rfc:3986",
    "value": "urn:oid:2.16.840.1.113883.4.642.1.184"
  },
  "version": "1.8.0",
  "name": "Media SubType",
  "status": "draft",
  "experimental": true,
  "publisher": "FHIR Project team",
  "contact": [
    {
      "telecom": [
        {
          "system": "url",
          "value": "http://hl7.org/fhir"
        }
      ]
    }
  ],
  "description": "Detailed information about the type of the image - its kind, purpose, or the kind of equipment used to generate it.",
  "copyright": "This value set includes content from SNOMED CT, which is copyright © 2002+ International Health Terminology Standards Development Organisation (IHTSDO), and distributed by agreement between IHTSDO and HL7. Implementer use of SNOMED CT is not covered by this agreement.",
  "caseSensitive": true,
  "valueSet": "http://hl7.org/fhir/ValueSet/digital-media-subtype",
  "content": "complete",
  "concept": [
    {
      "code": "diagram",
      "display": "Diagram",
      "definition": "A diagram. Often used in diagnostic reports"
    },
    {
      "code": "fax",
      "display": "Fax",
      "definition": "A digital record of a fax document"
    },
    {
      "code": "scan",
      "display": "Scanned Document",
      "definition": "A digital scan of a document. This is reserved for when there is not enough metadata to create a document reference"
    },
    {
      "code": "retina",
      "display": "Retina scan",
      "definition": "A retinal image used for identification purposes"
    },
    {
      "code": "fingerprint",
      "display": "Fingerprint",
      "definition": "A finger print scan used for identification purposes"
    },
    {
      "code": "iris",
      "display": "Iris",
      "definition": "An iris scan used for identification purposes"
    },
    {
      "code": "palm",
      "display": "Palm",
      "definition": "A palm scan used for identification purposes"
    },
    {
      "code": "face",
      "display": "Face",
      "definition": "A face scan used for identification purposes"
    }
  ]
}