{
  "resourceType": "CodeSystem",
  "id": "goal-acceptance-status",
  "meta": {
    "lastUpdated": "2016-12-19T23:17:56.167-05:00"
  },
  "text": {
    "status": "generated",
    "div": "<div xmlns=\"http://www.w3.org/1999/xhtml\"><h2>GoalAcceptanceStatus</h2><div><p>Codes indicating whether the goal has been accepted by a stakeholder</p>\n</div><p>This code system http://hl7.org/fhir/goal-acceptance-status defines the following codes:</p><table class=\"codes\"><tr><td><b>Code</b></td><td><b>Display</b></td><td><b>Definition</b></td></tr><tr><td>agree<a name=\"goal-acceptance-status-agree\"> </a></td><td>Agree</td><td>Stakeholder supports pursuit of the goal</td></tr><tr><td>disagree<a name=\"goal-acceptance-status-disagree\"> </a></td><td>Disagree</td><td>Stakeholder is not in support of the pursuit of the goal</td></tr><tr><td>pending<a name=\"goal-acceptance-status-pending\"> </a></td><td>Pending</td><td>Stakeholder has not yet made a decision on whether they support the goal</td></tr></table></div>"
  },
  "url": "http://hl7.org/fhir/goal-acceptance-status",
  "identifier": {
    "system": "urn:ietf:rfc:3986",
    "value": "urn:oid:2.16.840.1.113883.4.642.1.431"
  },
  "version": "1.8.0",
  "name": "GoalAcceptanceStatus",
  "status": "draft",
  "experimental": false,
  "publisher": "HL7 (FHIR Project)",
  "contact": [
    {
      "telecom": [
        {
          "system": "url",
          "value": "http://hl7.org/fhir"
        },
        {
          "system": "email",
          "value": "fhir@lists.hl7.org"
        }
      ]
    }
  ],
  "date": "2016-12-19T23:17:56-05:00",
  "description": "Codes indicating whether the goal has been accepted by a stakeholder",
  "caseSensitive": true,
  "valueSet": "http://hl7.org/fhir/ValueSet/goal-acceptance-status",
  "content": "complete",
  "concept": [
    {
      "code": "agree",
      "display": "Agree",
      "definition": "Stakeholder supports pursuit of the goal"
    },
    {
      "code": "disagree",
      "display": "Disagree",
      "definition": "Stakeholder is not in support of the pursuit of the goal"
    },
    {
      "code": "pending",
      "display": "Pending",
      "definition": "Stakeholder has not yet made a decision on whether they support the goal"
    }
  ]
}