{
  "resourceType": "CodeSystem",
  "id": "dWebType",
  "meta": {
    "lastUpdated": "2016-11-16T22:02:32.937-05:00"
  },
  "text": {
    "status": "generated",
    "div": "<div xmlns=\"http://www.w3.org/1999/xhtml\"><h2>dWebType</h2><div><p>The type of the service endpoint</p>\n</div><p>This code system http://hl7.org/fhir/dWebType defines the following codes:</p><table class=\"codes\"><tr><td><b>Code</b></td><td><b>Display</b></td><td><b>Definition</b></td></tr><tr><td>WADO-RS<a name=\"dWebType-WADO-RS\"> </a></td><td>WADO-RS</td><td>Web Access to DICOM Persistent Objects - RESTful Services</td></tr><tr><td>WADO-URI<a name=\"dWebType-WADO-URI\"> </a></td><td>WADO-URI</td><td>Web Access to DICOM Persistent Objects - URI</td></tr><tr><td>IID<a name=\"dWebType-IID\"> </a></td><td>IID</td><td>IHE - Invoke Image Display Profile</td></tr></table></div>"
  },
  "url": "http://hl7.org/fhir/dWebType",
  "identifier": {
    "system": "urn:ietf:rfc:3986",
    "value": "urn:oid:2.16.840.1.113883.4.642.1.556"
  },
  "version": "1.7.0",
  "name": "dWebType",
  "status": "draft",
  "experimental": false,
  "publisher": "HL7 (FHIR Project)",
  "contact": [
    {
      "telecom": [
        {
          "system": "other",
          "value": "http://hl7.org/fhir"
        },
        {
          "system": "email",
          "value": "fhir@lists.hl7.org"
        }
      ]
    }
  ],
  "date": "2016-11-16T22:02:32-05:00",
  "description": "The type of the service endpoint",
  "caseSensitive": true,
  "valueSet": "http://hl7.org/fhir/ValueSet/dWebType",
  "content": "complete",
  "concept": [
    {
      "code": "WADO-RS",
      "display": "WADO-RS",
      "definition": "Web Access to DICOM Persistent Objects - RESTful Services"
    },
    {
      "code": "WADO-URI",
      "display": "WADO-URI",
      "definition": "Web Access to DICOM Persistent Objects - URI"
    },
    {
      "code": "IID",
      "display": "IID",
      "definition": "IHE - Invoke Image Display Profile"
    }
  ]
}