{
  "resourceType": "CodeSystem",
  "id": "medication-statement-nottaken",
  "meta": {
    "lastUpdated": "2016-11-16T21:13:00.180-05:00"
  },
  "text": {
    "status": "generated",
    "div": "<div xmlns=\"http://www.w3.org/1999/xhtml\"><h2>MedicationStatementNotTaken</h2><div><p>A coded concept identifying level of certainty if patient has taken or has not taken the medication</p>\n</div><p>This code system http://hl7.org/fhir/medication-statement-nottaken defines the following codes:</p><table class=\"codes\"><tr><td><b>Code</b></td><td><b>Display</b></td><td><b>Definition</b></td></tr><tr><td>y<a name=\"medication-statement-nottaken-y\"> </a></td><td>Yes</td><td>Positive assertion that patient has taken medication</td></tr><tr><td>n<a name=\"medication-statement-nottaken-n\"> </a></td><td>No</td><td>Negative assertion that patient has not taken medication</td></tr><tr><td>unk<a name=\"medication-statement-nottaken-unk\"> </a></td><td>Unknown</td><td>Unknown assertion if patient has taken medication</td></tr></table></div>"
  },
  "url": "http://hl7.org/fhir/medication-statement-nottaken",
  "identifier": {
    "system": "urn:ietf:rfc:3986",
    "value": "urn:oid:2.16.840.1.113883.4.642.1.0"
  },
  "version": "1.7.0",
  "name": "MedicationStatementNotTaken",
  "status": "draft",
  "experimental": false,
  "publisher": "HL7 (FHIR Project)",
  "contact": [
    {
      "telecom": [
        {
          "system": "other",
          "value": "http://hl7.org/fhir"
        },
        {
          "system": "email",
          "value": "fhir@lists.hl7.org"
        }
      ]
    }
  ],
  "date": "2016-11-16T21:13:00-05:00",
  "description": "A coded concept identifying level of certainty if patient has taken or has not taken the medication",
  "caseSensitive": true,
  "valueSet": "http://hl7.org/fhir/ValueSet/medication-statement-nottaken",
  "content": "complete",
  "concept": [
    {
      "code": "y",
      "display": "Yes",
      "definition": "Positive assertion that patient has taken medication"
    },
    {
      "code": "n",
      "display": "No",
      "definition": "Negative assertion that patient has not taken medication"
    },
    {
      "code": "unk",
      "display": "Unknown",
      "definition": "Unknown assertion if patient has taken medication"
    }
  ]
}