{
  "resourceType": "CodeSystem",
  "id": "episode-of-care-status",
  "meta": {
    "lastUpdated": "2016-12-19T23:17:56.167-05:00"
  },
  "text": {
    "status": "generated",
    "div": "<div xmlns=\"http://www.w3.org/1999/xhtml\"><h2>EpisodeOfCareStatus</h2><div><p>The status of the episode of care.</p>\n</div><p>This code system http://hl7.org/fhir/episode-of-care-status defines the following codes:</p><table class=\"codes\"><tr><td><b>Code</b></td><td><b>Display</b></td><td><b>Definition</b></td></tr><tr><td>planned<a name=\"episode-of-care-status-planned\"> </a></td><td>Planned</td><td>This episode of care is planned to start at the date specified in the period.start. During this status an organization may perform assessments to determine if they are eligible to receive services, or be organizing to make resources available to provide care services.</td></tr><tr><td>waitlist<a name=\"episode-of-care-status-waitlist\"> </a></td><td>Waitlist</td><td>This episode has been placed on a waitlist, pending the episode being made active (or cancelled).</td></tr><tr><td>active<a name=\"episode-of-care-status-active\"> </a></td><td>Active</td><td>This episode of care is current.</td></tr><tr><td>onhold<a name=\"episode-of-care-status-onhold\"> </a></td><td>On Hold</td><td>This episode of care is on hold, the organization has limited responsibility for the patient (such as while on respite).</td></tr><tr><td>finished<a name=\"episode-of-care-status-finished\"> </a></td><td>Finished</td><td>This episode of care is finished at the organization is not expecting to be providing care to the patient. Can also be known as &quot;closed&quot;, &quot;completed&quot; or other similar terms.</td></tr><tr><td>cancelled<a name=\"episode-of-care-status-cancelled\"> </a></td><td>Cancelled</td><td>The episode of care was cancelled, or withdrawn from service, often selected during the planned stage as the patient may have gone elsewhere, or the circumstances have changed and the organization is unable to provide the care. It indicates that services terminated outside the planned/expected workflow.</td></tr><tr><td>entered-in-error<a name=\"episode-of-care-status-entered-in-error\"> </a></td><td>Entered in Error</td><td>This instance should not have been part of this patient's medical record.</td></tr></table></div>"
  },
  "url": "http://hl7.org/fhir/episode-of-care-status",
  "identifier": {
    "system": "urn:ietf:rfc:3986",
    "value": "urn:oid:2.16.840.1.113883.4.642.1.346"
  },
  "version": "1.8.0",
  "name": "EpisodeOfCareStatus",
  "status": "draft",
  "experimental": false,
  "publisher": "HL7 (FHIR Project)",
  "contact": [
    {
      "telecom": [
        {
          "system": "url",
          "value": "http://hl7.org/fhir"
        },
        {
          "system": "email",
          "value": "fhir@lists.hl7.org"
        }
      ]
    }
  ],
  "date": "2016-12-19T23:17:56-05:00",
  "description": "The status of the episode of care.",
  "caseSensitive": true,
  "valueSet": "http://hl7.org/fhir/ValueSet/episode-of-care-status",
  "content": "complete",
  "concept": [
    {
      "code": "planned",
      "display": "Planned",
      "definition": "This episode of care is planned to start at the date specified in the period.start. During this status an organization may perform assessments to determine if they are eligible to receive services, or be organizing to make resources available to provide care services."
    },
    {
      "code": "waitlist",
      "display": "Waitlist",
      "definition": "This episode has been placed on a waitlist, pending the episode being made active (or cancelled)."
    },
    {
      "code": "active",
      "display": "Active",
      "definition": "This episode of care is current."
    },
    {
      "code": "onhold",
      "display": "On Hold",
      "definition": "This episode of care is on hold, the organization has limited responsibility for the patient (such as while on respite)."
    },
    {
      "code": "finished",
      "display": "Finished",
      "definition": "This episode of care is finished at the organization is not expecting to be providing care to the patient. Can also be known as \"closed\", \"completed\" or other similar terms."
    },
    {
      "code": "cancelled",
      "display": "Cancelled",
      "definition": "The episode of care was cancelled, or withdrawn from service, often selected during the planned stage as the patient may have gone elsewhere, or the circumstances have changed and the organization is unable to provide the care. It indicates that services terminated outside the planned/expected workflow."
    },
    {
      "code": "entered-in-error",
      "display": "Entered in Error",
      "definition": "This instance should not have been part of this patient's medical record."
    }
  ]
}