{
  "resourceType": "CodeSystem",
  "id": "forms",
  "meta": {
    "lastUpdated": "2016-11-16T21:13:00.180-05:00",
    "profile": [
      "http://hl7.org/fhir/StructureDefinition/codesystem-shareable-definition"
    ]
  },
  "text": {
    "status": "generated",
    "div": "<div xmlns=\"http://www.w3.org/1999/xhtml\"><h2>Form Codes</h2><div><p>This value set includes a sample set of Forms codes.</p>\n</div><p><b>Copyright Statement:</b> This is an example set.</p><p>This code system http://hl7.org/fhir/forms-codes defines the following codes:</p><table class=\"codes\"><tr><td><b>Code</b></td><td><b>Definition</b></td></tr><tr><td>1<a name=\"forms-1\"> </a></td><td/></tr><tr><td>2<a name=\"forms-2\"> </a></td><td/></tr></table></div>"
  },
  "url": "http://hl7.org/fhir/forms-codes",
  "identifier": {
    "system": "urn:ietf:rfc:3986",
    "value": "urn:oid:2.16.840.1.113883.4.642.1.forms"
  },
  "version": "1.7.0",
  "name": "Form Codes",
  "status": "draft",
  "experimental": true,
  "publisher": "Financial Management",
  "contact": [
    {
      "telecom": [
        {
          "system": "other",
          "value": "http://hl7.org/fhir"
        }
      ]
    }
  ],
  "description": "This value set includes a sample set of Forms codes.",
  "copyright": "This is an example set.",
  "caseSensitive": true,
  "valueSet": "http://hl7.org/fhir/ValueSet/forms",
  "content": "complete",
  "concept": [
    {
      "code": "1"
    },
    {
      "code": "2"
    }
  ]
}