{
  "resourceType": "CodeSystem",
  "id": "oral-prosthodontic-material",
  "meta": {
    "lastUpdated": "2016-11-16T22:02:32.937-05:00",
    "profile": [
      "http://hl7.org/fhir/StructureDefinition/codesystem-shareable-definition"
    ]
  },
  "text": {
    "status": "generated",
    "div": "<div xmlns=\"http://www.w3.org/1999/xhtml\"><h2>Oral Prostho Material type Codes</h2><div><p>This value set includes sample Oral Prosthodontic Material type codes.</p>\n</div><p><b>Copyright Statement:</b> This is an example set.</p><p>This code system http://hl7.org/fhir/ex-oralprostho defines the following codes:</p><table class=\"codes\"><tr><td><b>Code</b></td><td><b>Display</b></td><td><b>Definition</b></td></tr><tr><td>1<a name=\"oral-prosthodontic-material-1\"> </a></td><td>Fixed Bridge</td><td>Fixed Bridge</td></tr><tr><td>2<a name=\"oral-prosthodontic-material-2\"> </a></td><td>Maryland Bridge</td><td>Maryland Bridge</td></tr><tr><td>3<a name=\"oral-prosthodontic-material-3\"> </a></td><td>Denture Acrylic</td><td>Denture Acrylic</td></tr><tr><td>4<a name=\"oral-prosthodontic-material-4\"> </a></td><td>Denture Chrome Cobalt</td><td>Denture Chrome Cobalt</td></tr></table></div>"
  },
  "url": "http://hl7.org/fhir/ex-oralprostho",
  "identifier": {
    "system": "urn:ietf:rfc:3986",
    "value": "urn:oid:2.16.840.1.113883.4.642.1.312"
  },
  "version": "1.7.0",
  "name": "Oral Prostho Material type Codes",
  "status": "draft",
  "experimental": true,
  "publisher": "Financial Management",
  "contact": [
    {
      "telecom": [
        {
          "system": "other",
          "value": "http://hl7.org/fhir"
        }
      ]
    }
  ],
  "description": "This value set includes sample Oral Prosthodontic Material type codes.",
  "copyright": "This is an example set.",
  "caseSensitive": true,
  "valueSet": "http://hl7.org/fhir/ValueSet/oral-prosthodontic-material",
  "content": "complete",
  "concept": [
    {
      "code": "1",
      "display": "Fixed Bridge",
      "definition": "Fixed Bridge"
    },
    {
      "code": "2",
      "display": "Maryland Bridge",
      "definition": "Maryland Bridge"
    },
    {
      "code": "3",
      "display": "Denture Acrylic",
      "definition": "Denture Acrylic"
    },
    {
      "code": "4",
      "display": "Denture Chrome Cobalt",
      "definition": "Denture Chrome Cobalt"
    }
  ]
}