{
  "resourceType": "CodeSystem",
  "id": "surface",
  "meta": {
    "lastUpdated": "2016-12-07T14:18:58.982-05:00",
    "profile": [
      "http://hl7.org/fhir/StructureDefinition/codesystem-shareable-definition"
    ]
  },
  "text": {
    "status": "generated",
    "div": "<div xmlns=\"http://www.w3.org/1999/xhtml\"><h2>Surface Codes</h2><div><p>This value set includes a smattering of FDI tooth surface codes.</p>\n</div><p><b>Copyright Statement:</b> This is an example set.</p><p>This code system http://hl7.org/fhir/FDI-surface defines the following codes:</p><table class=\"codes\"><tr><td><b>Code</b></td><td><b>Display</b></td><td><b>Definition</b></td></tr><tr><td>M<a name=\"surface-M\"> </a></td><td>Mesial</td><td>The surface of a tooth that is closest to the midline (middle) of the face.</td></tr><tr><td>O<a name=\"surface-O\"> </a></td><td>Occlusal</td><td>The chewing surface of posterior teeth.</td></tr><tr><td>I<a name=\"surface-I\"> </a></td><td>Incisal</td><td>The biting edge of anterior teeth.</td></tr><tr><td>D<a name=\"surface-D\"> </a></td><td>Distal</td><td>The surface of a tooth that faces away from the midline of the face.</td></tr><tr><td>B<a name=\"surface-B\"> </a></td><td>Buccal</td><td>The surface of a posterior tooth facing the cheeks.</td></tr><tr><td>V<a name=\"surface-V\"> </a></td><td>Ventral</td><td>The surface of a tooth facing the lips.</td></tr><tr><td>L<a name=\"surface-L\"> </a></td><td>Lingual</td><td>The surface of a tooth facing the tongue.</td></tr><tr><td>MO<a name=\"surface-MO\"> </a></td><td>Mesioclusal</td><td>The Mesioclusal surfaces of a tooth.</td></tr><tr><td>DO<a name=\"surface-DO\"> </a></td><td>Distoclusal</td><td>The Distoclusal surfaces of a tooth.</td></tr><tr><td>DI<a name=\"surface-DI\"> </a></td><td>Distoincisal</td><td>The Distoincisal surfaces of a tooth.</td></tr><tr><td>MOD<a name=\"surface-MOD\"> </a></td><td>Mesioclusodistal</td><td>The Mesioclusodistal surfaces of a tooth.</td></tr></table></div>"
  },
  "url": "http://hl7.org/fhir/FDI-surface",
  "identifier": {
    "system": "urn:ietf:rfc:3986",
    "value": "urn:oid:2.16.840.1.113883.4.642.1.316"
  },
  "version": "1.8.0",
  "name": "Surface Codes",
  "status": "draft",
  "experimental": true,
  "publisher": "Financial Management",
  "contact": [
    {
      "telecom": [
        {
          "system": "url",
          "value": "http://hl7.org/fhir"
        }
      ]
    }
  ],
  "description": "This value set includes a smattering of FDI tooth surface codes.",
  "copyright": "This is an example set.",
  "caseSensitive": true,
  "valueSet": "http://hl7.org/fhir/ValueSet/surface",
  "content": "complete",
  "concept": [
    {
      "code": "M",
      "display": "Mesial",
      "definition": "The surface of a tooth that is closest to the midline (middle) of the face."
    },
    {
      "code": "O",
      "display": "Occlusal",
      "definition": "The chewing surface of posterior teeth."
    },
    {
      "code": "I",
      "display": "Incisal",
      "definition": "The biting edge of anterior teeth."
    },
    {
      "code": "D",
      "display": "Distal",
      "definition": "The surface of a tooth that faces away from the midline of the face."
    },
    {
      "code": "B",
      "display": "Buccal",
      "definition": "The surface of a posterior tooth facing the cheeks."
    },
    {
      "code": "V",
      "display": "Ventral",
      "definition": "The surface of a tooth facing the lips."
    },
    {
      "code": "L",
      "display": "Lingual",
      "definition": "The surface of a tooth facing the tongue."
    },
    {
      "code": "MO",
      "display": "Mesioclusal",
      "definition": "The Mesioclusal surfaces of a tooth."
    },
    {
      "code": "DO",
      "display": "Distoclusal",
      "definition": "The Distoclusal surfaces of a tooth."
    },
    {
      "code": "DI",
      "display": "Distoincisal",
      "definition": "The Distoincisal surfaces of a tooth."
    },
    {
      "code": "MOD",
      "display": "Mesioclusodistal",
      "definition": "The Mesioclusodistal surfaces of a tooth."
    }
  ]
}