{
  "resourceType": "CodeSystem",
  "id": "fundsreserve",
  "meta": {
    "lastUpdated": "2016-11-16T23:52:25.144-05:00",
    "profile": [
      "http://hl7.org/fhir/StructureDefinition/codesystem-shareable-definition"
    ]
  },
  "text": {
    "status": "generated",
    "div": "<div xmlns=\"http://www.w3.org/1999/xhtml\"><h2>Funds Reservation Codes</h2><div><p>This value set includes sample funds reservation type codes.</p>\n</div><p><b>Copyright Statement:</b> This is an example set.</p><p>This code system http://hl7.org/fhir/fundsreserve defines the following codes:</p><table class=\"codes\"><tr><td><b>Code</b></td><td><b>Definition</b></td></tr><tr><td>patient<a name=\"fundsreserve-patient\"> </a></td><td/></tr><tr><td>provider<a name=\"fundsreserve-provider\"> </a></td><td/></tr><tr><td>none<a name=\"fundsreserve-none\"> </a></td><td/></tr></table></div>"
  },
  "url": "http://hl7.org/fhir/fundsreserve",
  "identifier": {
    "system": "urn:ietf:rfc:3986",
    "value": "urn:oid:2.16.840.1.113883.4.642.1.fundsreserve"
  },
  "version": "1.7.0",
  "name": "Funds Reservation Codes",
  "status": "draft",
  "experimental": true,
  "publisher": "Financial Management",
  "contact": [
    {
      "telecom": [
        {
          "system": "other",
          "value": "http://hl7.org/fhir"
        }
      ]
    }
  ],
  "description": "This value set includes sample funds reservation type codes.",
  "copyright": "This is an example set.",
  "caseSensitive": true,
  "valueSet": "http://hl7.org/fhir/ValueSet/fundsreserve",
  "content": "complete",
  "concept": [
    {
      "code": "patient"
    },
    {
      "code": "provider"
    },
    {
      "code": "none"
    }
  ]
}