{
  "resourceType": "CodeSystem",
  "id": "service-uscls",
  "meta": {
    "lastUpdated": "2016-12-07T14:18:58.982-05:00",
    "profile": [
      "http://hl7.org/fhir/StructureDefinition/codesystem-shareable-definition"
    ]
  },
  "text": {
    "status": "generated",
    "div": "<div xmlns=\"http://www.w3.org/1999/xhtml\"><h2>USCLS Codes</h2><div><p>This value set includes a smattering of USCLS codes.</p>\n</div><p><b>Copyright Statement:</b> This is an example set.</p><p>This code system http://hl7.org/fhir/ex-USCLS defines the following codes:</p><table class=\"codes\"><tr><td><b>Code</b></td><td><b>Display</b></td><td><b>Definition</b></td></tr><tr><td>1101<a name=\"service-uscls-1101\"> </a></td><td>Exam, comp, primary</td><td>Exam, comp, primary</td></tr><tr><td>1102<a name=\"service-uscls-1102\"> </a></td><td>Exam, comp, mixed</td><td>Exam, comp, mixed</td></tr><tr><td>1103<a name=\"service-uscls-1103\"> </a></td><td>Exam, comp, permanent</td><td>Exam, comp, permanent</td></tr><tr><td>1201<a name=\"service-uscls-1201\"> </a></td><td>Exam, recall</td><td>Exam, recall</td></tr><tr><td>1205<a name=\"service-uscls-1205\"> </a></td><td>Exam, emergency</td><td>Exam, emergency</td></tr><tr><td>2101<a name=\"service-uscls-2101\"> </a></td><td>Radiograph, series (12)</td><td>Radiograph, series (12)</td></tr><tr><td>2102<a name=\"service-uscls-2102\"> </a></td><td>Radiograph, series (16)</td><td>Radiograph, series (16)</td></tr><tr><td>2141<a name=\"service-uscls-2141\"> </a></td><td>Radiograph, bytewing</td><td>Radiograph, bytewing</td></tr><tr><td>2601<a name=\"service-uscls-2601\"> </a></td><td>Radiograph, panoramic</td><td>Radiograph, panoramic</td></tr><tr><td>11101<a name=\"service-uscls-11101\"> </a></td><td>Polishing, 1 unit</td><td>Polishing, 1 unit</td></tr><tr><td>11102<a name=\"service-uscls-11102\"> </a></td><td>Polishing, 2 unit</td><td>Polishing, 2 unit</td></tr><tr><td>11103<a name=\"service-uscls-11103\"> </a></td><td>Polishing, 3 unit</td><td>Polishing, 3 unit</td></tr><tr><td>11104<a name=\"service-uscls-11104\"> </a></td><td>Polishing, 4 unit</td><td>Polishing, 4 unit</td></tr><tr><td>21211<a name=\"service-uscls-21211\"> </a></td><td>Amalgam, 1 surface</td><td>Amalgam, 1 surface</td></tr><tr><td>21212<a name=\"service-uscls-21212\"> </a></td><td>Amalgam, 2 surface</td><td>Amalgam, 2 surface</td></tr><tr><td>27211<a name=\"service-uscls-27211\"> </a></td><td>Crown, PFM</td><td>Crown, PFM</td></tr><tr><td>99111<a name=\"service-uscls-99111\"> </a></td><td>Lab, commercial</td><td>Lab, commercial</td></tr><tr><td>99333<a name=\"service-uscls-99333\"> </a></td><td>Lab, in office</td><td>Lab, in office</td></tr><tr><td>99555<a name=\"service-uscls-99555\"> </a></td><td>Expense</td><td>Expense</td></tr></table></div>"
  },
  "url": "http://hl7.org/fhir/ex-USCLS",
  "identifier": {
    "system": "urn:ietf:rfc:3986",
    "value": "urn:oid:2.16.840.1.113883.4.642.1.314"
  },
  "version": "1.8.0",
  "name": "USCLS Codes",
  "status": "draft",
  "experimental": true,
  "publisher": "FHIR Project team",
  "contact": [
    {
      "telecom": [
        {
          "system": "url",
          "value": "http://hl7.org/fhir"
        }
      ]
    }
  ],
  "description": "This value set includes a smattering of USCLS codes.",
  "copyright": "This is an example set.",
  "caseSensitive": true,
  "valueSet": "http://hl7.org/fhir/ValueSet/service-uscls",
  "content": "complete",
  "concept": [
    {
      "code": "1101",
      "display": "Exam, comp, primary",
      "definition": "Exam, comp, primary"
    },
    {
      "code": "1102",
      "display": "Exam, comp, mixed",
      "definition": "Exam, comp, mixed"
    },
    {
      "code": "1103",
      "display": "Exam, comp, permanent",
      "definition": "Exam, comp, permanent"
    },
    {
      "code": "1201",
      "display": "Exam, recall",
      "definition": "Exam, recall"
    },
    {
      "code": "1205",
      "display": "Exam, emergency",
      "definition": "Exam, emergency"
    },
    {
      "code": "2101",
      "display": "Radiograph, series (12)",
      "definition": "Radiograph, series (12)"
    },
    {
      "code": "2102",
      "display": "Radiograph, series (16)",
      "definition": "Radiograph, series (16)"
    },
    {
      "code": "2141",
      "display": "Radiograph, bytewing",
      "definition": "Radiograph, bytewing"
    },
    {
      "code": "2601",
      "display": "Radiograph, panoramic",
      "definition": "Radiograph, panoramic"
    },
    {
      "code": "11101",
      "display": "Polishing, 1 unit",
      "definition": "Polishing, 1 unit"
    },
    {
      "code": "11102",
      "display": "Polishing, 2 unit",
      "definition": "Polishing, 2 unit"
    },
    {
      "code": "11103",
      "display": "Polishing, 3 unit",
      "definition": "Polishing, 3 unit"
    },
    {
      "code": "11104",
      "display": "Polishing, 4 unit",
      "definition": "Polishing, 4 unit"
    },
    {
      "code": "21211",
      "display": "Amalgam, 1 surface",
      "definition": "Amalgam, 1 surface"
    },
    {
      "code": "21212",
      "display": "Amalgam, 2 surface",
      "definition": "Amalgam, 2 surface"
    },
    {
      "code": "27211",
      "display": "Crown, PFM",
      "definition": "Crown, PFM"
    },
    {
      "code": "99111",
      "display": "Lab, commercial",
      "definition": "Lab, commercial"
    },
    {
      "code": "99333",
      "display": "Lab, in office",
      "definition": "Lab, in office"
    },
    {
      "code": "99555",
      "display": "Expense",
      "definition": "Expense"
    }
  ]
}