{
  "resourceType": "CodeSystem",
  "id": "activity-definition-category",
  "meta": {
    "lastUpdated": "2016-12-19T23:17:56.167-05:00"
  },
  "text": {
    "status": "generated",
    "div": "<div xmlns=\"http://www.w3.org/1999/xhtml\"><h2>ActivityDefinitionCategory</h2><div><p>High-level categorization of the type of activity in a protocol.</p>\n</div><p>This code system http://hl7.org/fhir/activity-definition-category defines the following codes:</p><table class=\"codes\"><tr><td><b>Code</b></td><td><b>Display</b></td><td><b>Definition</b></td></tr><tr><td>communication<a name=\"activity-definition-category-communication\"> </a></td><td>Communication</td><td>To communicate with a participant in some way</td></tr><tr><td>device<a name=\"activity-definition-category-device\"> </a></td><td>Device</td><td>To use a specific device</td></tr><tr><td>diagnostic<a name=\"activity-definition-category-diagnostic\"> </a></td><td>Diagnostic</td><td>To perform a particular diagnostic</td></tr><tr><td>diet<a name=\"activity-definition-category-diet\"> </a></td><td>Diet</td><td>To consume food of a specified nature</td></tr><tr><td>drug<a name=\"activity-definition-category-drug\"> </a></td><td>Drug</td><td>To consume/receive a drug or other product</td></tr><tr><td>encounter<a name=\"activity-definition-category-encounter\"> </a></td><td>Encounter</td><td>To meet with the patient (in-patient, out-patient, etc.)</td></tr><tr><td>immunization<a name=\"activity-definition-category-immunization\"> </a></td><td>Immunization</td><td>To administer a particular immunization</td></tr><tr><td>observation<a name=\"activity-definition-category-observation\"> </a></td><td>Observation</td><td>To capture information about a patient (vitals, labs, etc.)</td></tr><tr><td>procedure<a name=\"activity-definition-category-procedure\"> </a></td><td>Procedure</td><td>To modify the patient in some way (surgery, physiotherapy, education, counseling, etc.)</td></tr><tr><td>referral<a name=\"activity-definition-category-referral\"> </a></td><td>Referral</td><td>To refer the patient to receive some service</td></tr><tr><td>supply<a name=\"activity-definition-category-supply\"> </a></td><td>Supply</td><td>To provide something to the patient (medication, medical supply, etc.)</td></tr><tr><td>vision<a name=\"activity-definition-category-vision\"> </a></td><td>Vision</td><td>To receive a particular vision correction device</td></tr><tr><td>other<a name=\"activity-definition-category-other\"> </a></td><td>Other</td><td>Some other form of action</td></tr></table></div>"
  },
  "url": "http://hl7.org/fhir/activity-definition-category",
  "identifier": {
    "system": "urn:ietf:rfc:3986",
    "value": "urn:oid:2.16.840.1.113883.4.642.1.546"
  },
  "version": "1.8.0",
  "name": "ActivityDefinitionCategory",
  "status": "draft",
  "experimental": false,
  "publisher": "HL7 (FHIR Project)",
  "contact": [
    {
      "telecom": [
        {
          "system": "url",
          "value": "http://hl7.org/fhir"
        },
        {
          "system": "email",
          "value": "fhir@lists.hl7.org"
        }
      ]
    }
  ],
  "date": "2016-12-19T23:17:56-05:00",
  "description": "High-level categorization of the type of activity in a protocol.",
  "caseSensitive": true,
  "valueSet": "http://hl7.org/fhir/ValueSet/activity-definition-category",
  "content": "complete",
  "concept": [
    {
      "code": "communication",
      "display": "Communication",
      "definition": "To communicate with a participant in some way"
    },
    {
      "code": "device",
      "display": "Device",
      "definition": "To use a specific device"
    },
    {
      "code": "diagnostic",
      "display": "Diagnostic",
      "definition": "To perform a particular diagnostic"
    },
    {
      "code": "diet",
      "display": "Diet",
      "definition": "To consume food of a specified nature"
    },
    {
      "code": "drug",
      "display": "Drug",
      "definition": "To consume/receive a drug or other product"
    },
    {
      "code": "encounter",
      "display": "Encounter",
      "definition": "To meet with the patient (in-patient, out-patient, etc.)"
    },
    {
      "code": "immunization",
      "display": "Immunization",
      "definition": "To administer a particular immunization"
    },
    {
      "code": "observation",
      "display": "Observation",
      "definition": "To capture information about a patient (vitals, labs, etc.)"
    },
    {
      "code": "procedure",
      "display": "Procedure",
      "definition": "To modify the patient in some way (surgery, physiotherapy, education, counseling, etc.)"
    },
    {
      "code": "referral",
      "display": "Referral",
      "definition": "To refer the patient to receive some service"
    },
    {
      "code": "supply",
      "display": "Supply",
      "definition": "To provide something to the patient (medication, medical supply, etc.)"
    },
    {
      "code": "vision",
      "display": "Vision",
      "definition": "To receive a particular vision correction device"
    },
    {
      "code": "other",
      "display": "Other",
      "definition": "Some other form of action"
    }
  ]
}