{
  "resourceType": "CodeSystem",
  "id": "request-stage",
  "meta": {
    "lastUpdated": "2016-11-16T23:52:25.144-05:00"
  },
  "text": {
    "status": "generated",
    "div": "<div xmlns=\"http://www.w3.org/1999/xhtml\"><h2>RequestStage</h2><div><p>The kind of request.</p>\n</div><p>This code system http://hl7.org/fhir/request-stage defines the following codes:</p><table class=\"codes\"><tr><td><b>Code</b></td><td><b>Display</b></td><td><b>Definition</b></td></tr><tr><td>proposal<a name=\"request-stage-proposal\"> </a></td><td>Proposal</td><td>The request is a proposal</td></tr><tr><td>plan<a name=\"request-stage-plan\"> </a></td><td>Plan</td><td>The request is a plan</td></tr><tr><td>original-order<a name=\"request-stage-original-order\"> </a></td><td>Original Order</td><td>The request is an order.</td></tr><tr><td>encoded<a name=\"request-stage-encoded\"> </a></td><td>Encoded</td><td>Represents an order created by a fulfiller as a representation of the specific action(s) they intend to take to fulfill the original order.  Typically these orders are more fully encoded than the original placer order.</td></tr><tr><td>reflex-order<a name=\"request-stage-reflex-order\"> </a></td><td>Reflex Order</td><td>Represents a separate order created by a fulfiller as result of fulfilment of an order.</td></tr></table></div>"
  },
  "url": "http://hl7.org/fhir/request-stage",
  "name": "RequestStage",
  "status": "draft",
  "description": "The kind of request.",
  "caseSensitive": true,
  "valueSet": "http://hl7.org/fhir/ValueSet/request-stage",
  "content": "complete",
  "concept": [
    {
      "code": "proposal",
      "display": "Proposal",
      "definition": "The request is a proposal"
    },
    {
      "code": "plan",
      "display": "Plan",
      "definition": "The request is a plan"
    },
    {
      "code": "original-order",
      "display": "Original Order",
      "definition": "The request is an order."
    },
    {
      "code": "encoded",
      "display": "Encoded",
      "definition": "Represents an order created by a fulfiller as a representation of the specific action(s) they intend to take to fulfill the original order.  Typically these orders are more fully encoded than the original placer order."
    },
    {
      "code": "reflex-order",
      "display": "Reflex Order",
      "definition": "Represents a separate order created by a fulfiller as result of fulfilment of an order."
    }
  ]
}