{
  "resourceType": "CodeSystem",
  "id": "benefit-unit",
  "meta": {
    "lastUpdated": "2016-11-16T23:52:25.144-05:00",
    "profile": [
      "http://hl7.org/fhir/StructureDefinition/codesystem-shareable-definition"
    ]
  },
  "text": {
    "status": "generated",
    "div": "<div xmlns=\"http://www.w3.org/1999/xhtml\"><h2>Unit Type Codes</h2><div><p>This value set includes a smattering of Unit type codes.</p>\n</div><p><b>Copyright Statement:</b> This is an example set.</p><p>This code system http://hl7.org/fhir/benefit-unit defines the following codes:</p><table class=\"codes\"><tr><td><b>Code</b></td><td><b>Display</b></td><td><b>Definition</b></td></tr><tr><td>individual<a name=\"benefit-unit-individual\"> </a></td><td>Individual</td><td>A single individual</td></tr><tr><td>family<a name=\"benefit-unit-family\"> </a></td><td>Family</td><td>A family, typically includes self, spous(s) and children to a defined age</td></tr></table></div>"
  },
  "url": "http://hl7.org/fhir/benefit-unit",
  "identifier": {
    "system": "urn:ietf:rfc:3986",
    "value": "urn:oid:2.16.840.1.113883.4.642.1.485"
  },
  "version": "1.7.0",
  "name": "Unit Type Codes",
  "status": "draft",
  "experimental": true,
  "publisher": "Financial Management",
  "contact": [
    {
      "telecom": [
        {
          "system": "other",
          "value": "http://hl7.org/fhir"
        }
      ]
    }
  ],
  "description": "This value set includes a smattering of Unit type codes.",
  "copyright": "This is an example set.",
  "caseSensitive": true,
  "valueSet": "http://hl7.org/fhir/ValueSet/benefit-unit",
  "content": "complete",
  "concept": [
    {
      "code": "individual",
      "display": "Individual",
      "definition": "A single individual"
    },
    {
      "code": "family",
      "display": "Family",
      "definition": "A family, typically includes self, spous(s) and children to a defined age"
    }
  ]
}