{
  "resourceType": "CodeSystem",
  "id": "address-type",
  "meta": {
    "lastUpdated": "2016-12-07T14:18:58.982-05:00"
  },
  "text": {
    "status": "generated",
    "div": "<div xmlns=\"http://www.w3.org/1999/xhtml\"><h2>AddressType</h2><div><p>The type of an address (physical / postal)</p>\n</div><p>This code system http://hl7.org/fhir/address-type defines the following codes:</p><table class=\"codes\"><tr><td><b>Code</b></td><td><b>Display</b></td><td><b>Definition</b></td></tr><tr><td>postal<a name=\"address-type-postal\"> </a></td><td>Postal</td><td>Mailing addresses - PO Boxes and care-of addresses.</td></tr><tr><td>physical<a name=\"address-type-physical\"> </a></td><td>Physical</td><td>A physical address that can be visited.</td></tr><tr><td>both<a name=\"address-type-both\"> </a></td><td>Postal &amp; Physical</td><td>An address that is both physical and postal.</td></tr></table></div>"
  },
  "url": "http://hl7.org/fhir/address-type",
  "identifier": {
    "system": "urn:ietf:rfc:3986",
    "value": "urn:oid:2.16.840.1.113883.4.642.1.38"
  },
  "version": "1.8.0",
  "name": "AddressType",
  "status": "draft",
  "experimental": false,
  "publisher": "HL7 (FHIR Project)",
  "contact": [
    {
      "telecom": [
        {
          "system": "url",
          "value": "http://hl7.org/fhir"
        },
        {
          "system": "email",
          "value": "fhir@lists.hl7.org"
        }
      ]
    }
  ],
  "date": "2016-12-07T14:18:58-05:00",
  "description": "The type of an address (physical / postal)",
  "caseSensitive": true,
  "valueSet": "http://hl7.org/fhir/ValueSet/address-type",
  "content": "complete",
  "concept": [
    {
      "code": "postal",
      "display": "Postal",
      "definition": "Mailing addresses - PO Boxes and care-of addresses."
    },
    {
      "code": "physical",
      "display": "Physical",
      "definition": "A physical address that can be visited."
    },
    {
      "code": "both",
      "display": "Postal & Physical",
      "definition": "An address that is both physical and postal."
    }
  ]
}