{
  "resourceType": "CodeSystem",
  "id": "medication-dispense-status",
  "meta": {
    "lastUpdated": "2016-11-16T23:52:25.144-05:00"
  },
  "text": {
    "status": "generated",
    "div": "<div xmlns=\"http://www.w3.org/1999/xhtml\"><h2>MedicationDispenseStatus</h2><div><p>A coded concept specifying the state of the dispense event.</p>\n</div><p>This code system http://hl7.org/fhir/medication-dispense-status defines the following codes:</p><table class=\"codes\"><tr><td><b>Code</b></td><td><b>Display</b></td><td><b>Definition</b></td></tr><tr><td>in-progress<a name=\"medication-dispense-status-in-progress\"> </a></td><td>In Progress</td><td>The dispense has started but has not yet completed.</td></tr><tr><td>on-hold<a name=\"medication-dispense-status-on-hold\"> </a></td><td>On Hold</td><td>Actions implied by the administration have been temporarily halted, but are expected to continue later. May also be called &quot;suspended&quot;</td></tr><tr><td>completed<a name=\"medication-dispense-status-completed\"> </a></td><td>Completed</td><td>All actions that are implied by the dispense have occurred.</td></tr><tr><td>entered-in-error<a name=\"medication-dispense-status-entered-in-error\"> </a></td><td>Entered in-Error</td><td>The dispense was entered in error and therefore nullified.</td></tr><tr><td>stopped<a name=\"medication-dispense-status-stopped\"> </a></td><td>Stopped</td><td>Actions implied by the dispense have been permanently halted, before all of them occurred.</td></tr></table></div>"
  },
  "url": "http://hl7.org/fhir/medication-dispense-status",
  "identifier": {
    "system": "urn:ietf:rfc:3986",
    "value": "urn:oid:2.16.840.1.113883.4.642.1.192"
  },
  "version": "1.7.0",
  "name": "MedicationDispenseStatus",
  "status": "draft",
  "experimental": false,
  "publisher": "HL7 (FHIR Project)",
  "contact": [
    {
      "telecom": [
        {
          "system": "other",
          "value": "http://hl7.org/fhir"
        },
        {
          "system": "email",
          "value": "fhir@lists.hl7.org"
        }
      ]
    }
  ],
  "date": "2016-11-16T23:52:25-05:00",
  "description": "A coded concept specifying the state of the dispense event.",
  "caseSensitive": true,
  "valueSet": "http://hl7.org/fhir/ValueSet/medication-dispense-status",
  "content": "complete",
  "concept": [
    {
      "code": "in-progress",
      "display": "In Progress",
      "definition": "The dispense has started but has not yet completed."
    },
    {
      "code": "on-hold",
      "display": "On Hold",
      "definition": "Actions implied by the administration have been temporarily halted, but are expected to continue later. May also be called \"suspended\""
    },
    {
      "code": "completed",
      "display": "Completed",
      "definition": "All actions that are implied by the dispense have occurred."
    },
    {
      "code": "entered-in-error",
      "display": "Entered in-Error",
      "definition": "The dispense was entered in error and therefore nullified."
    },
    {
      "code": "stopped",
      "display": "Stopped",
      "definition": "Actions implied by the dispense have been permanently halted, before all of them occurred."
    }
  ]
}