{
  "resourceType": "CodeSystem",
  "id": "payment-adjustment-reason",
  "meta": {
    "lastUpdated": "2016-11-16T23:52:25.144-05:00",
    "profile": [
      "http://hl7.org/fhir/StructureDefinition/codesystem-shareable-definition"
    ]
  },
  "text": {
    "status": "generated",
    "div": "<div xmlns=\"http://www.w3.org/1999/xhtml\"><h2>Payment Adjustment Reason Codes</h2><div><p>This value set includes smattering of Payment Adjustment Reason codes.</p>\n</div><p><b>Copyright Statement:</b> This is an example set.</p><p>This code system http://hl7.org/fhir/payment-adjustment-reason defines the following codes:</p><table class=\"codes\"><tr><td><b>Code</b></td><td><b>Display</b></td><td><b>Definition</b></td></tr><tr><td>a001<a name=\"payment-adjustment-reason-a001\"> </a></td><td>Prior Payment Reversal</td><td>Prior Payment Reversal</td></tr><tr><td>a002<a name=\"payment-adjustment-reason-a002\"> </a></td><td>Prior Overpayment</td><td>Prior Overpayment</td></tr></table></div>"
  },
  "url": "http://hl7.org/fhir/payment-adjustment-reason",
  "identifier": {
    "system": "urn:ietf:rfc:3986",
    "value": "urn:oid:2.16.840.1.113883.4.642.1.480"
  },
  "version": "1.7.0",
  "name": "Payment Adjustment Reason Codes",
  "status": "draft",
  "experimental": true,
  "publisher": "Financial Management",
  "contact": [
    {
      "telecom": [
        {
          "system": "other",
          "value": "http://hl7.org/fhir"
        }
      ]
    }
  ],
  "description": "This value set includes smattering of Payment Adjustment Reason codes.",
  "copyright": "This is an example set.",
  "caseSensitive": true,
  "valueSet": "http://hl7.org/fhir/ValueSet/payment-adjustment-reason",
  "content": "complete",
  "concept": [
    {
      "code": "a001",
      "display": "Prior Payment Reversal",
      "definition": "Prior Payment Reversal"
    },
    {
      "code": "a002",
      "display": "Prior Overpayment",
      "definition": "Prior Overpayment"
    }
  ]
}