{
  "resourceType": "CodeSystem",
  "id": "contract-term-subtype",
  "meta": {
    "lastUpdated": "2016-12-07T14:18:58.982-05:00",
    "profile": [
      "http://hl7.org/fhir/StructureDefinition/codesystem-shareable-definition"
    ]
  },
  "text": {
    "status": "generated",
    "div": "<div xmlns=\"http://www.w3.org/1999/xhtml\"><h2>Contract Term Type Codes</h2><div><p>This value set includes sample Contract Term SubType codes.</p>\n</div><p><b>Copyright Statement:</b> This is an example set.</p><p>This code system http://hl7.org/fhir/contracttermsubtypecodes defines the following codes:</p><table class=\"codes\"><tr><td><b>Code</b></td><td><b>Display</b></td><td><b>Definition</b></td></tr><tr><td>oralhealth-basic<a name=\"contract-term-subtype-oralhealth-basic\"> </a></td><td>OralHealth-Basic</td><td>Oral Health: examinations, diagnositics, cleaning and basic restorative services.</td></tr><tr><td>oralhealth-major<a name=\"contract-term-subtype-oralhealth-major\"> </a></td><td>OralHealth-Major</td><td>Oral Health: major treatment and restorative services.</td></tr><tr><td>oralhealth-orthodontic<a name=\"contract-term-subtype-oralhealth-orthodontic\"> </a></td><td>OralHealth-Orthodontic</td><td>Oral Health: orthodontic services, eg. braces.</td></tr></table></div>"
  },
  "url": "http://hl7.org/fhir/contracttermsubtypecodes",
  "identifier": {
    "system": "urn:ietf:rfc:3986",
    "value": "urn:oid:2.16.840.1.113883.4.642.1.98"
  },
  "version": "1.8.0",
  "name": "Contract Term Type Codes",
  "status": "draft",
  "experimental": true,
  "publisher": "Financial Management",
  "contact": [
    {
      "telecom": [
        {
          "system": "url",
          "value": "http://hl7.org/fhir"
        }
      ]
    }
  ],
  "description": "This value set includes sample Contract Term SubType codes.",
  "copyright": "This is an example set.",
  "caseSensitive": true,
  "valueSet": "http://hl7.org/fhir/ValueSet/contract-term-subtype",
  "content": "complete",
  "concept": [
    {
      "code": "oralhealth-basic",
      "display": "OralHealth-Basic",
      "definition": "Oral Health: examinations, diagnositics, cleaning and basic restorative services."
    },
    {
      "code": "oralhealth-major",
      "display": "OralHealth-Major",
      "definition": "Oral Health: major treatment and restorative services."
    },
    {
      "code": "oralhealth-orthodontic",
      "display": "OralHealth-Orthodontic",
      "definition": "Oral Health: orthodontic services, eg. braces."
    }
  ]
}