{
  "resourceType": "CodeSystem",
  "id": "coverage-level",
  "meta": {
    "lastUpdated": "2016-12-07T14:18:58.982-05:00",
    "profile": [
      "http://hl7.org/fhir/StructureDefinition/codesystem-shareable-definition"
    ]
  },
  "text": {
    "status": "generated",
    "div": "<div xmlns=\"http://www.w3.org/1999/xhtml\"><h2>Coverage Level Codes</h2><div><p>This value set includes sample Coverage Level codes.</p>\n</div><p><b>Copyright Statement:</b> This is an example set.</p><p>This code system http://hl7.org/fhir/coverage-level defines the following codes:</p><table class=\"codes\"><tr><td><b>Code</b></td><td><b>Display</b></td><td><b>Definition</b></td></tr><tr><td>group<a name=\"coverage-level-group\"> </a></td><td>Group</td><td>An employee group</td></tr><tr><td>subgroup<a name=\"coverage-level-subgroup\"> </a></td><td>SubGroup</td><td>A sub-group of an employee group</td></tr><tr><td>plan<a name=\"coverage-level-plan\"> </a></td><td>Plan</td><td>A specific suite of benefits.</td></tr><tr><td>subplan<a name=\"coverage-level-subplan\"> </a></td><td>SubPlan</td><td>A subset of a specific suite of benefits.</td></tr><tr><td>class<a name=\"coverage-level-class\"> </a></td><td>Class</td><td>A class of benefits.</td></tr><tr><td>subclass<a name=\"coverage-level-subclass\"> </a></td><td>SubClass</td><td>A subset of a class of benefits.</td></tr></table></div>"
  },
  "url": "http://hl7.org/fhir/coverage-level",
  "identifier": {
    "system": "urn:ietf:rfc:3986",
    "value": "urn:oid:2.16.840.1.113883.4.642.1.0"
  },
  "version": "1.8.0",
  "name": "Coverage Level Codes",
  "status": "draft",
  "experimental": true,
  "publisher": "Financial Management",
  "contact": [
    {
      "telecom": [
        {
          "system": "url",
          "value": "http://hl7.org/fhir"
        }
      ]
    },
    {
      "telecom": [
        {
          "system": "url",
          "value": "http://hl7.org/fhir"
        }
      ]
    }
  ],
  "description": "This value set includes sample Coverage Level codes.",
  "copyright": "This is an example set.",
  "caseSensitive": true,
  "valueSet": "http://hl7.org/fhir/ValueSet/coverage-level",
  "content": "complete",
  "concept": [
    {
      "code": "group",
      "display": "Group",
      "definition": "An employee group"
    },
    {
      "code": "subgroup",
      "display": "SubGroup",
      "definition": "A sub-group of an employee group"
    },
    {
      "code": "plan",
      "display": "Plan",
      "definition": "A specific suite of benefits."
    },
    {
      "code": "subplan",
      "display": "SubPlan",
      "definition": "A subset of a specific suite of benefits."
    },
    {
      "code": "class",
      "display": "Class",
      "definition": "A class of benefits."
    },
    {
      "code": "subclass",
      "display": "SubClass",
      "definition": "A subset of a class of benefits."
    }
  ]
}