{
  "resourceType": "CodeSystem",
  "id": "restful-capability-mode",
  "meta": {
    "lastUpdated": "2016-11-28T17:29:55.664-05:00"
  },
  "text": {
    "status": "generated",
    "div": "<div xmlns=\"http://www.w3.org/1999/xhtml\"><h2>RestfulCapabilityMode</h2><div><p>The mode of a RESTful capability statement.</p>\n</div><p>This code system http://hl7.org/fhir/restful-capability-mode defines the following codes:</p><table class=\"codes\"><tr><td><b>Code</b></td><td><b>Display</b></td><td><b>Definition</b></td></tr><tr><td>client<a name=\"restful-capability-mode-client\"> </a></td><td>Client</td><td>The application acts as a client for this resource.</td></tr><tr><td>server<a name=\"restful-capability-mode-server\"> </a></td><td>Server</td><td>The application acts as a server for this resource.</td></tr></table></div>"
  },
  "url": "http://hl7.org/fhir/restful-capability-mode",
  "identifier": {
    "system": "urn:ietf:rfc:3986",
    "value": "urn:oid:2.16.840.1.113883.4.642.1.0"
  },
  "version": "1.7.0",
  "name": "RestfulCapabilityMode",
  "status": "draft",
  "experimental": false,
  "publisher": "HL7 (FHIR Project)",
  "contact": [
    {
      "telecom": [
        {
          "system": "other",
          "value": "http://hl7.org/fhir"
        },
        {
          "system": "email",
          "value": "fhir@lists.hl7.org"
        }
      ]
    }
  ],
  "date": "2016-11-28T17:29:55-05:00",
  "description": "The mode of a RESTful capability statement.",
  "caseSensitive": true,
  "valueSet": "http://hl7.org/fhir/ValueSet/restful-capability-mode",
  "content": "complete",
  "concept": [
    {
      "code": "client",
      "display": "Client",
      "definition": "The application acts as a client for this resource."
    },
    {
      "code": "server",
      "display": "Server",
      "definition": "The application acts as a server for this resource."
    }
  ]
}