{
  "resourceType": "CodeSystem",
  "id": "allergy-intolerance-criticality",
  "meta": {
    "lastUpdated": "2016-11-16T22:02:32.937-05:00"
  },
  "text": {
    "status": "generated",
    "div": "<div xmlns=\"http://www.w3.org/1999/xhtml\"><h2>AllergyIntoleranceCriticality</h2><div><p>Estimate of the potential clinical harm, or seriousness, of a reaction to an identified substance.</p>\n</div><p>This code system http://hl7.org/fhir/allergy-intolerance-criticality defines the following codes:</p><table class=\"codes\"><tr><td><b>Code</b></td><td><b>Display</b></td><td><b>Definition</b></td></tr><tr><td>low<a name=\"allergy-intolerance-criticality-low\"> </a></td><td>Low Risk</td><td>Worst case result of a future exposure is not assessed to be life-threatening or having high potential for organ system failure.</td></tr><tr><td>high<a name=\"allergy-intolerance-criticality-high\"> </a></td><td>High Risk</td><td>Worst case result of a future exposure is assessed to be life-threatening or having high potential for organ system failure.</td></tr><tr><td>unable-to-assess<a name=\"allergy-intolerance-criticality-unable-to-assess\"> </a></td><td>Unable to Assess Risk</td><td>Unable to assess the worst case result of a future exposure.</td></tr></table></div>"
  },
  "url": "http://hl7.org/fhir/allergy-intolerance-criticality",
  "identifier": {
    "system": "urn:ietf:rfc:3986",
    "value": "urn:oid:2.16.840.1.113883.4.642.1.51"
  },
  "version": "1.7.0",
  "name": "AllergyIntoleranceCriticality",
  "status": "draft",
  "experimental": false,
  "publisher": "HL7 (FHIR Project)",
  "contact": [
    {
      "telecom": [
        {
          "system": "other",
          "value": "http://hl7.org/fhir"
        },
        {
          "system": "email",
          "value": "fhir@lists.hl7.org"
        }
      ]
    }
  ],
  "date": "2016-11-16T22:02:32-05:00",
  "description": "Estimate of the potential clinical harm, or seriousness, of a reaction to an identified substance.",
  "caseSensitive": true,
  "valueSet": "http://hl7.org/fhir/ValueSet/allergy-intolerance-criticality",
  "content": "complete",
  "concept": [
    {
      "code": "low",
      "display": "Low Risk",
      "definition": "Worst case result of a future exposure is not assessed to be life-threatening or having high potential for organ system failure."
    },
    {
      "code": "high",
      "display": "High Risk",
      "definition": "Worst case result of a future exposure is assessed to be life-threatening or having high potential for organ system failure."
    },
    {
      "code": "unable-to-assess",
      "display": "Unable to Assess Risk",
      "definition": "Unable to assess the worst case result of a future exposure."
    }
  ]
}