{
  "resourceType": "CodeSystem",
  "id": "condition-category",
  "meta": {
    "lastUpdated": "2016-11-16T22:02:32.937-05:00",
    "profile": [
      "http://hl7.org/fhir/StructureDefinition/codesystem-shareable-definition"
    ]
  },
  "text": {
    "status": "generated",
    "div": "<div xmlns=\"http://www.w3.org/1999/xhtml\"><h2>Condition Category Codes</h2><div><p>Preferred value set for Condition Categories.</p>\n</div><p>This code system http://hl7.org/fhir/condition-category defines the following codes:</p><table class=\"codes\"><tr><td><b>Code</b></td><td><b>Display</b></td><td><b>Definition</b></td></tr><tr><td>problem-list-item<a name=\"condition-category-problem-list-item\"> </a></td><td>Problem List Item</td><td>An item on a problem list which can be managed over time and can be expressed by a practitioner (e.g. physician, nurse), patient, or related person.</td></tr><tr><td>encounter-diagnosis<a name=\"condition-category-encounter-diagnosis\"> </a></td><td>Encounter Diagnosis</td><td>A point in time diagnosis (e.g. from a physician or nurse) in context of an encounter.</td></tr></table></div>"
  },
  "url": "http://hl7.org/fhir/condition-category",
  "identifier": {
    "system": "urn:ietf:rfc:3986",
    "value": "urn:oid:2.16.840.1.113883.4.642.1.73"
  },
  "version": "1.7.0",
  "name": "Condition Category Codes",
  "status": "draft",
  "experimental": true,
  "publisher": "FHIR Project team",
  "contact": [
    {
      "telecom": [
        {
          "system": "other",
          "value": "http://hl7.org/fhir"
        }
      ]
    }
  ],
  "description": "Preferred value set for Condition Categories.",
  "caseSensitive": true,
  "valueSet": "http://hl7.org/fhir/ValueSet/condition-category",
  "content": "complete",
  "concept": [
    {
      "code": "problem-list-item",
      "display": "Problem List Item",
      "definition": "An item on a problem list which can be managed over time and can be expressed by a practitioner (e.g. physician, nurse), patient, or related person."
    },
    {
      "code": "encounter-diagnosis",
      "display": "Encounter Diagnosis",
      "definition": "A point in time diagnosis (e.g. from a physician or nurse) in context of an encounter."
    }
  ]
}