{
  "resourceType": "CodeSystem",
  "id": "flag-category",
  "meta": {
    "lastUpdated": "2016-11-28T17:29:55.664-05:00",
    "profile": [
      "http://hl7.org/fhir/StructureDefinition/codesystem-shareable-definition"
    ]
  },
  "text": {
    "status": "generated",
    "div": "<div xmlns=\"http://www.w3.org/1999/xhtml\"><h2>Flag Category</h2><div><p>Example list of detail codes for flagged issues. (Not complete or necessarily appropriate.)</p>\n</div><p>This code system http://hl7.org/fhir/flag-category defines the following codes:</p><table class=\"codes\"><tr><td><b>Code</b></td><td><b>Display</b></td><td><b>Definition</b></td></tr><tr><td>diet<a name=\"flag-category-diet\"> </a></td><td>Diet</td><td>Flags related to the subject's dietary needs.</td></tr><tr><td>drug<a name=\"flag-category-drug\"> </a></td><td>Drug</td><td>Flags related to the patient's medications.</td></tr><tr><td>lab<a name=\"flag-category-lab\"> </a></td><td>Lab</td><td>Flags related to performing laboratory tests and related processes (e.g. phlebotomy).</td></tr><tr><td>admin<a name=\"flag-category-admin\"> </a></td><td>Administrative</td><td>Flags related to administrative and financial processes.</td></tr><tr><td>contact<a name=\"flag-category-contact\"> </a></td><td>Subject contact</td><td>Flags related to coming into contact with the patient.</td></tr></table></div>"
  },
  "url": "http://hl7.org/fhir/flag-category",
  "identifier": {
    "system": "urn:ietf:rfc:3986",
    "value": "urn:oid:2.16.840.1.113883.4.642.1.403"
  },
  "version": "1.7.0",
  "name": "Flag Category",
  "status": "draft",
  "experimental": true,
  "publisher": "HL7 International - Patient Care WG",
  "contact": [
    {
      "telecom": [
        {
          "system": "other",
          "value": "http://www.hl7.org/Special/committees/patientcare"
        }
      ]
    }
  ],
  "description": "Example list of detail codes for flagged issues. (Not complete or necessarily appropriate.)",
  "caseSensitive": true,
  "valueSet": "http://hl7.org/fhir/ValueSet/flag-category",
  "content": "complete",
  "concept": [
    {
      "code": "diet",
      "display": "Diet",
      "definition": "Flags related to the subject's dietary needs."
    },
    {
      "code": "drug",
      "display": "Drug",
      "definition": "Flags related to the patient's medications."
    },
    {
      "code": "lab",
      "display": "Lab",
      "definition": "Flags related to performing laboratory tests and related processes (e.g. phlebotomy)."
    },
    {
      "code": "admin",
      "display": "Administrative",
      "definition": "Flags related to administrative and financial processes."
    },
    {
      "code": "contact",
      "display": "Subject contact",
      "definition": "Flags related to coming into contact with the patient."
    }
  ]
}