{
  "resourceType": "CodeSystem",
  "id": "contract-subtype",
  "meta": {
    "lastUpdated": "2016-12-19T23:17:56.167-05:00",
    "profile": [
      "http://hl7.org/fhir/StructureDefinition/codesystem-shareable-definition"
    ]
  },
  "text": {
    "status": "generated",
    "div": "<div xmlns=\"http://www.w3.org/1999/xhtml\"><h2>Contract Subtype Codes</h2><div><p>This value set includes sample Contract Subtype codes.</p>\n</div><p><b>Copyright Statement:</b> This is an example set.</p><p>This code system http://hl7.org/fhir/contractsubtypecodes defines the following codes:</p><table class=\"codes\"><tr><td><b>Code</b></td><td><b>Display</b></td><td><b>Definition</b></td></tr><tr><td>disclosure-ca<a name=\"contract-subtype-disclosure-ca\"> </a></td><td>Disclosure-CA</td><td>Canadian health information displosure policy.</td></tr><tr><td>disclosure-us<a name=\"contract-subtype-disclosure-us\"> </a></td><td>Disclosure-US</td><td>United States health information displosure policy.</td></tr></table></div>"
  },
  "url": "http://hl7.org/fhir/contractsubtypecodes",
  "identifier": {
    "system": "urn:ietf:rfc:3986",
    "value": "urn:oid:2.16.840.1.113883.4.642.1.96"
  },
  "version": "1.8.0",
  "name": "Contract Subtype Codes",
  "status": "draft",
  "experimental": true,
  "publisher": "Financial Management",
  "contact": [
    {
      "telecom": [
        {
          "system": "url",
          "value": "http://hl7.org/fhir"
        }
      ]
    }
  ],
  "description": "This value set includes sample Contract Subtype codes.",
  "copyright": "This is an example set.",
  "caseSensitive": true,
  "valueSet": "http://hl7.org/fhir/ValueSet/contract-subtype",
  "content": "complete",
  "concept": [
    {
      "code": "disclosure-ca",
      "display": "Disclosure-CA",
      "definition": "Canadian health information displosure policy."
    },
    {
      "code": "disclosure-us",
      "display": "Disclosure-US",
      "definition": "United States health information displosure policy."
    }
  ]
}