{
  "resourceType": "CodeSystem",
  "id": "device-action",
  "meta": {
    "lastUpdated": "2016-12-07T14:18:58.982-05:00",
    "profile": [
      "http://hl7.org/fhir/StructureDefinition/codesystem-shareable-definition"
    ]
  },
  "text": {
    "status": "generated",
    "div": "<div xmlns=\"http://www.w3.org/1999/xhtml\"><h2>Procedure Device Action Codes</h2><div><p>Example value set for Procedure Device Action code (what happened to a device during a procedure.</p>\n</div><p>This code system http://hl7.org/fhir/device-action defines the following codes:</p><table class=\"codes\"><tr><td><b>Code</b></td><td><b>Display</b></td><td><b>Definition</b></td></tr><tr><td>implanted<a name=\"device-action-implanted\"> </a></td><td>Implanted</td><td>The device was implanted in the patient during the procedure.</td></tr><tr><td>explanted<a name=\"device-action-explanted\"> </a></td><td>Explanted</td><td>The device was explanted from the patient during the procedure.</td></tr><tr><td>manipulated<a name=\"device-action-manipulated\"> </a></td><td>Manipulated</td><td>The device remains in that patient, but its location, settings, or functionality was changed.</td></tr></table></div>"
  },
  "url": "http://hl7.org/fhir/device-action",
  "identifier": {
    "system": "urn:ietf:rfc:3986",
    "value": "urn:oid:2.16.840.1.113883.4.642.1.236"
  },
  "version": "1.8.0",
  "name": "Procedure Device Action Codes",
  "status": "draft",
  "experimental": true,
  "publisher": "FHIR Project team",
  "contact": [
    {
      "telecom": [
        {
          "system": "url",
          "value": "http://hl7.org/fhir"
        }
      ]
    }
  ],
  "description": "Example value set for Procedure Device Action code (what happened to a device during a procedure.",
  "caseSensitive": true,
  "valueSet": "http://hl7.org/fhir/ValueSet/device-action",
  "content": "complete",
  "concept": [
    {
      "code": "implanted",
      "display": "Implanted",
      "definition": "The device was implanted in the patient during the procedure."
    },
    {
      "code": "explanted",
      "display": "Explanted",
      "definition": "The device was explanted from the patient during the procedure."
    },
    {
      "code": "manipulated",
      "display": "Manipulated",
      "definition": "The device remains in that patient, but its location, settings, or functionality was changed."
    }
  ]
}