{
  "resourceType": "CodeSystem",
  "id": "contract-action",
  "meta": {
    "lastUpdated": "2016-11-16T22:02:32.937-05:00",
    "profile": [
      "http://hl7.org/fhir/StructureDefinition/codesystem-shareable-definition"
    ]
  },
  "text": {
    "status": "generated",
    "div": "<div xmlns=\"http://www.w3.org/1999/xhtml\"><h2>Contract Action Codes</h2><div><p>This value set includes sample Contract Action codes.</p>\n</div><p><b>Copyright Statement:</b> This is an example set.</p><p>This code system http://www.hl7.org/fhir/contractaction defines the following codes:</p><table class=\"codes\"><tr><td><b>Code</b></td><td><b>Definition</b></td></tr><tr><td>action-a<a name=\"contract-action-action-a\"> </a></td><td/></tr><tr><td>action-b<a name=\"contract-action-action-b\"> </a></td><td/></tr></table></div>"
  },
  "url": "http://www.hl7.org/fhir/contractaction",
  "identifier": {
    "system": "urn:ietf:rfc:3986",
    "value": "urn:oid:2.16.840.1.113883.4.642.1.100"
  },
  "version": "1.7.0",
  "name": "Contract Action Codes",
  "status": "draft",
  "experimental": true,
  "publisher": "Financial Management",
  "contact": [
    {
      "telecom": [
        {
          "system": "other",
          "value": "http://hl7.org/fhir"
        }
      ]
    }
  ],
  "description": "This value set includes sample Contract Action codes.",
  "copyright": "This is an example set.",
  "caseSensitive": true,
  "valueSet": "http://hl7.org/fhir/ValueSet/contract-action",
  "content": "complete",
  "concept": [
    {
      "code": "action-a"
    },
    {
      "code": "action-b"
    }
  ]
}