{
  "resourceType": "CodeSystem",
  "id": "composition-attestation-mode",
  "meta": {
    "lastUpdated": "2016-12-19T23:17:56.167-05:00"
  },
  "text": {
    "status": "generated",
    "div": "<div xmlns=\"http://www.w3.org/1999/xhtml\"><h2>CompositionAttestationMode</h2><div><p>The way in which a person authenticated a composition.</p>\n</div><p>This code system http://hl7.org/fhir/composition-attestation-mode defines the following codes:</p><table class=\"codes\"><tr><td><b>Code</b></td><td><b>Display</b></td><td><b>Definition</b></td></tr><tr><td>personal<a name=\"composition-attestation-mode-personal\"> </a></td><td>Personal</td><td>The person authenticated the content in their personal capacity.</td></tr><tr><td>professional<a name=\"composition-attestation-mode-professional\"> </a></td><td>Professional</td><td>The person authenticated the content in their professional capacity.</td></tr><tr><td>legal<a name=\"composition-attestation-mode-legal\"> </a></td><td>Legal</td><td>The person authenticated the content and accepted legal responsibility for its content.</td></tr><tr><td>official<a name=\"composition-attestation-mode-official\"> </a></td><td>Official</td><td>The organization authenticated the content as consistent with their policies and procedures.</td></tr></table></div>"
  },
  "url": "http://hl7.org/fhir/composition-attestation-mode",
  "identifier": {
    "system": "urn:ietf:rfc:3986",
    "value": "urn:oid:2.16.840.1.113883.4.642.1.120"
  },
  "version": "1.8.0",
  "name": "CompositionAttestationMode",
  "status": "draft",
  "experimental": false,
  "publisher": "HL7 (FHIR Project)",
  "contact": [
    {
      "telecom": [
        {
          "system": "url",
          "value": "http://hl7.org/fhir"
        },
        {
          "system": "email",
          "value": "fhir@lists.hl7.org"
        }
      ]
    }
  ],
  "date": "2016-12-19T23:17:56-05:00",
  "description": "The way in which a person authenticated a composition.",
  "caseSensitive": true,
  "valueSet": "http://hl7.org/fhir/ValueSet/composition-attestation-mode",
  "content": "complete",
  "concept": [
    {
      "code": "personal",
      "display": "Personal",
      "definition": "The person authenticated the content in their personal capacity."
    },
    {
      "code": "professional",
      "display": "Professional",
      "definition": "The person authenticated the content in their professional capacity."
    },
    {
      "code": "legal",
      "display": "Legal",
      "definition": "The person authenticated the content and accepted legal responsibility for its content."
    },
    {
      "code": "official",
      "display": "Official",
      "definition": "The organization authenticated the content as consistent with their policies and procedures."
    }
  ]
}