{
  "resourceType": "CodeSystem",
  "id": "adjudication-reason",
  "meta": {
    "lastUpdated": "2016-11-16T22:02:32.937-05:00",
    "profile": [
      "http://hl7.org/fhir/StructureDefinition/codesystem-shareable-definition"
    ]
  },
  "text": {
    "status": "generated",
    "div": "<div xmlns=\"http://www.w3.org/1999/xhtml\"><h2>Adjudication Reason Codes</h2><div><p>This value set includes smattering of Adjudication Reason codes.</p>\n</div><p><b>Copyright Statement:</b> This is an example set.</p><p>This code system http://hl7.org/fhir/adjudication-reason defines the following codes:</p><table class=\"codes\"><tr><td><b>Code</b></td><td><b>Display</b></td><td><b>Definition</b></td></tr><tr><td>ar001<a name=\"adjudication-reason-ar001\"> </a></td><td>Not covered</td><td>Not covered</td></tr><tr><td>ar002<a name=\"adjudication-reason-ar002\"> </a></td><td>Plan Limit Reached</td><td>Plan Limit Reached</td></tr></table></div>"
  },
  "url": "http://hl7.org/fhir/adjudication-reason",
  "identifier": {
    "system": "urn:ietf:rfc:3986",
    "value": "urn:oid:2.16.840.1.113883.4.642.1.479"
  },
  "version": "1.7.0",
  "name": "Adjudication Reason Codes",
  "status": "draft",
  "experimental": true,
  "publisher": "Financial Management",
  "contact": [
    {
      "telecom": [
        {
          "system": "other",
          "value": "http://hl7.org/fhir"
        }
      ]
    }
  ],
  "description": "This value set includes smattering of Adjudication Reason codes.",
  "copyright": "This is an example set.",
  "caseSensitive": true,
  "valueSet": "http://hl7.org/fhir/ValueSet/adjudication-reason",
  "content": "complete",
  "concept": [
    {
      "code": "ar001",
      "display": "Not covered",
      "definition": "Not covered"
    },
    {
      "code": "ar002",
      "display": "Plan Limit Reached",
      "definition": "Plan Limit Reached"
    }
  ]
}