{
  "resourceType": "CodeSystem",
  "id": "identifier-type",
  "meta": {
    "lastUpdated": "2016-11-16T23:52:25.144-05:00",
    "profile": [
      "http://hl7.org/fhir/StructureDefinition/codesystem-shareable-definition"
    ]
  },
  "text": {
    "status": "generated",
    "div": "<div xmlns=\"http://www.w3.org/1999/xhtml\"><h2>Identifier Type Codes</h2><div><p>A coded type for an identifier that can be used to determine which identifier to use for a specific purpose.</p>\n</div><p>This code system http://hl7.org/fhir/identifier-type defines the following codes:</p><table class=\"codes\"><tr><td><b>Code</b></td><td><b>Display</b></td><td><b>Definition</b></td></tr><tr><td>UDI<a name=\"identifier-type-UDI\"> </a></td><td>Universal Device Identifier</td><td>A identifier assigned to a device using the Universal Device Identifier framework as defined by FDA (http://www.fda.gov/MedicalDevices/DeviceRegulationandGuidance/UniqueDeviceIdentification/).</td></tr><tr><td>SNO<a name=\"identifier-type-SNO\"> </a></td><td>Serial Number</td><td>An identifier affixed to an item by the manufacturer when it is first made, where each item has a different identifier.</td></tr><tr><td>SB<a name=\"identifier-type-SB\"> </a></td><td>Social Beneficiary Identifier</td><td>An identifier issued by a governmental organization to an individual for the purpose of the receipt of social services and benefits.</td></tr><tr><td>PLAC<a name=\"identifier-type-PLAC\"> </a></td><td>Placer Identifier</td><td>The identifier associated with the person or service that requests or places an order.</td></tr><tr><td>FILL<a name=\"identifier-type-FILL\"> </a></td><td>Filler Identifier</td><td>The Identifier associated with the person, or service, who produces the observations or fulfills the order requested by the requestor.</td></tr></table></div>"
  },
  "url": "http://hl7.org/fhir/identifier-type",
  "identifier": {
    "system": "urn:ietf:rfc:3986",
    "value": "urn:oid:2.16.840.1.113883.4.642.1.identifier-type"
  },
  "version": "1.7.0",
  "name": "Identifier Type Codes",
  "status": "draft",
  "experimental": true,
  "publisher": "HL7 (FHIR Project)",
  "contact": [
    {
      "telecom": [
        {
          "system": "other",
          "value": "http://hl7.org/fhir"
        }
      ]
    }
  ],
  "description": "A coded type for an identifier that can be used to determine which identifier to use for a specific purpose.",
  "caseSensitive": true,
  "valueSet": "http://hl7.org/fhir/ValueSet/identifier-type",
  "content": "complete",
  "concept": [
    {
      "code": "UDI",
      "display": "Universal Device Identifier",
      "definition": "A identifier assigned to a device using the Universal Device Identifier framework as defined by FDA (http://www.fda.gov/MedicalDevices/DeviceRegulationandGuidance/UniqueDeviceIdentification/)."
    },
    {
      "code": "SNO",
      "display": "Serial Number",
      "definition": "An identifier affixed to an item by the manufacturer when it is first made, where each item has a different identifier."
    },
    {
      "code": "SB",
      "display": "Social Beneficiary Identifier",
      "definition": "An identifier issued by a governmental organization to an individual for the purpose of the receipt of social services and benefits."
    },
    {
      "code": "PLAC",
      "display": "Placer Identifier",
      "definition": "The identifier associated with the person or service that requests or places an order."
    },
    {
      "code": "FILL",
      "display": "Filler Identifier",
      "definition": "The Identifier associated with the person, or service, who produces the observations or fulfills the order requested by the requestor."
    }
  ]
}