{
  "resourceType": "CodeSystem",
  "id": "composition-status",
  "meta": {
    "lastUpdated": "2016-11-16T22:02:32.937-05:00"
  },
  "text": {
    "status": "generated",
    "div": "<div xmlns=\"http://www.w3.org/1999/xhtml\"><h2>CompositionStatus</h2><div><p>The workflow/clinical status of the composition.</p>\n</div><p>This code system http://hl7.org/fhir/composition-status defines the following codes:</p><table class=\"codes\"><tr><td><b>Code</b></td><td><b>Display</b></td><td><b>Definition</b></td></tr><tr><td>preliminary<a name=\"composition-status-preliminary\"> </a></td><td>Preliminary</td><td>This is a preliminary composition or document (also known as initial or interim). The content may be incomplete or unverified.</td></tr><tr><td>final<a name=\"composition-status-final\"> </a></td><td>Final</td><td>This version of the composition is complete and verified by an appropriate person and no further work is planned. Any subsequent updates would be on a new version of the composition.</td></tr><tr><td>amended<a name=\"composition-status-amended\"> </a></td><td>Amended</td><td>The composition content or the referenced resources have been modified (edited or added to) subsequent to being released as &quot;final&quot; and the composition is complete and verified by an authorized person.</td></tr><tr><td>entered-in-error<a name=\"composition-status-entered-in-error\"> </a></td><td>Entered in Error</td><td>The composition or document was originally created/issued in error, and this is an amendment that marks that the entire series should not be considered as valid.</td></tr></table></div>"
  },
  "url": "http://hl7.org/fhir/composition-status",
  "identifier": {
    "system": "urn:ietf:rfc:3986",
    "value": "urn:oid:2.16.840.1.113883.4.642.1.123"
  },
  "version": "1.7.0",
  "name": "CompositionStatus",
  "status": "draft",
  "experimental": false,
  "publisher": "HL7 (FHIR Project)",
  "contact": [
    {
      "telecom": [
        {
          "system": "other",
          "value": "http://hl7.org/fhir"
        },
        {
          "system": "email",
          "value": "fhir@lists.hl7.org"
        }
      ]
    }
  ],
  "date": "2016-11-16T22:02:32-05:00",
  "description": "The workflow/clinical status of the composition.",
  "caseSensitive": true,
  "valueSet": "http://hl7.org/fhir/ValueSet/composition-status",
  "content": "complete",
  "concept": [
    {
      "code": "preliminary",
      "display": "Preliminary",
      "definition": "This is a preliminary composition or document (also known as initial or interim). The content may be incomplete or unverified."
    },
    {
      "code": "final",
      "display": "Final",
      "definition": "This version of the composition is complete and verified by an appropriate person and no further work is planned. Any subsequent updates would be on a new version of the composition."
    },
    {
      "code": "amended",
      "display": "Amended",
      "definition": "The composition content or the referenced resources have been modified (edited or added to) subsequent to being released as \"final\" and the composition is complete and verified by an authorized person."
    },
    {
      "code": "entered-in-error",
      "display": "Entered in Error",
      "definition": "The composition or document was originally created/issued in error, and this is an amendment that marks that the entire series should not be considered as valid."
    }
  ]
}