{
  "resourceType": "CodeSystem",
  "id": "payment-status",
  "meta": {
    "lastUpdated": "2016-12-19T23:17:56.167-05:00",
    "profile": [
      "http://hl7.org/fhir/StructureDefinition/codesystem-shareable-definition"
    ]
  },
  "text": {
    "status": "generated",
    "div": "<div xmlns=\"http://www.w3.org/1999/xhtml\"><h2>Payment Status Codes</h2><div><p>This value set includes a sample set of Payment Status codes.</p>\n</div><p><b>Copyright Statement:</b> This is an example set.</p><p>This code system http://hl7.org/fhir/paymentstatus defines the following codes:</p><table class=\"codes\"><tr><td><b>Code</b></td><td><b>Display</b></td><td><b>Definition</b></td></tr><tr><td>paid<a name=\"payment-status-paid\"> </a></td><td>Paid</td><td>The payment has been sent physically or electronically.</td></tr><tr><td>cleared<a name=\"payment-status-cleared\"> </a></td><td>Cleared</td><td>The payment has been received by the payee.</td></tr></table></div>"
  },
  "url": "http://hl7.org/fhir/paymentstatus",
  "identifier": {
    "system": "urn:ietf:rfc:3986",
    "value": "urn:oid:2.16.840.1.113883.4.642.1.334"
  },
  "version": "1.8.0",
  "name": "Payment Status Codes",
  "status": "draft",
  "experimental": true,
  "publisher": "Financial Management",
  "contact": [
    {
      "telecom": [
        {
          "system": "url",
          "value": "http://hl7.org/fhir"
        }
      ]
    }
  ],
  "description": "This value set includes a sample set of Payment Status codes.",
  "copyright": "This is an example set.",
  "caseSensitive": true,
  "valueSet": "http://hl7.org/fhir/ValueSet/payment-status",
  "content": "complete",
  "concept": [
    {
      "code": "paid",
      "display": "Paid",
      "definition": "The payment has been sent physically or electronically."
    },
    {
      "code": "cleared",
      "display": "Cleared",
      "definition": "The payment has been received by the payee."
    }
  ]
}