{
  "resourceType": "CodeSystem",
  "id": "claim-modifiers",
  "meta": {
    "lastUpdated": "2016-11-28T17:29:55.664-05:00",
    "profile": [
      "http://hl7.org/fhir/StructureDefinition/codesystem-shareable-definition"
    ]
  },
  "text": {
    "status": "generated",
    "div": "<div xmlns=\"http://www.w3.org/1999/xhtml\"><h2>Modifier type Codes</h2><div><p>This value set includes sample Modifier type codes.</p>\n</div><p><b>Copyright Statement:</b> This is an example set.</p><p>This code system http://hl7.org/fhir/modifiers defines the following codes:</p><table class=\"codes\"><tr><td><b>Code</b></td><td><b>Display</b></td><td><b>Definition</b></td></tr><tr><td>a<a name=\"claim-modifiers-a\"> </a></td><td>Repair of prior service or installation</td><td>Repair of prior service or installation.</td></tr><tr><td>b<a name=\"claim-modifiers-b\"> </a></td><td>Temporary service or installation</td><td>Temporary service or installation.</td></tr><tr><td>c<a name=\"claim-modifiers-c\"> </a></td><td>TMJ treatment</td><td>Treatment associated with TMJ.</td></tr><tr><td>e<a name=\"claim-modifiers-e\"> </a></td><td>Implant or associated with an implant</td><td>Implant or associated with an implant.</td></tr><tr><td>x<a name=\"claim-modifiers-x\"> </a></td><td>None</td><td>None.</td></tr></table></div>"
  },
  "url": "http://hl7.org/fhir/modifiers",
  "identifier": {
    "system": "urn:ietf:rfc:3986",
    "value": "urn:oid:2.16.840.1.113883.4.642.1.311"
  },
  "version": "1.7.0",
  "name": "Modifier type Codes",
  "status": "draft",
  "experimental": true,
  "publisher": "Financial Management",
  "contact": [
    {
      "telecom": [
        {
          "system": "other",
          "value": "http://hl7.org/fhir"
        }
      ]
    }
  ],
  "description": "This value set includes sample Modifier type codes.",
  "copyright": "This is an example set.",
  "caseSensitive": true,
  "valueSet": "http://hl7.org/fhir/ValueSet/claim-modifiers",
  "content": "complete",
  "concept": [
    {
      "code": "a",
      "display": "Repair of prior service or installation",
      "definition": "Repair of prior service or installation."
    },
    {
      "code": "b",
      "display": "Temporary service or installation",
      "definition": "Temporary service or installation."
    },
    {
      "code": "c",
      "display": "TMJ treatment",
      "definition": "Treatment associated with TMJ."
    },
    {
      "code": "e",
      "display": "Implant or associated with an implant",
      "definition": "Implant or associated with an implant."
    },
    {
      "code": "x",
      "display": "None",
      "definition": "None."
    }
  ]
}