{
  "resourceType": "CodeSystem",
  "id": "encounter-admit-source",
  "meta": {
    "lastUpdated": "2016-11-28T17:29:55.664-05:00",
    "profile": [
      "http://hl7.org/fhir/StructureDefinition/codesystem-shareable-definition"
    ]
  },
  "text": {
    "status": "generated",
    "div": "<div xmlns=\"http://www.w3.org/1999/xhtml\"><h2>AdmitSource</h2><div><p>This value set defines a set of codes that can be used to indicate from where the patient came in.</p>\n</div><p>This code system http://hl7.org/fhir/admit-source defines the following codes:</p><table class=\"codes\"><tr><td><b>Code</b></td><td><b>Display</b></td><td><b>Definition</b></td></tr><tr><td>hosp-trans<a name=\"encounter-admit-source-hosp-trans\"> </a></td><td>Transferred from other hospital</td><td/></tr><tr><td>emd<a name=\"encounter-admit-source-emd\"> </a></td><td>From accident/emergency department</td><td/></tr><tr><td>outp<a name=\"encounter-admit-source-outp\"> </a></td><td>From outpatient department</td><td/></tr><tr><td>born<a name=\"encounter-admit-source-born\"> </a></td><td>Born in hospital</td><td/></tr><tr><td>gp<a name=\"encounter-admit-source-gp\"> </a></td><td>General Practitioner referral</td><td/></tr><tr><td>mp<a name=\"encounter-admit-source-mp\"> </a></td><td>Medical Practitioner/physician referral</td><td/></tr><tr><td>nursing<a name=\"encounter-admit-source-nursing\"> </a></td><td>From nursing home</td><td/></tr><tr><td>psych<a name=\"encounter-admit-source-psych\"> </a></td><td>From psychiatric hospital</td><td/></tr><tr><td>rehab<a name=\"encounter-admit-source-rehab\"> </a></td><td>From rehabilitation facility</td><td/></tr><tr><td>other<a name=\"encounter-admit-source-other\"> </a></td><td>Other</td><td/></tr></table></div>"
  },
  "url": "http://hl7.org/fhir/admit-source",
  "identifier": {
    "system": "urn:ietf:rfc:3986",
    "value": "urn:oid:2.16.840.1.113883.4.642.1.144"
  },
  "version": "1.7.0",
  "name": "AdmitSource",
  "status": "draft",
  "experimental": true,
  "publisher": "FHIR Project team",
  "contact": [
    {
      "telecom": [
        {
          "system": "other",
          "value": "http://hl7.org/fhir"
        }
      ]
    }
  ],
  "description": "This value set defines a set of codes that can be used to indicate from where the patient came in.",
  "caseSensitive": true,
  "valueSet": "http://hl7.org/fhir/ValueSet/encounter-admit-source",
  "content": "complete",
  "concept": [
    {
      "code": "hosp-trans",
      "display": "Transferred from other hospital"
    },
    {
      "code": "emd",
      "display": "From accident/emergency department"
    },
    {
      "code": "outp",
      "display": "From outpatient department"
    },
    {
      "code": "born",
      "display": "Born in hospital"
    },
    {
      "code": "gp",
      "display": "General Practitioner referral"
    },
    {
      "code": "mp",
      "display": "Medical Practitioner/physician referral"
    },
    {
      "code": "nursing",
      "display": "From nursing home"
    },
    {
      "code": "psych",
      "display": "From psychiatric hospital"
    },
    {
      "code": "rehab",
      "display": "From rehabilitation facility"
    },
    {
      "code": "other",
      "display": "Other"
    }
  ]
}