{
  "resourceType": "CodeSystem",
  "id": "goal-category",
  "meta": {
    "lastUpdated": "2016-12-07T14:18:58.982-05:00",
    "profile": [
      "http://hl7.org/fhir/StructureDefinition/codesystem-shareable-definition"
    ]
  },
  "text": {
    "status": "generated",
    "div": "<div xmlns=\"http://www.w3.org/1999/xhtml\"><h2>GoalCategory</h2><div><p>Example codes for grouping goals for filtering or presentation.</p>\n</div><p>This code system http://hl7.org/fhir/goal-category defines the following codes:</p><table class=\"codes\"><tr><td><b>Code</b></td><td><b>Display</b></td><td><b>Definition</b></td></tr><tr><td>dietary<a name=\"goal-category-dietary\"> </a></td><td>dietary</td><td>Goals related to the consumption of food and/or beverages.</td></tr><tr><td>safety<a name=\"goal-category-safety\"> </a></td><td>safety</td><td>Goals related to the personal protection of the subject.</td></tr><tr><td>behavioral<a name=\"goal-category-behavioral\"> </a></td><td>behavioral</td><td>Goals related to the manner in which the subject acts.</td></tr><tr><td>nursing<a name=\"goal-category-nursing\"> </a></td><td>nursing</td><td>Goals related to the practice of nursing or established by nurses.</td></tr><tr><td>physiotherapy<a name=\"goal-category-physiotherapy\"> </a></td><td>physiotherapy</td><td>Goals related to the mobility and motor capability of the subject.</td></tr></table></div>"
  },
  "url": "http://hl7.org/fhir/goal-category",
  "identifier": {
    "system": "urn:ietf:rfc:3986",
    "value": "urn:oid:2.16.840.1.113883.4.642.1.411"
  },
  "version": "1.8.0",
  "name": "GoalCategory",
  "status": "draft",
  "experimental": true,
  "publisher": "HL7 International - Patient Care WG",
  "contact": [
    {
      "telecom": [
        {
          "system": "url",
          "value": "http://www.hl7.org/Special/committees/patientcare/"
        }
      ]
    }
  ],
  "description": "Example codes for grouping goals for filtering or presentation.",
  "caseSensitive": true,
  "valueSet": "http://hl7.org/fhir/ValueSet/goal-category",
  "content": "complete",
  "concept": [
    {
      "code": "dietary",
      "display": "dietary",
      "definition": "Goals related to the consumption of food and/or beverages."
    },
    {
      "code": "safety",
      "display": "safety",
      "definition": "Goals related to the personal protection of the subject."
    },
    {
      "code": "behavioral",
      "display": "behavioral",
      "definition": "Goals related to the manner in which the subject acts."
    },
    {
      "code": "nursing",
      "display": "nursing",
      "definition": "Goals related to the practice of nursing or established by nurses."
    },
    {
      "code": "physiotherapy",
      "display": "physiotherapy",
      "definition": "Goals related to the mobility and motor capability of the subject."
    }
  ]
}