{
  "resourceType": "CodeSystem",
  "id": "practitioner-specialty",
  "meta": {
    "lastUpdated": "2016-11-16T23:52:25.144-05:00",
    "profile": [
      "http://hl7.org/fhir/StructureDefinition/codesystem-shareable-definition"
    ]
  },
  "text": {
    "status": "generated",
    "div": "<div xmlns=\"http://www.w3.org/1999/xhtml\"><h2>PractitionerSpecialty</h2><div><p>This example value set defines a set of codes that can be used to indicate the specialty of a Practitioner.</p>\n</div><p>This code system http://hl7.org/fhir/practitioner-specialty defines the following codes:</p><table class=\"codes\"><tr><td><b>Code</b></td><td><b>Display</b></td><td><b>Definition</b></td></tr><tr><td>cardio<a name=\"practitioner-specialty-cardio\"> </a></td><td>Cardiologist</td><td/></tr><tr><td>dent<a name=\"practitioner-specialty-dent\"> </a></td><td>Dentist</td><td/></tr><tr><td>dietary<a name=\"practitioner-specialty-dietary\"> </a></td><td>Dietary consultant</td><td/></tr><tr><td>midw<a name=\"practitioner-specialty-midw\"> </a></td><td>Midwife</td><td/></tr><tr><td>sysarch<a name=\"practitioner-specialty-sysarch\"> </a></td><td>Systems architect</td><td/></tr></table></div>"
  },
  "url": "http://hl7.org/fhir/practitioner-specialty",
  "identifier": {
    "system": "urn:ietf:rfc:3986",
    "value": "urn:oid:2.16.840.1.113883.4.642.1.252"
  },
  "version": "1.7.0",
  "name": "PractitionerSpecialty",
  "status": "draft",
  "experimental": true,
  "publisher": "FHIR Project team",
  "contact": [
    {
      "telecom": [
        {
          "system": "other",
          "value": "http://hl7.org/fhir"
        }
      ]
    }
  ],
  "description": "This example value set defines a set of codes that can be used to indicate the specialty of a Practitioner.",
  "caseSensitive": true,
  "valueSet": "http://hl7.org/fhir/ValueSet/practitioner-specialty",
  "content": "complete",
  "concept": [
    {
      "code": "cardio",
      "display": "Cardiologist"
    },
    {
      "code": "dent",
      "display": "Dentist"
    },
    {
      "code": "dietary",
      "display": "Dietary consultant"
    },
    {
      "code": "midw",
      "display": "Midwife"
    },
    {
      "code": "sysarch",
      "display": "Systems architect"
    }
  ]
}