{
  "resourceType": "CodeSystem",
  "id": "allergy-intolerance-category",
  "meta": {
    "lastUpdated": "2016-11-16T23:52:25.144-05:00"
  },
  "text": {
    "status": "generated",
    "div": "<div xmlns=\"http://www.w3.org/1999/xhtml\"><h2>AllergyIntoleranceCategory</h2><div><p>Category of an identified substance.</p>\n</div><p>This code system http://hl7.org/fhir/allergy-intolerance-category defines the following codes:</p><table class=\"codes\"><tr><td><b>Lvl</b></td><td><b>Code</b></td><td><b>Display</b></td><td><b>Definition</b></td></tr><tr><td>1</td><td>food<a name=\"allergy-intolerance-category-food\"> </a></td><td>Food</td><td>Any substance consumed to provide nutritional support for the body.</td></tr><tr><td>1</td><td>medication<a name=\"allergy-intolerance-category-medication\"> </a></td><td>Medication</td><td>Substances administered to achieve a physiological effect.</td></tr><tr><td>2</td><td>  biologic<a name=\"allergy-intolerance-category-biologic\"> </a></td><td>Biologic</td><td>A preparation that is synthesized from living organisms or their products, especially a human or animal protein, such as a hormone or antitoxin, that is used as a diagnostic, preventive, or therapeutic agent. Also called biological drug. Examples of biologic medications include: vaccines; allergenic extracts, which are used for both diagnosis and treatment (for example, allergy shots); gene therapies; cellular therapies.  There are other biologic products, such as tissues, that are not typically associated with allergies.</td></tr><tr><td>1</td><td>environment<a name=\"allergy-intolerance-category-environment\"> </a></td><td>Environment</td><td>Any substances that are encountered in the environment, including any substance not already classified as food, medication, or biologic.</td></tr></table></div>"
  },
  "url": "http://hl7.org/fhir/allergy-intolerance-category",
  "identifier": {
    "system": "urn:ietf:rfc:3986",
    "value": "urn:oid:2.16.840.1.113883.4.642.1.53"
  },
  "version": "1.7.0",
  "name": "AllergyIntoleranceCategory",
  "status": "draft",
  "experimental": false,
  "publisher": "HL7 (FHIR Project)",
  "contact": [
    {
      "telecom": [
        {
          "system": "other",
          "value": "http://hl7.org/fhir"
        },
        {
          "system": "email",
          "value": "fhir@lists.hl7.org"
        }
      ]
    }
  ],
  "date": "2016-11-16T23:52:25-05:00",
  "description": "Category of an identified substance.",
  "caseSensitive": true,
  "valueSet": "http://hl7.org/fhir/ValueSet/allergy-intolerance-category",
  "content": "complete",
  "concept": [
    {
      "code": "food",
      "display": "Food",
      "definition": "Any substance consumed to provide nutritional support for the body."
    },
    {
      "code": "medication",
      "display": "Medication",
      "definition": "Substances administered to achieve a physiological effect.",
      "concept": [
        {
          "code": "biologic",
          "display": "Biologic",
          "definition": "A preparation that is synthesized from living organisms or their products, especially a human or animal protein, such as a hormone or antitoxin, that is used as a diagnostic, preventive, or therapeutic agent. Also called biological drug. Examples of biologic medications include: vaccines; allergenic extracts, which are used for both diagnosis and treatment (for example, allergy shots); gene therapies; cellular therapies.  There are other biologic products, such as tissues, that are not typically associated with allergies."
        }
      ]
    },
    {
      "code": "environment",
      "display": "Environment",
      "definition": "Any substances that are encountered in the environment, including any substance not already classified as food, medication, or biologic."
    }
  ]
}