{
  "resourceType": "CodeSystem",
  "id": "encounter-type",
  "meta": {
    "lastUpdated": "2016-11-28T17:29:55.664-05:00",
    "profile": [
      "http://hl7.org/fhir/StructureDefinition/codesystem-shareable-definition"
    ]
  },
  "text": {
    "status": "generated",
    "div": "<div xmlns=\"http://www.w3.org/1999/xhtml\"><h2>EncounterType</h2><div><p>This example value set defines a set of codes that can be used to indicate the type of encounter: a specific code indicating type of service provided.</p>\n</div><p>This code system http://hl7.org/fhir/encounter-type defines the following codes:</p><table class=\"codes\"><tr><td><b>Code</b></td><td><b>Display</b></td><td><b>Definition</b></td></tr><tr><td>ADMS<a name=\"encounter-type-ADMS\"> </a></td><td>Annual diabetes mellitus screening</td><td/></tr><tr><td>BD/BM-clin<a name=\"encounter-type-BD.47BM-clin\"> </a></td><td>Bone drilling/bone marrow punction in clinic</td><td/></tr><tr><td>CCS60<a name=\"encounter-type-CCS60\"> </a></td><td>Infant colon screening - 60 minutes</td><td/></tr><tr><td>OKI<a name=\"encounter-type-OKI\"> </a></td><td>Outpatient Kenacort injection</td><td/></tr></table></div>"
  },
  "url": "http://hl7.org/fhir/encounter-type",
  "identifier": {
    "system": "urn:ietf:rfc:3986",
    "value": "urn:oid:2.16.840.1.113883.4.642.1.137"
  },
  "version": "1.7.0",
  "name": "EncounterType",
  "status": "draft",
  "experimental": true,
  "publisher": "FHIR Project team",
  "contact": [
    {
      "telecom": [
        {
          "system": "other",
          "value": "http://hl7.org/fhir"
        }
      ]
    }
  ],
  "description": "This example value set defines a set of codes that can be used to indicate the type of encounter: a specific code indicating type of service provided.",
  "caseSensitive": true,
  "valueSet": "http://hl7.org/fhir/ValueSet/encounter-type",
  "content": "complete",
  "concept": [
    {
      "code": "ADMS",
      "display": "Annual diabetes mellitus screening"
    },
    {
      "code": "BD/BM-clin",
      "display": "Bone drilling/bone marrow punction in clinic"
    },
    {
      "code": "CCS60",
      "display": "Infant colon screening - 60 minutes"
    },
    {
      "code": "OKI",
      "display": "Outpatient Kenacort injection"
    }
  ]
}