{
  "resourceType": "CodeSystem",
  "id": "administrative-gender",
  "meta": {
    "lastUpdated": "2016-11-28T17:29:55.664-05:00"
  },
  "text": {
    "status": "extensions",
    "div": "<div xmlns=\"http://www.w3.org/1999/xhtml\"><h2>AdministrativeGender</h2><div><p>The gender of a person used for administrative purposes.</p>\n</div><p>This code system http://hl7.org/fhir/administrative-gender defines the following codes:</p><table class=\"codes\"><tr><td><b>Code</b></td><td><b>Display</b></td><td><b>Definition</b></td><td><b>Comments</b></td></tr><tr><td>male<a name=\"administrative-gender-male\"> </a></td><td>Male</td><td>Male</td><td>Male</td></tr><tr><td>female<a name=\"administrative-gender-female\"> </a></td><td>Female</td><td>Female</td><td>Female</td></tr><tr><td>other<a name=\"administrative-gender-other\"> </a></td><td>Other</td><td>Other</td><td>The gender of a person could not be uniquely defined as male or female, such as hermaphrodite.</td></tr><tr><td>unknown<a name=\"administrative-gender-unknown\"> </a></td><td>Unknown</td><td>Unknown</td><td>Description:A proper value is applicable, but not known.  Usage Notes: This means the actual value is not known. If the only thing that is unknown is how to properly express the value in the necessary constraints (value set, datatype, etc.), then the OTH or UNC flavor should be used. No properties should be included for a datatype with this property unless:  Those properties themselves directly translate to a semantic of &quot;unknown&quot;. (E.g. a local code sent as a translation that conveys 'unknown') Those properties further qualify the nature of what is unknown. (E.g. specifying a use code of &quot;H&quot; and a URL prefix of &quot;tel:&quot; to convey that it is the home phone number that is unknown.)</td></tr></table></div>"
  },
  "url": "http://hl7.org/fhir/administrative-gender",
  "identifier": {
    "system": "urn:ietf:rfc:3986",
    "value": "urn:oid:2.16.840.1.113883.4.642.1.administrative-gender"
  },
  "version": "1.7.0",
  "name": "AdministrativeGender",
  "status": "draft",
  "experimental": false,
  "date": "2016-11-28T17:29:55-05:00",
  "description": "The gender of a person used for administrative purposes.",
  "caseSensitive": true,
  "valueSet": "http://hl7.org/fhir/ValueSet/administrative-gender",
  "content": "complete",
  "concept": [
    {
      "extension": [
        {
          "url": "http://hl7.org/fhir/StructureDefinition/valueset-comments",
          "valueString": "Male"
        }
      ],
      "code": "male",
      "display": "Male",
      "definition": "Male"
    },
    {
      "extension": [
        {
          "url": "http://hl7.org/fhir/StructureDefinition/valueset-comments",
          "valueString": "Female"
        }
      ],
      "code": "female",
      "display": "Female",
      "definition": "Female"
    },
    {
      "extension": [
        {
          "url": "http://hl7.org/fhir/StructureDefinition/valueset-comments",
          "valueString": "The gender of a person could not be uniquely defined as male or female, such as hermaphrodite."
        }
      ],
      "code": "other",
      "display": "Other",
      "definition": "Other"
    },
    {
      "extension": [
        {
          "url": "http://hl7.org/fhir/StructureDefinition/valueset-comments",
          "valueString": "Description:A proper value is applicable, but not known.  Usage Notes: This means the actual value is not known. If the only thing that is unknown is how to properly express the value in the necessary constraints (value set, datatype, etc.), then the OTH or UNC flavor should be used. No properties should be included for a datatype with this property unless:  Those properties themselves directly translate to a semantic of \"unknown\". (E.g. a local code sent as a translation that conveys 'unknown') Those properties further qualify the nature of what is unknown. (E.g. specifying a use code of \"H\" and a URL prefix of \"tel:\" to convey that it is the home phone number that is unknown.)"
        }
      ],
      "code": "unknown",
      "display": "Unknown",
      "definition": "Unknown"
    }
  ]
}