{
  "resourceType": "CodeSystem",
  "id": "metric-calibration-state",
  "meta": {
    "lastUpdated": "2016-11-16T21:13:00.180-05:00"
  },
  "text": {
    "status": "generated",
    "div": "<div xmlns=\"http://www.w3.org/1999/xhtml\"><h2>DeviceMetricCalibrationState</h2><div><p>Describes the state of a metric calibration.</p>\n</div><p>This code system http://hl7.org/fhir/metric-calibration-state defines the following codes:</p><table class=\"codes\"><tr><td><b>Code</b></td><td><b>Display</b></td><td><b>Definition</b></td></tr><tr><td>not-calibrated<a name=\"metric-calibration-state-not-calibrated\"> </a></td><td>Not Calibrated</td><td>The metric has not been calibrated.</td></tr><tr><td>calibration-required<a name=\"metric-calibration-state-calibration-required\"> </a></td><td>Calibration Required</td><td>The metric needs to be calibrated.</td></tr><tr><td>calibrated<a name=\"metric-calibration-state-calibrated\"> </a></td><td>Calibrated</td><td>The metric has been calibrated.</td></tr><tr><td>unspecified<a name=\"metric-calibration-state-unspecified\"> </a></td><td>Unspecified</td><td>The state of calibration of this metric is unspecified.</td></tr></table></div>"
  },
  "url": "http://hl7.org/fhir/metric-calibration-state",
  "identifier": {
    "system": "urn:ietf:rfc:3986",
    "value": "urn:oid:2.16.840.1.113883.4.642.1.340"
  },
  "version": "1.7.0",
  "name": "DeviceMetricCalibrationState",
  "status": "draft",
  "experimental": false,
  "publisher": "HL7 (FHIR Project)",
  "contact": [
    {
      "telecom": [
        {
          "system": "other",
          "value": "http://hl7.org/fhir"
        },
        {
          "system": "email",
          "value": "fhir@lists.hl7.org"
        }
      ]
    }
  ],
  "date": "2016-11-16T21:13:00-05:00",
  "description": "Describes the state of a metric calibration.",
  "caseSensitive": true,
  "valueSet": "http://hl7.org/fhir/ValueSet/metric-calibration-state",
  "content": "complete",
  "concept": [
    {
      "code": "not-calibrated",
      "display": "Not Calibrated",
      "definition": "The metric has not been calibrated."
    },
    {
      "code": "calibration-required",
      "display": "Calibration Required",
      "definition": "The metric needs to be calibrated."
    },
    {
      "code": "calibrated",
      "display": "Calibrated",
      "definition": "The metric has been calibrated."
    },
    {
      "code": "unspecified",
      "display": "Unspecified",
      "definition": "The state of calibration of this metric is unspecified."
    }
  ]
}