{
  "resourceType": "CodeSystem",
  "id": "risk-probability",
  "meta": {
    "lastUpdated": "2016-11-16T22:02:32.937-05:00",
    "profile": [
      "http://hl7.org/fhir/StructureDefinition/codesystem-shareable-definition"
    ]
  },
  "text": {
    "status": "generated",
    "div": "<div xmlns=\"http://www.w3.org/1999/xhtml\"><h2>Risk Probability</h2><div><p>Codes representing the likelihood of a particular outcome in a risk assessment.</p>\n</div><p>This code system http://hl7.org/fhir/risk-probability defines the following codes:</p><table class=\"codes\"><tr><td><b>Code</b></td><td><b>Display</b></td><td><b>Definition</b></td></tr><tr><td>negligible<a name=\"risk-probability-negligible\"> </a></td><td>Negligible likelihood</td><td>The specified outcome is exceptionally unlikely.</td></tr><tr><td>low<a name=\"risk-probability-low\"> </a></td><td>Low likelihood</td><td>The specified outcome is possible but unlikely.</td></tr><tr><td>moderate<a name=\"risk-probability-moderate\"> </a></td><td>Moderate likelihood</td><td>The specified outcome has a reasonable likelihood of occurrence.</td></tr><tr><td>high<a name=\"risk-probability-high\"> </a></td><td>High likelihood</td><td>The specified outcome is more likely to occur than not.</td></tr><tr><td>certain<a name=\"risk-probability-certain\"> </a></td><td>Certain</td><td>The specified outcome is effectively guaranteed.</td></tr></table></div>"
  },
  "url": "http://hl7.org/fhir/risk-probability",
  "identifier": {
    "system": "urn:ietf:rfc:3986",
    "value": "urn:oid:2.16.840.1.113883.4.642.1.262"
  },
  "version": "1.7.0",
  "name": "Risk Probability",
  "status": "draft",
  "experimental": true,
  "publisher": "FHIR Project team",
  "contact": [
    {
      "telecom": [
        {
          "system": "other",
          "value": "http://hl7.org/fhir"
        }
      ]
    }
  ],
  "description": "Codes representing the likelihood of a particular outcome in a risk assessment.",
  "caseSensitive": true,
  "valueSet": "http://hl7.org/fhir/ValueSet/risk-probability",
  "content": "complete",
  "concept": [
    {
      "code": "negligible",
      "display": "Negligible likelihood",
      "definition": "The specified outcome is exceptionally unlikely."
    },
    {
      "code": "low",
      "display": "Low likelihood",
      "definition": "The specified outcome is possible but unlikely."
    },
    {
      "code": "moderate",
      "display": "Moderate likelihood",
      "definition": "The specified outcome has a reasonable likelihood of occurrence."
    },
    {
      "code": "high",
      "display": "High likelihood",
      "definition": "The specified outcome is more likely to occur than not."
    },
    {
      "code": "certain",
      "display": "Certain",
      "definition": "The specified outcome is effectively guaranteed."
    }
  ]
}