{
  "resourceType": "CodeSystem",
  "id": "ex-diagnosisrelatedgroup",
  "meta": {
    "lastUpdated": "2016-12-19T23:17:56.167-05:00",
    "profile": [
      "http://hl7.org/fhir/StructureDefinition/codesystem-shareable-definition"
    ]
  },
  "text": {
    "status": "generated",
    "div": "<div xmlns=\"http://www.w3.org/1999/xhtml\"><h2>Example Diagnosis Related Group Codes</h2><div><p>This value set includes example Diagnosis Related Group codes.</p>\n</div><p><b>Copyright Statement:</b> This is an example set.</p><p>This code system http://hl7.org/fhir/ex-diagnosisrelatedgroup defines the following codes:</p><table class=\"codes\"><tr><td><b>Code</b></td><td><b>Display</b></td><td><b>Definition</b></td></tr><tr><td>100<a name=\"ex-diagnosisrelatedgroup-100\"> </a></td><td>Normal Vaginal Delivery</td><td>Normal Vaginal Delivery.</td></tr><tr><td>101<a name=\"ex-diagnosisrelatedgroup-101\"> </a></td><td>Appendectomy - uncomplicated</td><td>Appendectomy without rupture or other complications.</td></tr><tr><td>300<a name=\"ex-diagnosisrelatedgroup-300\"> </a></td><td>Tooth abcess</td><td>Emergency department treatment of a tooth abcess.</td></tr></table></div>"
  },
  "url": "http://hl7.org/fhir/ex-diagnosisrelatedgroup",
  "identifier": {
    "system": "urn:ietf:rfc:3986",
    "value": "urn:oid:2.16.840.1.113883.4.642.1.919"
  },
  "version": "1.8.0",
  "name": "Example Diagnosis Related Group Codes",
  "status": "draft",
  "experimental": true,
  "publisher": "Financial Management",
  "contact": [
    {
      "telecom": [
        {
          "system": "url",
          "value": "http://hl7.org/fhir"
        }
      ]
    }
  ],
  "description": "This value set includes example Diagnosis Related Group codes.",
  "copyright": "This is an example set.",
  "caseSensitive": true,
  "valueSet": "http://hl7.org/fhir/ValueSet/ex-diagnosisrelatedgroup",
  "content": "complete",
  "concept": [
    {
      "code": "100",
      "display": "Normal Vaginal Delivery",
      "definition": "Normal Vaginal Delivery."
    },
    {
      "code": "101",
      "display": "Appendectomy - uncomplicated",
      "definition": "Appendectomy without rupture or other complications."
    },
    {
      "code": "300",
      "display": "Tooth abcess",
      "definition": "Emergency department treatment of a tooth abcess."
    }
  ]
}