﻿{
  "$schema": "http://json-schema.org/draft-04/schema#",
  "id": "http://hl7.org/fhir/json-schema/Coverage",
  "$ref": "#/definitions/Coverage",
  "description": "see http://hl7.org/fhir/json.html#schema for information about the FHIR Json Schemas",
  "definitions": {
    "Coverage": {
      "allOf": [
        {
          "$ref": "DomainResource.schema.json#/definitions/DomainResource"
        },
        {
          "description": "Financial instrument which may be used to pay for or reimburse health care products and services.",
          "properties": {
            "resourceType": {
              "description": "This is a Coverage resource",
              "type": "string",
              "enum": [
                "Coverage"
              ]
            },
            "identifier": {
              "description": "The main (and possibly only) identifier for the coverage - often referred to as a Member Id, Subscriber Id, Certificate number or Personal Health Number or Case ID.",
              "type": "array",
              "items": {
                "$ref": "Identifier.schema.json#/definitions/Identifier"
              }
            },
            "status": {
              "description": "The status of the resource instance.",
              "enum": [
                "active",
                "cancelled",
                "draft",
                "entered-in-error"
              ],
              "type": "string"
            },
            "_status": {
              "description": "Extensions for status",
              "$ref": "Element.schema.json#/definitions/Element"
            },
            "issuer": {
              "description": "The program or plan underwriter or payor including both insurance and non-insurance agreements, such as patient-pay agreements.",
              "$ref": "Reference.schema.json#/definitions/Reference"
            },
            "isAgreement": {
              "description": "A self, or other, payment agreement not an insurance policy.",
              "type": "boolean"
            },
            "_isAgreement": {
              "description": "Extensions for isAgreement",
              "$ref": "Element.schema.json#/definitions/Element"
            },
            "period": {
              "description": "Time period during which the coverage is in force. A missing start date indicates the start date isn\u0027t known, a missing end date means the coverage is continuing to be in force.",
              "$ref": "Period.schema.json#/definitions/Period"
            },
            "type": {
              "description": "The type of coverage: social program, medical plan, accident coverage (workers compensation, auto), group health.",
              "$ref": "Coding.schema.json#/definitions/Coding"
            },
            "planholder": {
              "description": "The party who \u0027owns\u0027 the insurance contractual relationship to the policy or to whom the benefit of the policy is due.",
              "$ref": "Reference.schema.json#/definitions/Reference"
            },
            "beneficiary": {
              "description": "The party who benefits from the insurance coverage.",
              "$ref": "Reference.schema.json#/definitions/Reference"
            },
            "relationship": {
              "description": "The relationship of beneficiary (patient) (subscriber) to the the planholder.",
              "$ref": "Coding.schema.json#/definitions/Coding"
            },
            "group": {
              "description": "A suite of underwrite specific classifiers, for example may be used to identify a class of coverage or employer group, Policy, Plan.",
              "$ref": "#/definitions/Coverage_Group"
            },
            "dependent": {
              "description": "A unique identifier for a dependent under the coverage.",
              "type": "number",
              "pattern": "[1-9][0-9]*"
            },
            "_dependent": {
              "description": "Extensions for dependent",
              "$ref": "Element.schema.json#/definitions/Element"
            },
            "sequence": {
              "description": "An optional counter for a particular instance of the identified coverage which increments upon each renewal.",
              "type": "number",
              "pattern": "[1-9][0-9]*"
            },
            "_sequence": {
              "description": "Extensions for sequence",
              "$ref": "Element.schema.json#/definitions/Element"
            },
            "network": {
              "description": "The identifier for a community of providers.",
              "type": "string"
            },
            "_network": {
              "description": "Extensions for network",
              "$ref": "Element.schema.json#/definitions/Element"
            },
            "contract": {
              "description": "The policy(s) which constitute this insurance coverage.",
              "type": "array",
              "items": {
                "$ref": "Reference.schema.json#/definitions/Reference"
              }
            }
          },
          "required": [
            "resourceType"
          ]
        }
      ]
    },
    "Coverage_Group": {
      "allOf": [
        {
          "$ref": "BackboneElement.schema.json#/definitions/BackboneElement"
        },
        {
          "description": "Financial instrument which may be used to pay for or reimburse health care products and services.",
          "properties": {
            "group": {
              "description": "Identifies a style or collective of coverage issues by the underwriter, for example may be used to identify a class of coverage or employer group. May also be referred to as a Policy or Group ID.",
              "type": "string"
            },
            "_group": {
              "description": "Extensions for group",
              "$ref": "Element.schema.json#/definitions/Element"
            },
            "groupDisplay": {
              "description": "A short description for the group.",
              "type": "string"
            },
            "_groupDisplay": {
              "description": "Extensions for groupDisplay",
              "$ref": "Element.schema.json#/definitions/Element"
            },
            "subGroup": {
              "description": "Identifies a style or collective of coverage issues by the underwriter, for example may be used to identify a class of coverage or employer group. May also be referred to as a Policy or Group ID.",
              "type": "string"
            },
            "_subGroup": {
              "description": "Extensions for subGroup",
              "$ref": "Element.schema.json#/definitions/Element"
            },
            "subGroupDisplay": {
              "description": "A short description for the subgroup.",
              "type": "string"
            },
            "_subGroupDisplay": {
              "description": "Extensions for subGroupDisplay",
              "$ref": "Element.schema.json#/definitions/Element"
            },
            "plan": {
              "description": "Identifies a style or collective of coverage issues by the underwriter, for example may be used to identify a class of coverage or employer group. May also be referred to as a Policy or Group ID.",
              "type": "string"
            },
            "_plan": {
              "description": "Extensions for plan",
              "$ref": "Element.schema.json#/definitions/Element"
            },
            "planDisplay": {
              "description": "A short description for the plan.",
              "type": "string"
            },
            "_planDisplay": {
              "description": "Extensions for planDisplay",
              "$ref": "Element.schema.json#/definitions/Element"
            },
            "subPlan": {
              "description": "Identifies a sub-style or sub-collective of coverage issues by the underwriter, for example may be used to identify a specific employer group within a class of employers. May be referred to as a Section or Division ID.",
              "type": "string"
            },
            "_subPlan": {
              "description": "Extensions for subPlan",
              "$ref": "Element.schema.json#/definitions/Element"
            },
            "subPlanDisplay": {
              "description": "A short description for the subplan.",
              "type": "string"
            },
            "_subPlanDisplay": {
              "description": "Extensions for subPlanDisplay",
              "$ref": "Element.schema.json#/definitions/Element"
            },
            "class": {
              "description": "Identifies a style or collective of coverage issues by the underwriter, for example may be used to identify a class of coverage or employer group.",
              "type": "string"
            },
            "_class": {
              "description": "Extensions for class",
              "$ref": "Element.schema.json#/definitions/Element"
            },
            "classDisplay": {
              "description": "A short description for the class.",
              "type": "string"
            },
            "_classDisplay": {
              "description": "Extensions for classDisplay",
              "$ref": "Element.schema.json#/definitions/Element"
            },
            "subClass": {
              "description": "Identifies a sub-style or sub-collective of coverage issues by the underwriter, for example may be used to identify a subclass of coverage or employer group.",
              "type": "string"
            },
            "_subClass": {
              "description": "Extensions for subClass",
              "$ref": "Element.schema.json#/definitions/Element"
            },
            "subClassDisplay": {
              "description": "A short description for the subclass.",
              "type": "string"
            },
            "_subClassDisplay": {
              "description": "Extensions for subClassDisplay",
              "$ref": "Element.schema.json#/definitions/Element"
            }
          }
        }
      ]
    }
  }
}