﻿{
  "$schema": "http://json-schema.org/draft-04/schema#",
  "id": "http://hl7.org/fhir/json-schema/MedicationRequest",
  "$ref": "#/definitions/MedicationRequest",
  "description": "see http://hl7.org/fhir/json.html#schema for information about the FHIR Json Schemas",
  "definitions": {
    "MedicationRequest": {
      "allOf": [
        {
          "$ref": "DomainResource.schema.json#/definitions/DomainResource"
        },
        {
          "description": "An order for both supply of the medication and the instructions for administration of the medication to a patient. The resource is called \"MedicationRequest\" rather than \"MedicationPrescription\" or \"MedicationOrder\" to generalize the use across inpatient and outpatient settings as well as for care plans, etc and to harmonize with workflow patterns.",
          "properties": {
            "resourceType": {
              "description": "This is a MedicationRequest resource",
              "type": "string",
              "enum": [
                "MedicationRequest"
              ]
            },
            "identifier": {
              "description": "External identifier - one that would be used by another non-FHIR system - for example a re-imbursement system might issue its own id for each prescription that is created.  This is particularly important where FHIR only provides part of an entire workflow process where records have to be tracked through an entire system.",
              "type": "array",
              "items": {
                "$ref": "Identifier.schema.json#/definitions/Identifier"
              }
            },
            "definition": {
              "description": "Protocol or definition followed by this request.",
              "type": "array",
              "items": {
                "$ref": "Reference.schema.json#/definitions/Reference"
              }
            },
            "basedOn": {
              "description": "Plan/proposal/order fulfilled by this request.",
              "type": "array",
              "items": {
                "$ref": "Reference.schema.json#/definitions/Reference"
              }
            },
            "requisition": {
              "description": "Composite request this is part of.",
              "$ref": "Identifier.schema.json#/definitions/Identifier"
            },
            "status": {
              "description": "A code specifying the state of the order.  Generally this will be active or completed state.",
              "enum": [
                "active",
                "on-hold",
                "cancelled",
                "completed",
                "entered-in-error",
                "stopped",
                "draft"
              ],
              "type": "string"
            },
            "_status": {
              "description": "Extensions for status",
              "$ref": "Element.schema.json#/definitions/Element"
            },
            "stage": {
              "description": "Whether the request is a proposal, plan, or an original order.",
              "$ref": "CodeableConcept.schema.json#/definitions/CodeableConcept"
            },
            "medicationCodeableConcept": {
              "description": "Identifies the medication being administered. This is a link to a resource that represents the medication which may be the details of the medication or simply an attribute carrying a code that identifies the medication from a known list of medications.",
              "$ref": "CodeableConcept.schema.json#/definitions/CodeableConcept"
            },
            "medicationReference": {
              "description": "Identifies the medication being administered. This is a link to a resource that represents the medication which may be the details of the medication or simply an attribute carrying a code that identifies the medication from a known list of medications.",
              "$ref": "Reference.schema.json#/definitions/Reference"
            },
            "patient": {
              "description": "A link to a resource representing the person to whom the medication will be given.",
              "$ref": "Reference.schema.json#/definitions/Reference"
            },
            "context": {
              "description": "A link to a resource that identifies the particular occurrence or set oc occurences of contact between patient and health care provider.",
              "$ref": "Reference.schema.json#/definitions/Reference"
            },
            "supportingInformation": {
              "description": "Include additional information (for example, patient height and weight) that supports the ordering of the medication.",
              "type": "array",
              "items": {
                "$ref": "Reference.schema.json#/definitions/Reference"
              }
            },
            "dateWritten": {
              "description": "The date (and perhaps time) when the prescription was initially written.",
              "type": "string",
              "pattern": "-?[0-9]{4}(-(0[1-9]|1[0-2])(-(0[0-9]|[1-2][0-9]|3[0-1])(T([01][0-9]|2[0-3]):[0-5][0-9]:[0-5][0-9](\\.[0-9]+)?(Z|(\\+|-)((0[0-9]|1[0-3]):[0-5][0-9]|14:00)))?)?)?"
            },
            "_dateWritten": {
              "description": "Extensions for dateWritten",
              "$ref": "Element.schema.json#/definitions/Element"
            },
            "requester": {
              "description": "The healthcare professional responsible for authorizing the initial prescription.",
              "$ref": "Reference.schema.json#/definitions/Reference"
            },
            "reasonCode": {
              "description": "Can be the reason or the indication for writing the prescription.",
              "type": "array",
              "items": {
                "$ref": "CodeableConcept.schema.json#/definitions/CodeableConcept"
              }
            },
            "reasonReference": {
              "description": "Condition or observation that supports why the prescription is being written.",
              "type": "array",
              "items": {
                "$ref": "Reference.schema.json#/definitions/Reference"
              }
            },
            "note": {
              "description": "Extra information about the prescription that could not be conveyed by the other attributes.",
              "type": "array",
              "items": {
                "$ref": "Annotation.schema.json#/definitions/Annotation"
              }
            },
            "category": {
              "description": "Indicates where type of medication order and where the medication is expected to be consumed or administered.",
              "$ref": "CodeableConcept.schema.json#/definitions/CodeableConcept"
            },
            "dosageInstruction": {
              "description": "Indicates how the medication is to be used by the patient.",
              "type": "array",
              "items": {
                "$ref": "DosageInstruction.schema.json#/definitions/DosageInstruction"
              }
            },
            "dispenseRequest": {
              "description": "Indicates the specific details for the dispense or medication supply part of a medication order (also known as a Medication Prescription).  Note that this information is NOT always sent with the order.  There may be in some settings (e.g. hospitals) institutional or system support for completing the dispense details in the pharmacy department.",
              "$ref": "#/definitions/MedicationRequest_DispenseRequest"
            },
            "substitution": {
              "description": "Indicates whether or not substitution can or should be part of the dispense. In some cases substitution must happen, in other cases substitution must not happen, and in others it does not matter. This block explains the prescriber\u0027s intent. If nothing is specified substitution may be done.",
              "$ref": "#/definitions/MedicationRequest_Substitution"
            },
            "priorPrescription": {
              "description": "A link to a resource representing an earlier order related order or prescription.",
              "$ref": "Reference.schema.json#/definitions/Reference"
            },
            "eventHistory": {
              "description": "A summary of the events of interest that have occurred as the request is processed; e.g. when the order was verified or when it was completed.",
              "type": "array",
              "items": {
                "$ref": "Reference.schema.json#/definitions/Reference"
              }
            }
          },
          "required": [
            "stage",
            "patient",
            "resourceType"
          ]
        }
      ]
    },
    "MedicationRequest_DispenseRequest": {
      "allOf": [
        {
          "$ref": "BackboneElement.schema.json#/definitions/BackboneElement"
        },
        {
          "description": "An order for both supply of the medication and the instructions for administration of the medication to a patient. The resource is called \"MedicationRequest\" rather than \"MedicationPrescription\" or \"MedicationOrder\" to generalize the use across inpatient and outpatient settings as well as for care plans, etc and to harmonize with workflow patterns.",
          "properties": {
            "validityPeriod": {
              "description": "This indicates the validity period of a prescription (stale dating the Prescription).",
              "$ref": "Period.schema.json#/definitions/Period"
            },
            "numberOfRepeatsAllowed": {
              "description": "An integer indicating the number of times, in addition to the original dispense, (aka refills or repeats) that the patient can receive the prescribed medication. Usage Notes: This integer does NOT include the original order dispense. This means that if an order indicates dispense 30 tablets plus \"3 repeats\", then the order can be dispensed a total of 4 times and the patient can receive a total of 120 tablets.",
              "type": "number",
              "pattern": "[1-9][0-9]*"
            },
            "_numberOfRepeatsAllowed": {
              "description": "Extensions for numberOfRepeatsAllowed",
              "$ref": "Element.schema.json#/definitions/Element"
            },
            "quantity": {
              "description": "The amount that is to be dispensed for one fill.",
              "$ref": "Quantity.schema.json#/definitions/Quantity"
            },
            "expectedSupplyDuration": {
              "description": "Identifies the period time over which the supplied product is expected to be used, or the length of time the dispense is expected to last.",
              "$ref": "Duration.schema.json#/definitions/Duration"
            },
            "performer": {
              "description": "Indicates the intended dispensing Organization specified by the prescriber.",
              "$ref": "Reference.schema.json#/definitions/Reference"
            }
          }
        }
      ]
    },
    "MedicationRequest_Substitution": {
      "allOf": [
        {
          "$ref": "BackboneElement.schema.json#/definitions/BackboneElement"
        },
        {
          "description": "An order for both supply of the medication and the instructions for administration of the medication to a patient. The resource is called \"MedicationRequest\" rather than \"MedicationPrescription\" or \"MedicationOrder\" to generalize the use across inpatient and outpatient settings as well as for care plans, etc and to harmonize with workflow patterns.",
          "properties": {
            "allowed": {
              "description": "True if the prescriber allows a different drug to be dispensed from what was prescribed.",
              "type": "boolean"
            },
            "_allowed": {
              "description": "Extensions for allowed",
              "$ref": "Element.schema.json#/definitions/Element"
            },
            "reason": {
              "description": "Indicates the reason for the substitution, or why substitution must or must not be performed.",
              "$ref": "CodeableConcept.schema.json#/definitions/CodeableConcept"
            }
          }
        }
      ]
    }
  }
}