<?xml version="1.0" encoding="UTF-8"?>

<StructureDefinition xmlns="http://hl7.org/fhir">
  <id value="questionnaire-category"/>
  <url value="http://hl7.org/fhir/StructureDefinition/questionnaire-category"/>
  <name value="What kind of questionnaire?"/>
  <status value="draft"/>
  <publisher value="HL7"/>
  <contact>
    <telecom>
      <system value="other"/>
      <value value="http://www.hl7.org"/>
    </telecom>
  </contact>
  <date value="2013-07-04T00:00:00-04:00"/>
  <description value="A code that identifies the questionnaire as falling into a particular group of like questionnaires; e.g. &quot;Pediatric&quot;, &quot;Admissions&quot;, &quot;Research&quot;, &quot;Demographic&quot;, &quot;Opinion Survey&quot;, etc."/>
  <fhirVersion value="1.0.2"/>
  <mapping>
    <identity value="rim"/>
    <uri value="http://hl7.org/v3"/>
    <name value="RIM"/>
  </mapping>
  <kind value="complex-type"/>
  <abstract value="false"/>
  <contextType value="resource"/>
  <context value="Questionnaire"/>
  <type value="Extension"/>
  <baseDefinition value="http://hl7.org/fhir/StructureDefinition/Extension"/>
  <derivation value="constraint"/>
  <snapshot>
    <element>
      <path value="Extension"/>
      <short value="What kind of questionnaire?"/>
      <definition value="A code that identifies the questionnaire as falling into a particular group of like questionnaires; e.g. &quot;Pediatric&quot;, &quot;Admissions&quot;, &quot;Research&quot;, &quot;Demographic&quot;, &quot;Opinion Survey&quot;, etc."/>
      <min value="0"/>
      <max value="1"/>
      <base>
        <path value="Extension"/>
        <min value="0"/>
        <max value="*"/>
      </base>
      <mapping>
        <identity value="rim"/>
        <map value="./inboundRelationship[typeCode=SUBJ]/act[classCode=LIST, moodCode=EVN]/code"/>
      </mapping>
    </element>
    <element>
      <path value="Extension.id"/>
      <representation value="xmlAttr"/>
      <short value="xml:id (or equivalent in JSON)"/>
      <definition value="unique id for the element within a resource (for internal references)."/>
      <min value="0"/>
      <max value="1"/>
      <base>
        <path value="Extension.id"/>
        <min value="0"/>
        <max value="1"/>
      </base>
      <type>
        <code value="id"/>
      </type>
      <mapping>
        <identity value="rim"/>
        <map value="n/a"/>
      </mapping>
    </element>
    <element id="extension">
      <path value="Extension.extension"/>
      <sliceName value="extension"/>
      <short value="Extension"/>
      <definition value="An Extension"/>
      <min value="0"/>
      <max value="0"/>
      <base>
        <path value="Extension.extension"/>
        <min value="0"/>
        <max value="*"/>
      </base>
      <type>
        <code value="Extension"/>
      </type>
    </element>
    <element>
      <path value="Extension.url"/>
      <representation value="xmlAttr"/>
      <short value="identifies the meaning of the extension"/>
      <definition value="Source of the definition for the extension code - a logical name or a URL."/>
      <comments value="The definition may point directly to a computable or human-readable definition of the extensibility codes, or it may be a logical URI as declared in some other specification. The definition should be version specific.  This will ideally be the URI for the Resource Profile defining the extension, with the code for the extension after a #."/>
      <min value="1"/>
      <max value="1"/>
      <base>
        <path value="Extension.url"/>
        <min value="1"/>
        <max value="1"/>
      </base>
      <type>
        <code value="uri"/>
      </type>
      <fixedUri value="http://hl7.org/fhir/StructureDefinition/questionnaire-category"/>
      <mapping>
        <identity value="rim"/>
        <map value="N/A"/>
      </mapping>
    </element>
    <element>
      <path value="Extension.valueCodeableConcept"/>
      <short value="Value of extension"/>
      <definition value="Value of extension - may be a resource or one of a constrained set of the data types (see Extensibility in the spec for list)."/>
      <min value="1"/>
      <max value="1"/>
      <base>
        <path value="Extension.value[x]"/>
        <min value="0"/>
        <max value="1"/>
      </base>
      <type>
        <code value="CodeableConcept"/>
      </type>
      <binding>
        <strength value="example"/>
        <description value="Classifications for questionnaires.  Can include such concepts as &quot;intake form&quot;, &quot;opinion survey&quot;, &quot;clinical research questionnaire&quot;, &quot;pediatric&quot;, etc."/>
        <valueSetReference>
          <reference value="http://hl7.org/fhir/ValueSet/questionnaire-category"/>
        </valueSetReference>
      </binding>
      <mapping>
        <identity value="rim"/>
        <map value="N/A"/>
      </mapping>
    </element>
  </snapshot>
  <differential>
    <element>
      <path value="Extension"/>
      <short value="What kind of questionnaire?"/>
      <definition value="A code that identifies the questionnaire as falling into a particular group of like questionnaires; e.g. &quot;Pediatric&quot;, &quot;Admissions&quot;, &quot;Research&quot;, &quot;Demographic&quot;, &quot;Opinion Survey&quot;, etc."/>
      <min value="0"/>
      <max value="1"/>
      <mapping>
        <identity value="rim"/>
        <map value="./inboundRelationship[typeCode=SUBJ]/act[classCode=LIST, moodCode=EVN]/code"/>
      </mapping>
    </element>
    <element id="extension">
      <path value="Extension.extension"/>
      <sliceName value="extension"/>
      <max value="0"/>
    </element>
    <element>
      <path value="Extension.url"/>
      <type>
        <code value="uri"/>
      </type>
      <fixedUri value="http://hl7.org/fhir/StructureDefinition/questionnaire-category"/>
    </element>
    <element>
      <path value="Extension.value[x]"/>
      <min value="1"/>
      <type>
        <code value="CodeableConcept"/>
      </type>
      <binding>
        <strength value="example"/>
        <description value="Classifications for questionnaires.  Can include such concepts as &quot;intake form&quot;, &quot;opinion survey&quot;, &quot;clinical research questionnaire&quot;, &quot;pediatric&quot;, etc."/>
        <valueSetReference>
          <reference value="http://hl7.org/fhir/ValueSet/questionnaire-category"/>
        </valueSetReference>
      </binding>
    </element>
  </differential>
</StructureDefinition>