<?xml version="1.0" encoding="UTF-8"?>

<StructureDefinition xmlns="http://hl7.org/fhir">
  <id value="cqif-guidancerequest"/>
  <text>
    <status value="generated"/>
    <div xmlns="http://www.w3.org/1999/xhtml">to do</div>
  </text>
  <url value="http://hl7.org/fhir/StructureDefinition/cqif-guidancerequest"/>
  <name value="CQIF-GuidanceRequest"/>
  <status value="draft"/>
  <publisher value="Health Level Seven, Inc. - CDS WG"/>
  <contact>
    <telecom>
      <system value="other"/>
      <value value="http://hl7.org/special/committees/dss"/>
    </telecom>
  </contact>
  <date value="2014-01-31T00:00:00-05:00"/>
  <description value="A request for decision support guidance"/>
  <fhirVersion value="1.0.2"/>
  <kind value="resource"/>
  <abstract value="false"/>
  <type value="Basic"/>
  <baseDefinition value="http://hl7.org/fhir/StructureDefinition/Basic"/>
  <derivation value="constraint"/>
  <snapshot>
    <element id="CQIF-GuidanceRequest">
      <path value="Basic"/>
      <sliceName value="CQIF-GuidanceRequest"/>
      <short value="A request for decision support guidance"/>
      <definition value="A guidance request is a derivative of a knowledge request specifically focused on the decision support use case, providing information relevant to decision support such as workflow and user context."/>
      <alias value="Z-resource"/>
      <alias value="Extension-resource"/>
      <alias value="Custom-resource"/>
      <min value="0"/>
      <max value="*"/>
      <base>
        <path value="Basic"/>
        <min value="0"/>
        <max value="*"/>
      </base>
      <isSummary value="true"/>
      <mapping>
        <identity value="rim"/>
        <map value="Act, Entity or Role"/>
      </mapping>
      <mapping>
        <identity value="w5"/>
        <map value="infrastructure.structure"/>
      </mapping>
    </element>
    <element>
      <path value="Basic.id"/>
      <short value="Logical id of this artifact"/>
      <definition value="The logical id of the resource, as used in the URL for the resource. Once assigned, this value never changes."/>
      <comments value="The only time that a resource does not have an id is when it is being submitted to the server using a create operation. Bundles always have an id, though it is usually a generated UUID."/>
      <min value="0"/>
      <max value="1"/>
      <base>
        <path value="Basic.id"/>
        <min value="0"/>
        <max value="1"/>
      </base>
      <type>
        <code value="id"/>
      </type>
      <isSummary value="true"/>
    </element>
    <element>
      <path value="Basic.meta"/>
      <short value="Metadata about the resource"/>
      <definition value="The metadata about the resource. This is content that is maintained by the infrastructure. Changes to the content may not always be associated with version changes to the resource."/>
      <min value="0"/>
      <max value="1"/>
      <base>
        <path value="Basic.meta"/>
        <min value="0"/>
        <max value="1"/>
      </base>
      <type>
        <code value="Meta"/>
      </type>
      <isSummary value="true"/>
    </element>
    <element>
      <path value="Basic.implicitRules"/>
      <short value="A set of rules under which this content was created"/>
      <definition value="A reference to a set of rules that were followed when the resource was constructed, and which must be understood when processing the content."/>
      <comments value="Asserting this rule set restricts the content to be only understood by a limited set of trading partners. This inherently limits the usefulness of the data in the long term. However, the existing health eco-system is highly fractured, and not yet ready to define, collect, and exchange data in a generally computable sense. Wherever possible, implementers and/or specification writers should avoid using this element as much as possible."/>
      <min value="0"/>
      <max value="1"/>
      <base>
        <path value="Basic.implicitRules"/>
        <min value="0"/>
        <max value="1"/>
      </base>
      <type>
        <code value="uri"/>
      </type>
      <isModifier value="true"/>
      <isSummary value="true"/>
    </element>
    <element>
      <path value="Basic.language"/>
      <short value="Language of the resource content"/>
      <definition value="The base language in which the resource is written."/>
      <comments value="Language is provided to support indexing and accessibility (typically, services such as text to speech use the language tag). The html language tag in the narrative applies  to the narrative. The language tag on the resource may be used to specify the language of other presentations generated from the data in the resource  Not all the content has to be in the base language. The Resource.language should not be assumed to apply to the narrative automatically. If a language is specified, it should it also be specified on the div element in the html (see rules in HTML5 for information about the relationship between xml:lang and the html lang attribute)."/>
      <min value="0"/>
      <max value="1"/>
      <base>
        <path value="Basic.language"/>
        <min value="0"/>
        <max value="1"/>
      </base>
      <type>
        <code value="code"/>
      </type>
      <binding>
        <strength value="required"/>
        <description value="A human language."/>
        <valueSetUri value="http://tools.ietf.org/html/bcp47"/>
      </binding>
    </element>
    <element>
      <path value="Basic.text"/>
      <short value="Text summary of the resource, for human interpretation"/>
      <definition value="A human-readable narrative that contains a summary of the resource, and may be used to represent the content of the resource to a human. The narrative need not encode all the structured data, but is required to contain sufficient detail to make it &quot;clinically safe&quot; for a human to just read the narrative. Resource definitions may define what content should be represented in the narrative to ensure clinical safety."/>
      <comments value="Contained resources do not have narrative. Resources that are not contained SHOULD have a narrative."/>
      <alias value="narrative"/>
      <alias value="html"/>
      <alias value="xhtml"/>
      <alias value="display"/>
      <min value="0"/>
      <max value="1"/>
      <base>
        <path value="Basic.text"/>
        <min value="0"/>
        <max value="1"/>
      </base>
      <type>
        <code value="Narrative"/>
      </type>
      <condition value="dom-1"/>
      <mapping>
        <identity value="rim"/>
        <map value="Act.text?"/>
      </mapping>
    </element>
    <element>
      <path value="Basic.contained"/>
      <short value="Contained, inline Resources"/>
      <definition value="These resources do not have an independent existence apart from the resource that contains them - they cannot be identified independently, and nor can they have their own independent transaction scope."/>
      <comments value="This should never be done when the content can be identified properly, as once identification is lost, it is extremely difficult (and context dependent) to restore it again."/>
      <alias value="inline resources"/>
      <alias value="anonymous resources"/>
      <alias value="contained resources"/>
      <min value="0"/>
      <max value="*"/>
      <base>
        <path value="Basic.contained"/>
        <min value="0"/>
        <max value="*"/>
      </base>
      <type>
        <code value="Resource"/>
      </type>
      <mapping>
        <identity value="rim"/>
        <map value="N/A"/>
      </mapping>
    </element>
    <element>
      <path value="Basic.extension"/>
      <slicing>
        <discriminator value="url"/>
        <ordered value="false"/>
        <rules value="open"/>
      </slicing>
      <short value="Extension"/>
      <definition value="An Extension"/>
      <min value="0"/>
      <max value="*"/>
      <base>
        <path value="Basic.extension"/>
        <min value="0"/>
        <max value="*"/>
      </base>
      <type>
        <code value="Extension"/>
      </type>
    </element>
    <element id="initiatingOrganization">
      <path value="Basic.extension"/>
      <sliceName value="initiatingOrganization"/>
      <short value="Extension"/>
      <definition value="An Extension"/>
      <min value="0"/>
      <max value="1"/>
      <base>
        <path value="Basic.extension"/>
        <min value="0"/>
        <max value="*"/>
      </base>
      <type>
        <code value="Extension"/>
        <profile value="http://hl7.org/fhir/StructureDefinition/cqif-basic-guidance-initiatingOrganization"/>
      </type>
    </element>
    <element id="initiatingPerson">
      <path value="Basic.extension"/>
      <sliceName value="initiatingPerson"/>
      <short value="Extension"/>
      <definition value="An Extension"/>
      <min value="0"/>
      <max value="1"/>
      <base>
        <path value="Basic.extension"/>
        <min value="0"/>
        <max value="*"/>
      </base>
      <type>
        <code value="Extension"/>
        <profile value="http://hl7.org/fhir/StructureDefinition/cqif-basic-guidance-initiatingPerson"/>
      </type>
    </element>
    <element id="systemUserType">
      <path value="Basic.extension"/>
      <sliceName value="systemUserType"/>
      <short value="Extension"/>
      <definition value="An Extension"/>
      <min value="0"/>
      <max value="1"/>
      <base>
        <path value="Basic.extension"/>
        <min value="0"/>
        <max value="*"/>
      </base>
      <type>
        <code value="Extension"/>
        <profile value="http://hl7.org/fhir/StructureDefinition/cqif-basic-guidance-systemUserType"/>
      </type>
    </element>
    <element id="systemUserLanguage">
      <path value="Basic.extension"/>
      <sliceName value="systemUserLanguage"/>
      <short value="Extension"/>
      <definition value="An Extension"/>
      <min value="0"/>
      <max value="1"/>
      <base>
        <path value="Basic.extension"/>
        <min value="0"/>
        <max value="*"/>
      </base>
      <type>
        <code value="Extension"/>
        <profile value="http://hl7.org/fhir/StructureDefinition/cqif-basic-guidance-systemUserLanguage"/>
      </type>
    </element>
    <element id="systemUserTaskContext">
      <path value="Basic.extension"/>
      <sliceName value="systemUserTaskContext"/>
      <short value="Extension"/>
      <definition value="An Extension"/>
      <min value="0"/>
      <max value="1"/>
      <base>
        <path value="Basic.extension"/>
        <min value="0"/>
        <max value="*"/>
      </base>
      <type>
        <code value="Extension"/>
        <profile value="http://hl7.org/fhir/StructureDefinition/cqif-basic-guidance-systemUserTaskContext"/>
      </type>
    </element>
    <element id="receivingOrganization">
      <path value="Basic.extension"/>
      <sliceName value="receivingOrganization"/>
      <short value="Extension"/>
      <definition value="An Extension"/>
      <min value="0"/>
      <max value="1"/>
      <base>
        <path value="Basic.extension"/>
        <min value="0"/>
        <max value="*"/>
      </base>
      <type>
        <code value="Extension"/>
        <profile value="http://hl7.org/fhir/StructureDefinition/cqif-basic-guidance-receivingOrganization"/>
      </type>
    </element>
    <element id="receivingPerson">
      <path value="Basic.extension"/>
      <sliceName value="receivingPerson"/>
      <short value="Extension"/>
      <definition value="An Extension"/>
      <min value="0"/>
      <max value="1"/>
      <base>
        <path value="Basic.extension"/>
        <min value="0"/>
        <max value="*"/>
      </base>
      <type>
        <code value="Extension"/>
        <profile value="http://hl7.org/fhir/StructureDefinition/cqif-basic-guidance-receivingPerson"/>
      </type>
    </element>
    <element id="recipientType">
      <path value="Basic.extension"/>
      <sliceName value="recipientType"/>
      <short value="Extension"/>
      <definition value="An Extension"/>
      <min value="0"/>
      <max value="1"/>
      <base>
        <path value="Basic.extension"/>
        <min value="0"/>
        <max value="*"/>
      </base>
      <type>
        <code value="Extension"/>
        <profile value="http://hl7.org/fhir/StructureDefinition/cqif-basic-guidance-recipientType"/>
      </type>
    </element>
    <element id="recipientLanguage">
      <path value="Basic.extension"/>
      <sliceName value="recipientLanguage"/>
      <short value="Extension"/>
      <definition value="An Extension"/>
      <min value="0"/>
      <max value="1"/>
      <base>
        <path value="Basic.extension"/>
        <min value="0"/>
        <max value="*"/>
      </base>
      <type>
        <code value="Extension"/>
        <profile value="http://hl7.org/fhir/StructureDefinition/cqif-basic-guidance-recipientLanguage"/>
      </type>
    </element>
    <element id="encounterClass">
      <path value="Basic.extension"/>
      <sliceName value="encounterClass"/>
      <short value="Extension"/>
      <definition value="An Extension"/>
      <min value="0"/>
      <max value="1"/>
      <base>
        <path value="Basic.extension"/>
        <min value="0"/>
        <max value="*"/>
      </base>
      <type>
        <code value="Extension"/>
        <profile value="http://hl7.org/fhir/StructureDefinition/cqif-basic-guidance-encounterClass"/>
      </type>
    </element>
    <element id="encounterType">
      <path value="Basic.extension"/>
      <sliceName value="encounterType"/>
      <short value="Extension"/>
      <definition value="An Extension"/>
      <min value="0"/>
      <max value="1"/>
      <base>
        <path value="Basic.extension"/>
        <min value="0"/>
        <max value="*"/>
      </base>
      <type>
        <code value="Extension"/>
        <profile value="http://hl7.org/fhir/StructureDefinition/cqif-basic-guidance-encounterType"/>
      </type>
    </element>
    <element>
      <path value="Basic.modifierExtension"/>
      <short value="Extensions that cannot be ignored"/>
      <definition value="May be used to represent additional information that is not part of the basic definition of the resource, and that modifies the understanding of the element that contains it. Usually modifier elements provide negation or qualification. In order to make the use of extensions safe and manageable, there is a strict set of governance applied to the definition and use of extensions. Though any implementer is allowed to define an extension, there is a set of requirements that SHALL be met as part of the definition of the extension. Applications processing a resource are required to check for modifier extensions."/>
      <comments value="There can be no stigma associated with the use of extensions by any application, project, or standard - regardless of the institution or jurisdiction that uses or defines the extensions.  The use of extensions is what allows the FHIR specification to retain a core level of simplicity for everyone."/>
      <alias value="extensions"/>
      <alias value="user content"/>
      <min value="0"/>
      <max value="*"/>
      <base>
        <path value="Basic.modifierExtension"/>
        <min value="0"/>
        <max value="*"/>
      </base>
      <type>
        <code value="Extension"/>
      </type>
      <isModifier value="true"/>
      <mapping>
        <identity value="rim"/>
        <map value="N/A"/>
      </mapping>
    </element>
    <element>
      <path value="Basic.identifier"/>
      <short value="Business identifier"/>
      <definition value="Identifier assigned to the resource for business purposes, outside the context of FHIR."/>
      <min value="0"/>
      <max value="*"/>
      <base>
        <path value="Basic.identifier"/>
        <min value="0"/>
        <max value="*"/>
      </base>
      <type>
        <code value="Identifier"/>
      </type>
      <isSummary value="true"/>
      <mapping>
        <identity value="rim"/>
        <map value="./identifier"/>
      </mapping>
      <mapping>
        <identity value="w5"/>
        <map value="id"/>
      </mapping>
    </element>
    <element>
      <path value="Basic.code"/>
      <short value="Kind of Resource"/>
      <definition value="Identifies the &#39;type&#39; of resource - equivalent to the resource name for other resources."/>
      <comments value="Because resource references will only be able to indicate &#39;Basic&#39;, the type of reference will need to be specified in a Profile identified as part of the resource.  Refer to the resource notes section for information on appropriate terminologies for this code."/>
      <requirements value="Must be able to distinguish different types of &quot;basic&quot; resources."/>
      <min value="1"/>
      <max value="1"/>
      <base>
        <path value="Basic.code"/>
        <min value="1"/>
        <max value="1"/>
      </base>
      <type>
        <code value="CodeableConcept"/>
      </type>
      <isModifier value="true"/>
      <isSummary value="true"/>
      <binding>
        <strength value="example"/>
        <description value="Codes for identifying types of resources not yet defined by FHIR"/>
        <valueSetReference>
          <reference value="http://hl7.org/fhir/ValueSet/basic-resource-type"/>
        </valueSetReference>
      </binding>
      <mapping>
        <identity value="rim"/>
        <map value="./code"/>
      </mapping>
      <mapping>
        <identity value="w5"/>
        <map value="what"/>
      </mapping>
    </element>
    <element>
      <path value="Basic.subject"/>
      <short value="Identifies the focus of this resource"/>
      <definition value="Identifies the patient, practitioner, device or any other resource that is the &quot;focus&quot; of this resource."/>
      <comments value="Optional as not all resources potential resources will have subjects.  Resources associated with multiple subjects can handle this via extension."/>
      <requirements value="Needed for partitioning the resource by Patient."/>
      <min value="0"/>
      <max value="1"/>
      <base>
        <path value="Basic.subject"/>
        <min value="0"/>
        <max value="1"/>
      </base>
      <type>
        <code value="Reference"/>
        <targetProfile value="http://hl7.org/fhir/StructureDefinition/Resource"/>
      </type>
      <isSummary value="true"/>
      <mapping>
        <identity value="rim"/>
        <map value="./participation[typeCode=&#39;SBJ&#39;] (possibly through a ControlAct and Role)"/>
      </mapping>
      <mapping>
        <identity value="w5"/>
        <map value="who.focus"/>
      </mapping>
    </element>
    <element>
      <path value="Basic.author"/>
      <short value="Who created"/>
      <definition value="Indicates who was responsible for creating the resource instance."/>
      <requirements value="Needed for partitioning the resource."/>
      <min value="0"/>
      <max value="1"/>
      <base>
        <path value="Basic.author"/>
        <min value="0"/>
        <max value="1"/>
      </base>
      <type>
        <code value="Reference"/>
        <targetProfile value="http://hl7.org/fhir/StructureDefinition/Practitioner"/>
      </type>
      <type>
        <code value="Reference"/>
        <targetProfile value="http://hl7.org/fhir/StructureDefinition/Patient"/>
      </type>
      <type>
        <code value="Reference"/>
        <targetProfile value="http://hl7.org/fhir/StructureDefinition/RelatedPerson"/>
      </type>
      <isSummary value="true"/>
      <mapping>
        <identity value="rim"/>
        <map value="./participation[typeCode=&#39;SUB&#39;] (possibly through a ControlAct and Role)"/>
      </mapping>
      <mapping>
        <identity value="w5"/>
        <map value="who.author"/>
      </mapping>
    </element>
    <element>
      <path value="Basic.created"/>
      <short value="When created"/>
      <definition value="Identifies when the resource was first created."/>
      <requirements value="Allows ordering resource instances by time."/>
      <min value="0"/>
      <max value="1"/>
      <base>
        <path value="Basic.created"/>
        <min value="0"/>
        <max value="1"/>
      </base>
      <type>
        <code value="date"/>
      </type>
      <isSummary value="true"/>
      <mapping>
        <identity value="rim"/>
        <map value="./participation[typeCode=&#39;AUT&#39;]/time (possibly through a ControlAct and Role)"/>
      </mapping>
      <mapping>
        <identity value="w5"/>
        <map value="when.recorded"/>
      </mapping>
    </element>
  </snapshot>
  <differential>
    <element id="CQIF-GuidanceRequest">
      <path value="Basic"/>
      <sliceName value="CQIF-GuidanceRequest"/>
      <short value="A request for decision support guidance"/>
      <definition value="A guidance request is a derivative of a knowledge request specifically focused on the decision support use case, providing information relevant to decision support such as workflow and user context."/>
      <min value="0"/>
      <max value="*"/>
    </element>
    <element id="initiatingOrganization">
      <path value="Basic.extension"/>
      <sliceName value="initiatingOrganization"/>
      <min value="0"/>
      <max value="1"/>
      <type>
        <code value="Extension"/>
        <profile value="http://hl7.org/fhir/StructureDefinition/cqif-basic-guidance-initiatingOrganization"/>
      </type>
    </element>
    <element id="initiatingPerson">
      <path value="Basic.extension"/>
      <sliceName value="initiatingPerson"/>
      <min value="0"/>
      <max value="1"/>
      <type>
        <code value="Extension"/>
        <profile value="http://hl7.org/fhir/StructureDefinition/cqif-basic-guidance-initiatingPerson"/>
      </type>
    </element>
    <element id="systemUserType">
      <path value="Basic.extension"/>
      <sliceName value="systemUserType"/>
      <min value="0"/>
      <max value="1"/>
      <type>
        <code value="Extension"/>
        <profile value="http://hl7.org/fhir/StructureDefinition/cqif-basic-guidance-systemUserType"/>
      </type>
    </element>
    <element id="systemUserLanguage">
      <path value="Basic.extension"/>
      <sliceName value="systemUserLanguage"/>
      <min value="0"/>
      <max value="1"/>
      <type>
        <code value="Extension"/>
        <profile value="http://hl7.org/fhir/StructureDefinition/cqif-basic-guidance-systemUserLanguage"/>
      </type>
    </element>
    <element id="systemUserTaskContext">
      <path value="Basic.extension"/>
      <sliceName value="systemUserTaskContext"/>
      <min value="0"/>
      <max value="1"/>
      <type>
        <code value="Extension"/>
        <profile value="http://hl7.org/fhir/StructureDefinition/cqif-basic-guidance-systemUserTaskContext"/>
      </type>
    </element>
    <element id="receivingOrganization">
      <path value="Basic.extension"/>
      <sliceName value="receivingOrganization"/>
      <min value="0"/>
      <max value="1"/>
      <type>
        <code value="Extension"/>
        <profile value="http://hl7.org/fhir/StructureDefinition/cqif-basic-guidance-receivingOrganization"/>
      </type>
    </element>
    <element id="receivingPerson">
      <path value="Basic.extension"/>
      <sliceName value="receivingPerson"/>
      <min value="0"/>
      <max value="1"/>
      <type>
        <code value="Extension"/>
        <profile value="http://hl7.org/fhir/StructureDefinition/cqif-basic-guidance-receivingPerson"/>
      </type>
    </element>
    <element id="recipientType">
      <path value="Basic.extension"/>
      <sliceName value="recipientType"/>
      <min value="0"/>
      <max value="1"/>
      <type>
        <code value="Extension"/>
        <profile value="http://hl7.org/fhir/StructureDefinition/cqif-basic-guidance-recipientType"/>
      </type>
    </element>
    <element id="recipientLanguage">
      <path value="Basic.extension"/>
      <sliceName value="recipientLanguage"/>
      <min value="0"/>
      <max value="1"/>
      <type>
        <code value="Extension"/>
        <profile value="http://hl7.org/fhir/StructureDefinition/cqif-basic-guidance-recipientLanguage"/>
      </type>
    </element>
    <element id="encounterClass">
      <path value="Basic.extension"/>
      <sliceName value="encounterClass"/>
      <min value="0"/>
      <max value="1"/>
      <type>
        <code value="Extension"/>
        <profile value="http://hl7.org/fhir/StructureDefinition/cqif-basic-guidance-encounterClass"/>
      </type>
    </element>
    <element id="encounterType">
      <path value="Basic.extension"/>
      <sliceName value="encounterType"/>
      <min value="0"/>
      <max value="1"/>
      <type>
        <code value="Extension"/>
        <profile value="http://hl7.org/fhir/StructureDefinition/cqif-basic-guidance-encounterType"/>
      </type>
    </element>
  </differential>
</StructureDefinition>