<?xml version="1.0" encoding="UTF-8"?>

<StructureDefinition xmlns="http://hl7.org/fhir">
  <id value="allergyintolerance-resolutionAge"/>
  <url value="http://hl7.org/fhir/StructureDefinition/allergyintolerance-resolutionAge"/>
  <name value="Age that the allergy or intolerance resolved"/>
  <title value="resolutionAge"/>
  <status value="draft"/>
  <publisher value="Health Level Seven, Inc. - FHIR WG"/>
  <contact>
    <telecom>
      <system value="other"/>
      <value value="HL7"/>
    </telecom>
  </contact>
  <date value="2015-02-21T00:00:00-05:00"/>
  <description value="The estimated patient age at which the allergy or intolerance resolved. Should be specified only if the status is resolved."/>
  <fhirVersion value="1.0.2"/>
  <kind value="complex-type"/>
  <abstract value="false"/>
  <contextType value="resource"/>
  <context value="AllergyIntolerance"/>
  <type value="Extension"/>
  <baseDefinition value="http://hl7.org/fhir/StructureDefinition/Extension"/>
  <derivation value="constraint"/>
  <snapshot>
    <element>
      <path value="Extension"/>
      <short value="Age that the allergy or intolerance resolved"/>
      <definition value="The estimated patient age at which the allergy or intolerance resolved. Should be specified only if the status is resolved."/>
      <comments value="Removed Date since it is hard to imagine knowing the date an allergy abated. The assertion date is already captured."/>
      <min value="0"/>
      <max value="1"/>
      <base>
        <path value="Extension"/>
        <min value="0"/>
        <max value="*"/>
      </base>
    </element>
    <element>
      <path value="Extension.id"/>
      <representation value="xmlAttr"/>
      <short value="xml:id (or equivalent in JSON)"/>
      <definition value="unique id for the element within a resource (for internal references)."/>
      <min value="0"/>
      <max value="1"/>
      <base>
        <path value="Extension.id"/>
        <min value="0"/>
        <max value="1"/>
      </base>
      <type>
        <code value="id"/>
      </type>
      <mapping>
        <identity value="rim"/>
        <map value="n/a"/>
      </mapping>
    </element>
    <element id="extension">
      <path value="Extension.extension"/>
      <sliceName value="extension"/>
      <short value="Extension"/>
      <definition value="An Extension"/>
      <min value="0"/>
      <max value="0"/>
      <base>
        <path value="Extension.extension"/>
        <min value="0"/>
        <max value="*"/>
      </base>
      <type>
        <code value="Extension"/>
      </type>
    </element>
    <element>
      <path value="Extension.url"/>
      <representation value="xmlAttr"/>
      <short value="identifies the meaning of the extension"/>
      <definition value="Source of the definition for the extension code - a logical name or a URL."/>
      <comments value="The definition may point directly to a computable or human-readable definition of the extensibility codes, or it may be a logical URI as declared in some other specification. The definition should be version specific.  This will ideally be the URI for the Resource Profile defining the extension, with the code for the extension after a #."/>
      <min value="1"/>
      <max value="1"/>
      <base>
        <path value="Extension.url"/>
        <min value="1"/>
        <max value="1"/>
      </base>
      <type>
        <code value="uri"/>
      </type>
      <fixedUri value="http://hl7.org/fhir/StructureDefinition/allergyintolerance-resolutionAge"/>
      <mapping>
        <identity value="rim"/>
        <map value="N/A"/>
      </mapping>
    </element>
    <element id="Age">
      <path value="Extension.valueQuantity"/>
      <sliceName value="Age"/>
      <short value="Value of extension"/>
      <definition value="Value of extension - may be a resource or one of a constrained set of the data types (see Extensibility in the spec for list)."/>
      <comments value="The context of use may frequently define what kind of quantity this is and therefore what kind of units can be used. The context of use may also restrict the values for the comparator."/>
      <min value="1"/>
      <max value="1"/>
      <base>
        <path value="Extension.value[x]"/>
        <min value="0"/>
        <max value="1"/>
      </base>
      <type>
        <code value="Quantity"/>
        <profile value="http://hl7.org/fhir/StructureDefinition/Age"/>
      </type>
      <constraint>
        <extension url="http://hl7.org/fhir/StructureDefinition/structuredefinition-expression">
          <valueString value="code.empty() or system"/>
        </extension>
        <key value="qty-3"/>
        <severity value="error"/>
        <human value="If a code for the unit is present, the system SHALL also be present"/>
        <expression value="code.empty() or system"/>
        <xpath value="not(exists(f:code)) or exists(f:system)"/>
      </constraint>
      <constraint>
        <extension url="http://hl7.org/fhir/StructureDefinition/structuredefinition-expression">
          <valueString value="(code or value.empty()) and (system.empty() or system = %ucum) and (value.empty() or value.contains(&#39;.&#39;).not())"/>
        </extension>
        <key value="age-1"/>
        <severity value="error"/>
        <human value="There SHALL be a code if there is a value and it SHALL be an expression of time.  If system is present, it SHALL be UCUM.  If value is present, it SHALL be positive."/>
        <expression value="(code or value.empty()) and (system.empty() or system = %ucum) and (value.empty() or value.contains(&#39;.&#39;).not())"/>
        <xpath value="(f:code or not(f:value)) and (not(exists(f:system)) or f:system/@value=&#39;http://unitsofmeasure.org&#39;) and not(contains(f:value/@value, &#39;-&#39;))"/>
      </constraint>
      <isSummary value="true"/>
      <mapping>
        <identity value="v2"/>
        <map value="SN (see also Range) or CQ"/>
      </mapping>
      <mapping>
        <identity value="rim"/>
        <map value="PQ, IVL&lt;PQ&gt;, MO, CO, depending on the values"/>
      </mapping>
    </element>
  </snapshot>
  <differential>
    <element>
      <path value="Extension"/>
      <short value="Age that the allergy or intolerance resolved"/>
      <definition value="The estimated patient age at which the allergy or intolerance resolved. Should be specified only if the status is resolved."/>
      <comments value="Removed Date since it is hard to imagine knowing the date an allergy abated. The assertion date is already captured."/>
      <min value="0"/>
      <max value="1"/>
    </element>
    <element id="extension">
      <path value="Extension.extension"/>
      <sliceName value="extension"/>
      <max value="0"/>
    </element>
    <element>
      <path value="Extension.url"/>
      <type>
        <code value="uri"/>
      </type>
      <fixedUri value="http://hl7.org/fhir/StructureDefinition/allergyintolerance-resolutionAge"/>
    </element>
    <element>
      <path value="Extension.value[x]"/>
      <min value="1"/>
      <type>
        <code value="Quantity"/>
        <profile value="http://hl7.org/fhir/StructureDefinition/Age"/>
      </type>
    </element>
  </differential>
</StructureDefinition>