<?xml version="1.0" encoding="UTF-8"?>

<StructureDefinition xmlns="http://hl7.org/fhir">
  <id value="cqif-basic-responseStatus"/>
  <url value="http://hl7.org/fhir/StructureDefinition/cqif-basic-responseStatus"/>
  <name value="The status of the response"/>
  <title value="responseStatus"/>
  <status value="draft"/>
  <publisher value="Health Level Seven, Inc. - CDS WG"/>
  <contact>
    <telecom>
      <system value="other"/>
      <value value="http://hl7.org/special/committees/dss"/>
    </telecom>
  </contact>
  <date value="2015-05-30T00:00:00-04:00"/>
  <description value="The status of the response. If the evaluation is completed successfully, the status will indicate success. However, in order to complete the evaluation, the engine may require more information. In this case, the status will be data-required, and the response will contain a description of the additional required information. If the evaluation completed successfully, but the engine determines that a potentially more accurate response could be provided if more data was available, the status will be data-requested, and the response will contain a description of the additional requested information."/>
  <fhirVersion value="1.0.2"/>
  <kind value="complex-type"/>
  <abstract value="false"/>
  <contextType value="resource"/>
  <context value="Basic"/>
  <type value="Extension"/>
  <baseDefinition value="http://hl7.org/fhir/StructureDefinition/Extension"/>
  <derivation value="constraint"/>
  <snapshot>
    <element>
      <path value="Extension"/>
      <short value="The status of the response"/>
      <definition value="The status of the response. If the evaluation is completed successfully, the status will indicate success. However, in order to complete the evaluation, the engine may require more information. In this case, the status will be data-required, and the response will contain a description of the additional required information. If the evaluation completed successfully, but the engine determines that a potentially more accurate response could be provided if more data was available, the status will be data-requested, and the response will contain a description of the additional requested information."/>
      <min value="1"/>
      <max value="1"/>
      <base>
        <path value="Extension"/>
        <min value="0"/>
        <max value="*"/>
      </base>
      <isModifier value="true"/>
    </element>
    <element>
      <path value="Extension.id"/>
      <representation value="xmlAttr"/>
      <short value="xml:id (or equivalent in JSON)"/>
      <definition value="unique id for the element within a resource (for internal references)."/>
      <min value="0"/>
      <max value="1"/>
      <base>
        <path value="Extension.id"/>
        <min value="0"/>
        <max value="1"/>
      </base>
      <type>
        <code value="id"/>
      </type>
      <mapping>
        <identity value="rim"/>
        <map value="n/a"/>
      </mapping>
    </element>
    <element id="extension">
      <path value="Extension.extension"/>
      <sliceName value="extension"/>
      <short value="Extension"/>
      <definition value="An Extension"/>
      <min value="0"/>
      <max value="0"/>
      <base>
        <path value="Extension.extension"/>
        <min value="0"/>
        <max value="*"/>
      </base>
      <type>
        <code value="Extension"/>
      </type>
    </element>
    <element>
      <path value="Extension.url"/>
      <representation value="xmlAttr"/>
      <short value="identifies the meaning of the extension"/>
      <definition value="Source of the definition for the extension code - a logical name or a URL."/>
      <comments value="The definition may point directly to a computable or human-readable definition of the extensibility codes, or it may be a logical URI as declared in some other specification. The definition should be version specific.  This will ideally be the URI for the Resource Profile defining the extension, with the code for the extension after a #."/>
      <min value="1"/>
      <max value="1"/>
      <base>
        <path value="Extension.url"/>
        <min value="1"/>
        <max value="1"/>
      </base>
      <type>
        <code value="uri"/>
      </type>
      <fixedUri value="http://hl7.org/fhir/StructureDefinition/cqif-basic-responseStatus"/>
      <mapping>
        <identity value="rim"/>
        <map value="N/A"/>
      </mapping>
    </element>
    <element>
      <path value="Extension.valueCode"/>
      <short value="Value of extension"/>
      <definition value="Value of extension - may be a resource or one of a constrained set of the data types (see Extensibility in the spec for list)."/>
      <min value="1"/>
      <max value="1"/>
      <base>
        <path value="Extension.value[x]"/>
        <min value="0"/>
        <max value="1"/>
      </base>
      <type>
        <code value="code"/>
      </type>
      <binding>
        <strength value="required"/>
        <description value="The status of a knowledge response"/>
        <valueSetReference>
          <reference value="http://hl7.org/fhir/ValueSet/cqif-knowledge-response-status"/>
        </valueSetReference>
      </binding>
      <mapping>
        <identity value="rim"/>
        <map value="N/A"/>
      </mapping>
    </element>
  </snapshot>
  <differential>
    <element>
      <path value="Extension"/>
      <short value="The status of the response"/>
      <definition value="The status of the response. If the evaluation is completed successfully, the status will indicate success. However, in order to complete the evaluation, the engine may require more information. In this case, the status will be data-required, and the response will contain a description of the additional required information. If the evaluation completed successfully, but the engine determines that a potentially more accurate response could be provided if more data was available, the status will be data-requested, and the response will contain a description of the additional requested information."/>
      <min value="1"/>
      <max value="1"/>
      <isModifier value="true"/>
    </element>
    <element id="extension">
      <path value="Extension.extension"/>
      <sliceName value="extension"/>
      <max value="0"/>
    </element>
    <element>
      <path value="Extension.url"/>
      <type>
        <code value="uri"/>
      </type>
      <fixedUri value="http://hl7.org/fhir/StructureDefinition/cqif-basic-responseStatus"/>
    </element>
    <element>
      <path value="Extension.value[x]"/>
      <min value="1"/>
      <type>
        <code value="code"/>
      </type>
      <binding>
        <strength value="required"/>
        <description value="The status of a knowledge response"/>
        <valueSetReference>
          <reference value="http://hl7.org/fhir/ValueSet/cqif-knowledge-response-status"/>
        </valueSetReference>
      </binding>
    </element>
  </differential>
</StructureDefinition>