<?xml version="1.0" encoding="UTF-8"?>

<StructureDefinition xmlns="http://hl7.org/fhir">
  <id value="communication-reasonNotPerformed"/>
  <url value="http://hl7.org/fhir/StructureDefinition/communication-reasonNotPerformed"/>
  <name value="Why the communication was not or could not be carried out"/>
  <title value="reasonNotPerformed"/>
  <status value="draft"/>
  <publisher value="Health Level Seven, Inc. - FHIR WG"/>
  <contact>
    <telecom>
      <system value="other"/>
      <value value="HL7"/>
    </telecom>
  </contact>
  <date value="2015-02-21T00:00:00-05:00"/>
  <description value="Explanation for rejection or failure of the communication. Applicable only if the status is suspended, rejected, or failed."/>
  <fhirVersion value="1.0.2"/>
  <kind value="complex-type"/>
  <abstract value="false"/>
  <contextType value="resource"/>
  <context value="Communication"/>
  <type value="Extension"/>
  <baseDefinition value="http://hl7.org/fhir/StructureDefinition/Extension"/>
  <derivation value="constraint"/>
  <snapshot>
    <element>
      <path value="Extension"/>
      <short value="Why the communication was not or could not be carried out"/>
      <definition value="Explanation for rejection or failure of the communication. Applicable only if the status is suspended, rejected, or failed."/>
      <comments value="We need a value set for this field."/>
      <min value="0"/>
      <max value="1"/>
      <base>
        <path value="Extension"/>
        <min value="0"/>
        <max value="*"/>
      </base>
    </element>
    <element>
      <path value="Extension.id"/>
      <representation value="xmlAttr"/>
      <short value="xml:id (or equivalent in JSON)"/>
      <definition value="unique id for the element within a resource (for internal references)."/>
      <min value="0"/>
      <max value="1"/>
      <base>
        <path value="Extension.id"/>
        <min value="0"/>
        <max value="1"/>
      </base>
      <type>
        <code value="id"/>
      </type>
      <mapping>
        <identity value="rim"/>
        <map value="n/a"/>
      </mapping>
    </element>
    <element id="extension">
      <path value="Extension.extension"/>
      <sliceName value="extension"/>
      <short value="Extension"/>
      <definition value="An Extension"/>
      <min value="0"/>
      <max value="0"/>
      <base>
        <path value="Extension.extension"/>
        <min value="0"/>
        <max value="*"/>
      </base>
      <type>
        <code value="Extension"/>
      </type>
    </element>
    <element>
      <path value="Extension.url"/>
      <representation value="xmlAttr"/>
      <short value="identifies the meaning of the extension"/>
      <definition value="Source of the definition for the extension code - a logical name or a URL."/>
      <comments value="The definition may point directly to a computable or human-readable definition of the extensibility codes, or it may be a logical URI as declared in some other specification. The definition should be version specific.  This will ideally be the URI for the Resource Profile defining the extension, with the code for the extension after a #."/>
      <min value="1"/>
      <max value="1"/>
      <base>
        <path value="Extension.url"/>
        <min value="1"/>
        <max value="1"/>
      </base>
      <type>
        <code value="uri"/>
      </type>
      <fixedUri value="http://hl7.org/fhir/StructureDefinition/communication-reasonNotPerformed"/>
      <mapping>
        <identity value="rim"/>
        <map value="N/A"/>
      </mapping>
    </element>
    <element>
      <path value="Extension.valueCodeableConcept"/>
      <short value="Value of extension"/>
      <definition value="Value of extension - may be a resource or one of a constrained set of the data types (see Extensibility in the spec for list)."/>
      <min value="1"/>
      <max value="1"/>
      <base>
        <path value="Extension.value[x]"/>
        <min value="0"/>
        <max value="1"/>
      </base>
      <type>
        <code value="CodeableConcept"/>
      </type>
      <mapping>
        <identity value="rim"/>
        <map value="N/A"/>
      </mapping>
    </element>
  </snapshot>
  <differential>
    <element>
      <path value="Extension"/>
      <short value="Why the communication was not or could not be carried out"/>
      <definition value="Explanation for rejection or failure of the communication. Applicable only if the status is suspended, rejected, or failed."/>
      <comments value="We need a value set for this field."/>
      <min value="0"/>
      <max value="1"/>
    </element>
    <element id="extension">
      <path value="Extension.extension"/>
      <sliceName value="extension"/>
      <max value="0"/>
    </element>
    <element>
      <path value="Extension.url"/>
      <type>
        <code value="uri"/>
      </type>
      <fixedUri value="http://hl7.org/fhir/StructureDefinition/communication-reasonNotPerformed"/>
    </element>
    <element>
      <path value="Extension.value[x]"/>
      <min value="1"/>
      <type>
        <code value="CodeableConcept"/>
      </type>
    </element>
  </differential>
</StructureDefinition>