<?xml version="1.0" encoding="UTF-8"?>

<StructureDefinition xmlns="http://hl7.org/fhir">
  <id value="oid"/>
  <meta>
    <lastUpdated value="2016-05-27T08:57:07.468-04:00"/>
  </meta>
  <text>
    <status value="generated"/>
    <div xmlns="http://www.w3.org/1999/xhtml">to do</div>
  </text>
  <url value="http://hl7.org/fhir/StructureDefinition/oid"/>
  <name value="oid"/>
  <status value="draft"/>
  <publisher value="HL7 FHIR Standard"/>
  <contact>
    <telecom>
      <system value="other"/>
      <value value="http://hl7.org/fhir"/>
    </telecom>
  </contact>
  <date value="2016-05-27T08:57:07-04:00"/>
  <description value="Base StructureDefinition for oid type: An oid represented as a URI"/>
  <fhirVersion value="1.0.2"/>
  <kind value="primitive-type"/>
  <abstract value="false"/>
  <type value="oid"/>
  <baseDefinition value="http://hl7.org/fhir/StructureDefinition/uri"/>
  <derivation value="specialization"/>
  <snapshot>
    <element>
      <path value="uri"/>
      <short value="Primitive Type oid"/>
      <definition value="An oid represented as a URI"/>
      <comments value="RFC 3001. See also ISO/IEC 8824:1990 €"/>
      <min value="0"/>
      <max value="*"/>
      <base>
        <path value="uri"/>
        <min value="0"/>
        <max value="*"/>
      </base>
    </element>
    <element>
      <path value="uri.extension"/>
      <short value="Additional Content defined by implementations"/>
      <definition value="May be used to represent additional information that is not part of the basic definition of the resource. In order to make the use of extensions safe and manageable, there is a strict set of governance  applied to the definition and use of extensions. Though any implementer is allowed to define an extension, there is a set of requirements that SHALL be met as part of the definition of the extension."/>
      <comments value="There can be no stigma associated with the use of extensions by any application, project, or standard - regardless of the institution or jurisdiction that uses or defines the extensions.  The use of extensions is what allows the FHIR specification to retain a core level of simplicity for everyone."/>
      <alias value="extensions"/>
      <alias value="user content"/>
      <min value="0"/>
      <max value="*"/>
      <base>
        <path value="uri.extension"/>
        <min value="0"/>
        <max value="*"/>
      </base>
      <type>
        <code value="Extension"/>
      </type>
    </element>
    <element>
      <path value="uri.value"/>
      <representation value="xmlAttr"/>
      <short value="Primitive value for oid"/>
      <definition value="Primitive value for oid"/>
      <min value="0"/>
      <max value="1"/>
      <base>
        <path value="uri.value"/>
        <min value="0"/>
        <max value="1"/>
      </base>
      <type>
        <extension url="http://hl7.org/fhir/StructureDefinition/structuredefinition-regex">
          <valueString value="urn:oid:(0|[1-9][0-9]*)(\.(0|[1-9][0-9]*))*"/>
        </extension>
        <code>
          <extension url="http://hl7.org/fhir/StructureDefinition/structuredefinition-json-type">
            <valueString value="string"/>
          </extension>
          <extension url="http://hl7.org/fhir/StructureDefinition/structuredefinition-xml-type">
            <valueString value="xs:anyURI+"/>
          </extension>
        </code>
      </type>
    </element>
  </snapshot>
  <differential>
    <element>
      <path value="uri"/>
      <short value="Primitive Type oid"/>
      <definition value="An oid represented as a URI"/>
      <comments value="RFC 3001. See also ISO/IEC 8824:1990 €"/>
      <min value="0"/>
      <max value="*"/>
    </element>
    <element>
      <path value="uri.value"/>
      <representation value="xmlAttr"/>
      <short value="Primitive value for oid"/>
      <definition value="Primitive value for oid"/>
      <min value="0"/>
      <max value="1"/>
      <type>
        <extension url="http://hl7.org/fhir/StructureDefinition/structuredefinition-regex">
          <valueString value="urn:oid:(0|[1-9][0-9]*)(\.(0|[1-9][0-9]*))*"/>
        </extension>
        <code>
          <extension url="http://hl7.org/fhir/StructureDefinition/structuredefinition-json-type">
            <valueString value="string"/>
          </extension>
          <extension url="http://hl7.org/fhir/StructureDefinition/structuredefinition-xml-type">
            <valueString value="xs:anyURI+"/>
          </extension>
        </code>
      </type>
    </element>
  </differential>
</StructureDefinition>