<?xml version="1.0" encoding="UTF-8"?>

<StructureDefinition xmlns="http://hl7.org/fhir">
  <id value="questionnaire-choiceOrientation"/>
  <url value="http://hl7.org/fhir/StructureDefinition/questionnaire-choiceOrientation"/>
  <name value="horizontal | vertical"/>
  <status value="draft"/>
  <publisher value="HL7"/>
  <contact>
    <telecom>
      <system value="other"/>
      <value value="http://www.hl7.org"/>
    </telecom>
  </contact>
  <date value="2013-07-04T00:00:00-04:00"/>
  <description value="Identifies the desired orientation when rendering a list of choices (typically radio-box or check-box lists)."/>
  <fhirVersion value="1.0.2"/>
  <kind value="complex-type"/>
  <abstract value="false"/>
  <contextType value="resource"/>
  <context value="Questionnaire.group.question"/>
  <type value="Extension"/>
  <baseDefinition value="http://hl7.org/fhir/StructureDefinition/Extension"/>
  <derivation value="constraint"/>
  <snapshot>
    <element>
      <path value="Extension"/>
      <short value="horizontal | vertical"/>
      <definition value="Identifies the desired orientation when rendering a list of choices (typically radio-box or check-box lists)."/>
      <comments value="Systems may choose to wrap answers rather than attempting to display them all in one row or column.  Language conventions may determine the order in which the choices are listed (left-to-right or right-to-left, etc.)."/>
      <min value="0"/>
      <max value="1"/>
      <base>
        <path value="Extension"/>
        <min value="0"/>
        <max value="*"/>
      </base>
    </element>
    <element>
      <path value="Extension.id"/>
      <representation value="xmlAttr"/>
      <short value="xml:id (or equivalent in JSON)"/>
      <definition value="unique id for the element within a resource (for internal references)."/>
      <min value="0"/>
      <max value="1"/>
      <base>
        <path value="Extension.id"/>
        <min value="0"/>
        <max value="1"/>
      </base>
      <type>
        <code value="id"/>
      </type>
      <mapping>
        <identity value="rim"/>
        <map value="n/a"/>
      </mapping>
    </element>
    <element id="extension">
      <path value="Extension.extension"/>
      <sliceName value="extension"/>
      <short value="Extension"/>
      <definition value="An Extension"/>
      <min value="0"/>
      <max value="0"/>
      <base>
        <path value="Extension.extension"/>
        <min value="0"/>
        <max value="*"/>
      </base>
      <type>
        <code value="Extension"/>
      </type>
    </element>
    <element>
      <path value="Extension.url"/>
      <representation value="xmlAttr"/>
      <short value="identifies the meaning of the extension"/>
      <definition value="Source of the definition for the extension code - a logical name or a URL."/>
      <comments value="The definition may point directly to a computable or human-readable definition of the extensibility codes, or it may be a logical URI as declared in some other specification. The definition should be version specific.  This will ideally be the URI for the Resource Profile defining the extension, with the code for the extension after a #."/>
      <min value="1"/>
      <max value="1"/>
      <base>
        <path value="Extension.url"/>
        <min value="1"/>
        <max value="1"/>
      </base>
      <type>
        <code value="uri"/>
      </type>
      <fixedUri value="http://hl7.org/fhir/StructureDefinition/questionnaire-choiceOrientation"/>
      <mapping>
        <identity value="rim"/>
        <map value="N/A"/>
      </mapping>
    </element>
    <element>
      <path value="Extension.valueCode"/>
      <short value="Value of extension"/>
      <definition value="Value of extension - may be a resource or one of a constrained set of the data types (see Extensibility in the spec for list)."/>
      <min value="1"/>
      <max value="1"/>
      <base>
        <path value="Extension.value[x]"/>
        <min value="0"/>
        <max value="1"/>
      </base>
      <type>
        <code value="code"/>
      </type>
      <binding>
        <strength value="required"/>
        <description value="Direction in which lists of question options should be displayed"/>
        <valueSetReference>
          <reference value="http://hl7.org/fhir/ValueSet/choice-list-orientation"/>
        </valueSetReference>
      </binding>
      <mapping>
        <identity value="rim"/>
        <map value="N/A"/>
      </mapping>
    </element>
  </snapshot>
  <differential>
    <element>
      <path value="Extension"/>
      <short value="horizontal | vertical"/>
      <definition value="Identifies the desired orientation when rendering a list of choices (typically radio-box or check-box lists)."/>
      <comments value="Systems may choose to wrap answers rather than attempting to display them all in one row or column.  Language conventions may determine the order in which the choices are listed (left-to-right or right-to-left, etc.)."/>
      <min value="0"/>
      <max value="1"/>
    </element>
    <element id="extension">
      <path value="Extension.extension"/>
      <sliceName value="extension"/>
      <max value="0"/>
    </element>
    <element>
      <path value="Extension.url"/>
      <type>
        <code value="uri"/>
      </type>
      <fixedUri value="http://hl7.org/fhir/StructureDefinition/questionnaire-choiceOrientation"/>
    </element>
    <element>
      <path value="Extension.value[x]"/>
      <min value="1"/>
      <type>
        <code value="code"/>
      </type>
      <binding>
        <strength value="required"/>
        <description value="Direction in which lists of question options should be displayed"/>
        <valueSetReference>
          <reference value="http://hl7.org/fhir/ValueSet/choice-list-orientation"/>
        </valueSetReference>
      </binding>
    </element>
  </differential>
</StructureDefinition>